pmid,title,abstract,group,endpoint,timepoint,value,treatment,group_raw
31823848,[Circulating prostate cells and bone marrow micro-metastasis and not treatment modality determine the risk and time to biochemical failure in low risk prostate cancer.].,"INTRODUCTION: Minimal residual disease (MRD) is that which persists after curative treatment for prostate cancer. It has the potential to grow and cause metastasis. The detection of circulating prostate cells (CPCs) and bone marrow micro-metastasis could represent different sub-types of MRD. OBJECTIVE: To determine biochemical failure free survival and time to failure, the presence of circulating prostate cells and bone marrow micro-metastasis in men treated for low risk prostate cancer. HYPOTHESIS: The presence of MRD and not the treatment modality determines the results of therapy. METHODS: Blood and bone marrow samples were taken one month after completing treatment to detect CPCs and micro-metastasis. Patients were classified into three groups; A: CPC negative, micro-metastasis negative, B: CPC negative, micro-metastasis positive and C: CPC positive. Biochemical failure was defined as a PSA >0.2ng/ml after radical prostatectomy and >2.0ng/ml post nadir after radiotherapy. After 10 years of follow up the Kaplan-Meier survival curve was determined and using a flexible adjusted parametric model the mean restricted survival time (MRST) was calculated for all groups. RESULTS: 343 men participated, 183 post surgery and 160 post radiotherapy, 181 (53%) had clinical stage T1 and 162 (47%) clinical stage T2a. There were no differences in treatment results between prostatectomy and radiotherapy. T1 patients had a significantly lower frequency of MRD than T2 patients (20% versus 67% p<0.001). Patients negative for MRD (Group A) had a 97% 10-year survival rate and a MRST to failure of 9.9 years. Men with only micro-metastasis (Group B) had a survival rate similar to Group A during the first five years, afterwards there was increasing treatment failure (late failure). Men positive for CPCs had a high risk of early failure. CONCLUSIONS: The treatment results of surgery and radiotherapy are similar and depend on the sub-type of MRD. Men negative for MRD could be considered cured with a biochemical failure free survival of >95% at 10 years. The sub-type of MRD determines early or late failure and could be useful in the risk classification of patients after curative treatment. INTRODUCCIÓN: En cáncer de próstata de bajo riesgo (CPBR) tratado localmente, la recidiva bioquímica (RB) muestra frecuencias de 9 a 20% considerando su explicación la presencia de enfermedad mínima residual (EMR).OBJETIVO: Establecer pronóstico de supervivencia para RB de formas de EMR detectadas al mes de tratamiento por CPBR.MATERIAL Y MÉTODO: Se invita a participar a hombres con CPBR con indicación de prostatectomía radical o radioterapia, realizando al mes de efectuado el tratamiento la determinación sanguínea de células prostáticas circulantes secundarias (CPCs) y presencia de micrometastasis ósea en biopsia de cadera; así los sujetos fueron clasificados en tres formas de EMR cuales son: 1.-ausencia EMR (CPCs negativo y mM negativo); 2.-micrometástasis ósea presente (incluye CPCs negativo) y 3.-CPCs positivo. Se realiza una vigilancia periódica con antígeno prostático específico consignado los tiempos para RB. Se realiza un análisis de supervivencia de Kaplan-Meier; así como también una regresión flexible paramétrica (FP) valorando predictores tales como edad, tratamiento, etapa T y forma EMR. En ambos análisis de sobrevida para la RB se determina la proporción de supervivencia (PS) así como el tiempo medio de ocurrencia o media restringida (MR).RESULTADOS: Un total de 343 sujetos participaron en estudio con un tiempo máximo de seguimiento de 10 años, 183 post prostatectomia y 160 post-readioterapia. El modelo FP seleccionado con adecuado ajuste, calibración y discriminación; considera sólo como predictores de RB la etapa T y las formas EMR; siendo sus resultados concordantes con análisis de Kaplan-Meier. De este modo la PS para grupo sin EMR es de 96,40 a 93,61% con MR de 9,94 a 9,88 años; grupo micrometástasis ósea presente PS es de 69,60 a 52,07% con MR de 8,42 a 9,02 años; grupo CPCs positivo: PS es de 21,05 a 6,05% y MR de 5,71 a 4,28 años.CONCLUSIÓN: La EMR predice la RB en sujetos con CP de bajo riesgo, no hubo diferencias entre los grupos tratandos con cirugía o radioterapia.",low,biochemical recurrence-free survival,10-year,97%,other,low-risk
31604131,A Multicenter Phase 2 study of Hypofractionated Stereostatic Boost in Intermediate Risk Prostate Carcinoma: A 5-Year Analysis of the CKNO-PRO Trial.,"PURPOSE: The aim of this analysis was to assess the 5-year tolerance and survival in patients undergoing hypofractionated stereotactic boost after external beam radiation therapy (EBRT) for intermediate-risk prostate cancer. METHODS AND MATERIALS: Between August 2010 and April 2013, 76 patients with intermediate-risk prostate carcinoma were included in the study. A first course delivered 46 Gy using conventional fractionation. The second course delivered a boost of 18 Gy (3 × 6 Gy) within 10 days using stereotactic body radiation therapy (SBRT). Gastrointestinal and genitourinary toxicities were assessed according to the National Cancer Institute's Common Terminology Criteria for Adverse Events v4.0. Secondary outcome measures were overall, biochemical relapse-free, and relapse-free survival; prostate-specific antigen kinetics; and patient functional status (urinary and sexual) according to the International Index of Erectile Function and International Prostate Symptom Score questionnaires. RESULTS: Sixty patients (79%) were treated by CyberKnife and 16 (21%) by linear accelerator. Median follow-up was 62 months (range, 29-69). The cumulative incidence of genitourinary and gastrointestinal grade ≥2 toxicities at month 60 after the end of radiation therapy was 1.4% (95% confidence interval [CI], 0.1%-6.6%) and 9.3% (95% CI, 4.1%-17.1%), respectively. Biochemical relapse-free and relapse-free survival rates at 5 years were 87.4% (95% CI, 77.1%-93.2%) and 86.2% (95% CI, 75.8-92.3), respectively. The mean (standard deviation) prostate-specific antigen variation within 3 months and 5 years post-radiation therapy was -1.20 ng/mL/mo (0.79) and -1.30 ng/mL/y (1.05), respectively. There was no significant difference between the International Prostate Symptom quality of life score between inclusion and month 60. For the International Index of Erectile Function, there was a significant difference between inclusion and month 60 (P = .005), with a higher proportion of severe/noninterpretable disorders at 60 months. CONCLUSIONS: The results of the trial demonstrate that the EBRT and SBRT combination is well tolerated and yields good efficacy results. These data provide a good basis for comparing EBRT and brachytherapy boost to EBRT and SBRT boost in future prospective studies.",intermediate,relapse-free survival,5-year,86.20%,Radiotherapy,intermediate-risk
31604131,A Multicenter Phase 2 study of Hypofractionated Stereostatic Boost in Intermediate Risk Prostate Carcinoma: A 5-Year Analysis of the CKNO-PRO Trial.,"PURPOSE: The aim of this analysis was to assess the 5-year tolerance and survival in patients undergoing hypofractionated stereotactic boost after external beam radiation therapy (EBRT) for intermediate-risk prostate cancer. METHODS AND MATERIALS: Between August 2010 and April 2013, 76 patients with intermediate-risk prostate carcinoma were included in the study. A first course delivered 46 Gy using conventional fractionation. The second course delivered a boost of 18 Gy (3 × 6 Gy) within 10 days using stereotactic body radiation therapy (SBRT). Gastrointestinal and genitourinary toxicities were assessed according to the National Cancer Institute's Common Terminology Criteria for Adverse Events v4.0. Secondary outcome measures were overall, biochemical relapse-free, and relapse-free survival; prostate-specific antigen kinetics; and patient functional status (urinary and sexual) according to the International Index of Erectile Function and International Prostate Symptom Score questionnaires. RESULTS: Sixty patients (79%) were treated by CyberKnife and 16 (21%) by linear accelerator. Median follow-up was 62 months (range, 29-69). The cumulative incidence of genitourinary and gastrointestinal grade ≥2 toxicities at month 60 after the end of radiation therapy was 1.4% (95% confidence interval [CI], 0.1%-6.6%) and 9.3% (95% CI, 4.1%-17.1%), respectively. Biochemical relapse-free and relapse-free survival rates at 5 years were 87.4% (95% CI, 77.1%-93.2%) and 86.2% (95% CI, 75.8-92.3), respectively. The mean (standard deviation) prostate-specific antigen variation within 3 months and 5 years post-radiation therapy was -1.20 ng/mL/mo (0.79) and -1.30 ng/mL/y (1.05), respectively. There was no significant difference between the International Prostate Symptom quality of life score between inclusion and month 60. For the International Index of Erectile Function, there was a significant difference between inclusion and month 60 (P = .005), with a higher proportion of severe/noninterpretable disorders at 60 months. CONCLUSIONS: The results of the trial demonstrate that the EBRT and SBRT combination is well tolerated and yields good efficacy results. These data provide a good basis for comparing EBRT and brachytherapy boost to EBRT and SBRT boost in future prospective studies.",intermediate,biochemical relapse-free survival,5-year,87.40%,Radiotherapy,intermediate-risk
31097389,Accuracy of CAPRA-S Score for Predicting Long-Term Biochemical Progression After Radical Prostatectomy.,"BACKGROUND: The Cancer of the Prostate Risk Assessment Postsurgical (CAPRA-S) score is a tool to stratify patients into groups according to their risk for biochemical recurrence after radical prostatectomy. The aim of this study was to assess the accuracy of the CAPRA-S score for predicting biochemical progression at 5 and 10 years in our cohort of patients after radical prostatectomy. PATIENTS AND METHODS: Between June 2004 and December 2015, radical prostatectomy was performed as the main treatment option for patients with localized prostate cancer. Patients who had received adjuvant or neoadjuvant treatment were excluded from this study. Biochemical progression after radical prostatectomy was considered in patients by prostate-specific antigen (PSA) > 0.1 ng/mL after surgery (biochemical persistence) and by at least 2 determinations of PSA > 0.2 ng/mL in those patients with initial undetectable postoperative PSA any time during their follow-up (biochemical failure). Cox proportional hazard model and Kaplan-Meier analysis were used for the statistical analysis. RESULTS: Of 531 patients who underwent radical prostatectomy, 479 met the inclusion criteria. Mean follow-up was 85 months (min-max, 13-153 months). The rate of biochemical progression-free survival at 10 years was 84.2%, 55.1%, and 32.8%, respectively, for high-, intermediate-, and low-risk patients according to the CAPRA-S score. The concordance index for CAPRA-S predicting biochemical progression at 5 years was 0.71 and at 10 years was 0.70. CONCLUSION: The CAPRA-S score is a useful and easy-to-use tool in patients after radical prostatectomy to classify their risk for biochemical progression, thus helping decide if adjuvant treatment should be required.",low,biochemical progression-free survival,10-year,32.80%,Radical Prostatectomy,low-risk
31097389,Accuracy of CAPRA-S Score for Predicting Long-Term Biochemical Progression After Radical Prostatectomy.,"BACKGROUND: The Cancer of the Prostate Risk Assessment Postsurgical (CAPRA-S) score is a tool to stratify patients into groups according to their risk for biochemical recurrence after radical prostatectomy. The aim of this study was to assess the accuracy of the CAPRA-S score for predicting biochemical progression at 5 and 10 years in our cohort of patients after radical prostatectomy. PATIENTS AND METHODS: Between June 2004 and December 2015, radical prostatectomy was performed as the main treatment option for patients with localized prostate cancer. Patients who had received adjuvant or neoadjuvant treatment were excluded from this study. Biochemical progression after radical prostatectomy was considered in patients by prostate-specific antigen (PSA) > 0.1 ng/mL after surgery (biochemical persistence) and by at least 2 determinations of PSA > 0.2 ng/mL in those patients with initial undetectable postoperative PSA any time during their follow-up (biochemical failure). Cox proportional hazard model and Kaplan-Meier analysis were used for the statistical analysis. RESULTS: Of 531 patients who underwent radical prostatectomy, 479 met the inclusion criteria. Mean follow-up was 85 months (min-max, 13-153 months). The rate of biochemical progression-free survival at 10 years was 84.2%, 55.1%, and 32.8%, respectively, for high-, intermediate-, and low-risk patients according to the CAPRA-S score. The concordance index for CAPRA-S predicting biochemical progression at 5 years was 0.71 and at 10 years was 0.70. CONCLUSION: The CAPRA-S score is a useful and easy-to-use tool in patients after radical prostatectomy to classify their risk for biochemical progression, thus helping decide if adjuvant treatment should be required.",intermediate,biochemical progression-free survival,10-year,55.10%,Radical Prostatectomy,intermediate-risk
31097389,Accuracy of CAPRA-S Score for Predicting Long-Term Biochemical Progression After Radical Prostatectomy.,"BACKGROUND: The Cancer of the Prostate Risk Assessment Postsurgical (CAPRA-S) score is a tool to stratify patients into groups according to their risk for biochemical recurrence after radical prostatectomy. The aim of this study was to assess the accuracy of the CAPRA-S score for predicting biochemical progression at 5 and 10 years in our cohort of patients after radical prostatectomy. PATIENTS AND METHODS: Between June 2004 and December 2015, radical prostatectomy was performed as the main treatment option for patients with localized prostate cancer. Patients who had received adjuvant or neoadjuvant treatment were excluded from this study. Biochemical progression after radical prostatectomy was considered in patients by prostate-specific antigen (PSA) > 0.1 ng/mL after surgery (biochemical persistence) and by at least 2 determinations of PSA > 0.2 ng/mL in those patients with initial undetectable postoperative PSA any time during their follow-up (biochemical failure). Cox proportional hazard model and Kaplan-Meier analysis were used for the statistical analysis. RESULTS: Of 531 patients who underwent radical prostatectomy, 479 met the inclusion criteria. Mean follow-up was 85 months (min-max, 13-153 months). The rate of biochemical progression-free survival at 10 years was 84.2%, 55.1%, and 32.8%, respectively, for high-, intermediate-, and low-risk patients according to the CAPRA-S score. The concordance index for CAPRA-S predicting biochemical progression at 5 years was 0.71 and at 10 years was 0.70. CONCLUSION: The CAPRA-S score is a useful and easy-to-use tool in patients after radical prostatectomy to classify their risk for biochemical progression, thus helping decide if adjuvant treatment should be required.",high,biochemical progression-free survival,10-year,84.20%,Radical Prostatectomy,high-risk
31772776,Achieving PSA < 0.2 ng/ml before Radiation Therapy Is a Strong Predictor of Treatment Success in Patients with High-Risk Locally Advanced Prostate Cancer.,"BACKGROUND: To predict long-term treatment outcome of radiation therapy (RT) plus androgen deprivation therapy (ADT) for high-risk locally advanced prostate cancer. METHODS: In total, 204 patients with the National Comprehensive Cancer Network (NCCN) high risk locally advanced prostate cancer (PSA > 20 ng/ml, Gleason score ≧ 8, clinical T stage ≧ 3a) were treated with definitive RT with ADT. Median follow up period was 113 months (IQR: 95-128). Median neoadjuvant ADT and total ADT duration were 7 months (IQR: 6-10) and 27 months (IQR: 14-38), respectively. RESULTS: PSA recurrence-free survival (PSA-RFS), cancer specific survival (CSS), and overall survival (OS) rates at 5 years were 84.1%, 98.5%, and 93.6%, respectively, and 67.9%, 91.2%, and 78.1%, respectively, at 10 years. Pre-RT PSA less than 0.2 ng/ml was associated with superior outcomes of PSA-RFS (HR = 0.42, 95% CI: 0.25-0.70, p = 0.001), CSS (HR = 0.27, 95% CI: 0.09-0.82, p = 0.013), and OS (HR = 0.48, 95% CI: 0.26-0.91, p = 0.021). On multivariate analysis, age (≥70 y.o.) and pre-RT PSA (≥0.2 ng/ml) were factors predictive of poorer OS (p = 0.032) , but iPSA, T stage, Gleason score, number of NCCN high-risk criteria, a combination with anti-androgen therapy and neoadjuvant ADT duration were not predictive of treatment outcome. CONCLUSION: In patient with high-risk prostate cancer, RT plus ADT achieved good oncologic outcomes. PSA < 0.2 ng/ml before radiation therapy is a strong independent predictor for long overall survival.",high,PSA recurrence-free survival,10-year,67.90%,ADT + Std EBRT,high-risk
31772776,Achieving PSA < 0.2 ng/ml before Radiation Therapy Is a Strong Predictor of Treatment Success in Patients with High-Risk Locally Advanced Prostate Cancer.,"BACKGROUND: To predict long-term treatment outcome of radiation therapy (RT) plus androgen deprivation therapy (ADT) for high-risk locally advanced prostate cancer. METHODS: In total, 204 patients with the National Comprehensive Cancer Network (NCCN) high risk locally advanced prostate cancer (PSA > 20 ng/ml, Gleason score ≧ 8, clinical T stage ≧ 3a) were treated with definitive RT with ADT. Median follow up period was 113 months (IQR: 95-128). Median neoadjuvant ADT and total ADT duration were 7 months (IQR: 6-10) and 27 months (IQR: 14-38), respectively. RESULTS: PSA recurrence-free survival (PSA-RFS), cancer specific survival (CSS), and overall survival (OS) rates at 5 years were 84.1%, 98.5%, and 93.6%, respectively, and 67.9%, 91.2%, and 78.1%, respectively, at 10 years. Pre-RT PSA less than 0.2 ng/ml was associated with superior outcomes of PSA-RFS (HR = 0.42, 95% CI: 0.25-0.70, p = 0.001), CSS (HR = 0.27, 95% CI: 0.09-0.82, p = 0.013), and OS (HR = 0.48, 95% CI: 0.26-0.91, p = 0.021). On multivariate analysis, age (≥70 y.o.) and pre-RT PSA (≥0.2 ng/ml) were factors predictive of poorer OS (p = 0.032) , but iPSA, T stage, Gleason score, number of NCCN high-risk criteria, a combination with anti-androgen therapy and neoadjuvant ADT duration were not predictive of treatment outcome. CONCLUSION: In patient with high-risk prostate cancer, RT plus ADT achieved good oncologic outcomes. PSA < 0.2 ng/ml before radiation therapy is a strong independent predictor for long overall survival.",high,overall survival,10-year,78.10%,ADT + Std EBRT,high-risk
31772776,Achieving PSA < 0.2 ng/ml before Radiation Therapy Is a Strong Predictor of Treatment Success in Patients with High-Risk Locally Advanced Prostate Cancer.,"BACKGROUND: To predict long-term treatment outcome of radiation therapy (RT) plus androgen deprivation therapy (ADT) for high-risk locally advanced prostate cancer. METHODS: In total, 204 patients with the National Comprehensive Cancer Network (NCCN) high risk locally advanced prostate cancer (PSA > 20 ng/ml, Gleason score ≧ 8, clinical T stage ≧ 3a) were treated with definitive RT with ADT. Median follow up period was 113 months (IQR: 95-128). Median neoadjuvant ADT and total ADT duration were 7 months (IQR: 6-10) and 27 months (IQR: 14-38), respectively. RESULTS: PSA recurrence-free survival (PSA-RFS), cancer specific survival (CSS), and overall survival (OS) rates at 5 years were 84.1%, 98.5%, and 93.6%, respectively, and 67.9%, 91.2%, and 78.1%, respectively, at 10 years. Pre-RT PSA less than 0.2 ng/ml was associated with superior outcomes of PSA-RFS (HR = 0.42, 95% CI: 0.25-0.70, p = 0.001), CSS (HR = 0.27, 95% CI: 0.09-0.82, p = 0.013), and OS (HR = 0.48, 95% CI: 0.26-0.91, p = 0.021). On multivariate analysis, age (≥70 y.o.) and pre-RT PSA (≥0.2 ng/ml) were factors predictive of poorer OS (p = 0.032) , but iPSA, T stage, Gleason score, number of NCCN high-risk criteria, a combination with anti-androgen therapy and neoadjuvant ADT duration were not predictive of treatment outcome. CONCLUSION: In patient with high-risk prostate cancer, RT plus ADT achieved good oncologic outcomes. PSA < 0.2 ng/ml before radiation therapy is a strong independent predictor for long overall survival.",high,cancer-specific survival,10-year,91.20%,ADT + Std EBRT,high-risk
31772776,Achieving PSA < 0.2 ng/ml before Radiation Therapy Is a Strong Predictor of Treatment Success in Patients with High-Risk Locally Advanced Prostate Cancer.,"BACKGROUND: To predict long-term treatment outcome of radiation therapy (RT) plus androgen deprivation therapy (ADT) for high-risk locally advanced prostate cancer. METHODS: In total, 204 patients with the National Comprehensive Cancer Network (NCCN) high risk locally advanced prostate cancer (PSA > 20 ng/ml, Gleason score ≧ 8, clinical T stage ≧ 3a) were treated with definitive RT with ADT. Median follow up period was 113 months (IQR: 95-128). Median neoadjuvant ADT and total ADT duration were 7 months (IQR: 6-10) and 27 months (IQR: 14-38), respectively. RESULTS: PSA recurrence-free survival (PSA-RFS), cancer specific survival (CSS), and overall survival (OS) rates at 5 years were 84.1%, 98.5%, and 93.6%, respectively, and 67.9%, 91.2%, and 78.1%, respectively, at 10 years. Pre-RT PSA less than 0.2 ng/ml was associated with superior outcomes of PSA-RFS (HR = 0.42, 95% CI: 0.25-0.70, p = 0.001), CSS (HR = 0.27, 95% CI: 0.09-0.82, p = 0.013), and OS (HR = 0.48, 95% CI: 0.26-0.91, p = 0.021). On multivariate analysis, age (≥70 y.o.) and pre-RT PSA (≥0.2 ng/ml) were factors predictive of poorer OS (p = 0.032) , but iPSA, T stage, Gleason score, number of NCCN high-risk criteria, a combination with anti-androgen therapy and neoadjuvant ADT duration were not predictive of treatment outcome. CONCLUSION: In patient with high-risk prostate cancer, RT plus ADT achieved good oncologic outcomes. PSA < 0.2 ng/ml before radiation therapy is a strong independent predictor for long overall survival.",high,PSA recurrence-free survival,5-year,84.10%,ADT + Std EBRT,high-risk
31772776,Achieving PSA < 0.2 ng/ml before Radiation Therapy Is a Strong Predictor of Treatment Success in Patients with High-Risk Locally Advanced Prostate Cancer.,"BACKGROUND: To predict long-term treatment outcome of radiation therapy (RT) plus androgen deprivation therapy (ADT) for high-risk locally advanced prostate cancer. METHODS: In total, 204 patients with the National Comprehensive Cancer Network (NCCN) high risk locally advanced prostate cancer (PSA > 20 ng/ml, Gleason score ≧ 8, clinical T stage ≧ 3a) were treated with definitive RT with ADT. Median follow up period was 113 months (IQR: 95-128). Median neoadjuvant ADT and total ADT duration were 7 months (IQR: 6-10) and 27 months (IQR: 14-38), respectively. RESULTS: PSA recurrence-free survival (PSA-RFS), cancer specific survival (CSS), and overall survival (OS) rates at 5 years were 84.1%, 98.5%, and 93.6%, respectively, and 67.9%, 91.2%, and 78.1%, respectively, at 10 years. Pre-RT PSA less than 0.2 ng/ml was associated with superior outcomes of PSA-RFS (HR = 0.42, 95% CI: 0.25-0.70, p = 0.001), CSS (HR = 0.27, 95% CI: 0.09-0.82, p = 0.013), and OS (HR = 0.48, 95% CI: 0.26-0.91, p = 0.021). On multivariate analysis, age (≥70 y.o.) and pre-RT PSA (≥0.2 ng/ml) were factors predictive of poorer OS (p = 0.032) , but iPSA, T stage, Gleason score, number of NCCN high-risk criteria, a combination with anti-androgen therapy and neoadjuvant ADT duration were not predictive of treatment outcome. CONCLUSION: In patient with high-risk prostate cancer, RT plus ADT achieved good oncologic outcomes. PSA < 0.2 ng/ml before radiation therapy is a strong independent predictor for long overall survival.",high,overall survival,5-year,93.60%,ADT + Std EBRT,high-risk
31772776,Achieving PSA < 0.2 ng/ml before Radiation Therapy Is a Strong Predictor of Treatment Success in Patients with High-Risk Locally Advanced Prostate Cancer.,"BACKGROUND: To predict long-term treatment outcome of radiation therapy (RT) plus androgen deprivation therapy (ADT) for high-risk locally advanced prostate cancer. METHODS: In total, 204 patients with the National Comprehensive Cancer Network (NCCN) high risk locally advanced prostate cancer (PSA > 20 ng/ml, Gleason score ≧ 8, clinical T stage ≧ 3a) were treated with definitive RT with ADT. Median follow up period was 113 months (IQR: 95-128). Median neoadjuvant ADT and total ADT duration were 7 months (IQR: 6-10) and 27 months (IQR: 14-38), respectively. RESULTS: PSA recurrence-free survival (PSA-RFS), cancer specific survival (CSS), and overall survival (OS) rates at 5 years were 84.1%, 98.5%, and 93.6%, respectively, and 67.9%, 91.2%, and 78.1%, respectively, at 10 years. Pre-RT PSA less than 0.2 ng/ml was associated with superior outcomes of PSA-RFS (HR = 0.42, 95% CI: 0.25-0.70, p = 0.001), CSS (HR = 0.27, 95% CI: 0.09-0.82, p = 0.013), and OS (HR = 0.48, 95% CI: 0.26-0.91, p = 0.021). On multivariate analysis, age (≥70 y.o.) and pre-RT PSA (≥0.2 ng/ml) were factors predictive of poorer OS (p = 0.032) , but iPSA, T stage, Gleason score, number of NCCN high-risk criteria, a combination with anti-androgen therapy and neoadjuvant ADT duration were not predictive of treatment outcome. CONCLUSION: In patient with high-risk prostate cancer, RT plus ADT achieved good oncologic outcomes. PSA < 0.2 ng/ml before radiation therapy is a strong independent predictor for long overall survival.",high,cancer-specific survival,5-year,98.50%,ADT + Std EBRT,high-risk
30240689,Active Surveillance for Localized Prostate Cancer: Nationwide Observational Study.,"PURPOSE: The objective of this study was to investigate nationwide survival outcomes in men with localized prostate cancer managed on active surveillance. MATERIALS AND METHODS: A total of 936 men with localized prostate cancer were initiated on active surveillance in Denmark in 2002 to 2012. Kaplan-Meier estimated curative treatment-free, hormonal therapy-free, castration resistant prostate cancer-free and cause specific survival was calculated. RESULTS: Prostate cancer was classified as very low risk in 223 men, low risk in 436, intermediate risk in 259 (87% were at favorable intermediate risk) and high risk in 18. Median followup was 7.5 years (IQR 6.1-9.1). Kaplan-Meier estimated 10-year curative treatment-free survival was 62.8% (95% CI 59.1-66.3), 10-year hormonal therapy-free survival was 92.2% (95% CI 89.2-94.4), 10-year castration resistant prostate cancer-free survival was 97.2% (95% CI 95.3-98.4) and 10-year cause specific survival was 99.6% (95% CI 98.6-99.9). Compared to men with low risk prostate cancer, those with intermediate risk prostate cancer had higher curative treatment-free survival (69% vs 56%, p = 0.008), lower hormonal therapy-free survival (88% vs 95%, p = 0.005) and similar castration resistant prostate cancer-free survival (95% vs 99%, p = 0.17). CONCLUSIONS: In this nationwide cohort 10-year cause specific survival was similar to that in prospective active surveillance cohorts. Our study supports the use of active surveillance in men with localized prostate cancer, including men with favorable intermediate risk characteristics.",intermediate,hormonal therapy-free survival,10-year,88%,other,intermediate-risk
30240689,Active Surveillance for Localized Prostate Cancer: Nationwide Observational Study.,"PURPOSE: The objective of this study was to investigate nationwide survival outcomes in men with localized prostate cancer managed on active surveillance. MATERIALS AND METHODS: A total of 936 men with localized prostate cancer were initiated on active surveillance in Denmark in 2002 to 2012. Kaplan-Meier estimated curative treatment-free, hormonal therapy-free, castration resistant prostate cancer-free and cause specific survival was calculated. RESULTS: Prostate cancer was classified as very low risk in 223 men, low risk in 436, intermediate risk in 259 (87% were at favorable intermediate risk) and high risk in 18. Median followup was 7.5 years (IQR 6.1-9.1). Kaplan-Meier estimated 10-year curative treatment-free survival was 62.8% (95% CI 59.1-66.3), 10-year hormonal therapy-free survival was 92.2% (95% CI 89.2-94.4), 10-year castration resistant prostate cancer-free survival was 97.2% (95% CI 95.3-98.4) and 10-year cause specific survival was 99.6% (95% CI 98.6-99.9). Compared to men with low risk prostate cancer, those with intermediate risk prostate cancer had higher curative treatment-free survival (69% vs 56%, p = 0.008), lower hormonal therapy-free survival (88% vs 95%, p = 0.005) and similar castration resistant prostate cancer-free survival (95% vs 99%, p = 0.17). CONCLUSIONS: In this nationwide cohort 10-year cause specific survival was similar to that in prospective active surveillance cohorts. Our study supports the use of active surveillance in men with localized prostate cancer, including men with favorable intermediate risk characteristics.",low,hormonal therapy-free survival,10-year,95%,other,low-risk
30880568,Age-dependent overall survival benefit of androgen deprivation therapy for metastatic prostate cancer.,"BACKGROUND: Androgen deprivation therapy (ADT) remains a standard of care in metastatic prostate cancer. Recent prospective trials have explored addition of chemotherapy to ADT. We retrospectively examined overall survival in metastatic prostate cancer patients treated with ADT, chemotherapy plus ADT (C + ADT), or observation from 2004 to 2010 using National Cancer Database data. METHODS: Using the National Cancer Database, 21,977 patients with metastatic prostate cancer diagnosed from 2004 to 2010 were identified. Multivariate logistic regression, Kaplan-Meier survival analysis and Cox proportional hazards regression modeling were implemented, with overall survival as the primary endpoint. RESULTS: Five-year overall survival was 13.6% in patients aged ≥ 75 years vs. 30.1% (age 65-74) and 34.5% (age 18-64). Subgroup analysis of age-based cohorts (<65 and ≥65 years) showed poor overall survival for C + ADT vs. ADT alone, both in younger (HR 1.35, 95% CI 1.21-1.50; p < 0.0001) as well as older (HR 1.21, 95% CI 1.08-1.34; p = 0.0006) populations. Younger patients had no significant difference in overall survival for observation vs. ADT (HR 0.99, 95% CI 0.92-1.08; p = 0.9121). Besides age, other factors impacting overall survival included race, rural/urban settings, comorbidity score, income, PSA and radiation. DISCUSSION: Younger patients had no significant difference in overall survival between observation or ADT. This implies a group of younger patients in whom ADT does not confer any overall survival benefit. Future clinical trials with genetic and biologic markers are needed to delineate which subgroups would not benefit from C + ADT or ADT alone. This is of utmost clinical importance given the negative impact of ADT on quality of life and comorbidities.",high,overall survival,5-year,30.10%,other,high-risk
30880568,Age-dependent overall survival benefit of androgen deprivation therapy for metastatic prostate cancer.,"BACKGROUND: Androgen deprivation therapy (ADT) remains a standard of care in metastatic prostate cancer. Recent prospective trials have explored addition of chemotherapy to ADT. We retrospectively examined overall survival in metastatic prostate cancer patients treated with ADT, chemotherapy plus ADT (C + ADT), or observation from 2004 to 2010 using National Cancer Database data. METHODS: Using the National Cancer Database, 21,977 patients with metastatic prostate cancer diagnosed from 2004 to 2010 were identified. Multivariate logistic regression, Kaplan-Meier survival analysis and Cox proportional hazards regression modeling were implemented, with overall survival as the primary endpoint. RESULTS: Five-year overall survival was 13.6% in patients aged ≥ 75 years vs. 30.1% (age 65-74) and 34.5% (age 18-64). Subgroup analysis of age-based cohorts (<65 and ≥65 years) showed poor overall survival for C + ADT vs. ADT alone, both in younger (HR 1.35, 95% CI 1.21-1.50; p < 0.0001) as well as older (HR 1.21, 95% CI 1.08-1.34; p = 0.0006) populations. Younger patients had no significant difference in overall survival for observation vs. ADT (HR 0.99, 95% CI 0.92-1.08; p = 0.9121). Besides age, other factors impacting overall survival included race, rural/urban settings, comorbidity score, income, PSA and radiation. DISCUSSION: Younger patients had no significant difference in overall survival between observation or ADT. This implies a group of younger patients in whom ADT does not confer any overall survival benefit. Future clinical trials with genetic and biologic markers are needed to delineate which subgroups would not benefit from C + ADT or ADT alone. This is of utmost clinical importance given the negative impact of ADT on quality of life and comorbidities.",high,overall survival,5-year,34.50%,other,high-risk
31153759,"Biochemical outcomes and predictive factors by risk group after permanent iodine-125 seed implantation: Prospective cohort study in 2,316 patients.","PURPOSE: To evaluate the biochemical freedom from failure (bFFF) by risk group and treatment modality and the predictive factors of bFFF by risk group in patients with prostate cancer undergoing permanent seed implantation (PI) with or without external beam radiation therapy (EBRT) in a nationwide prospective cohort study (Japanese Prostate Cancer Outcome Study of Permanent Iodine-125 [I-125] Seed Implantation) in Japan during the first 2 years. METHODS AND MATERIALS: The analyses included 2,316 participants in 42 institutions; bFFF was evaluated using the Phoenix definition and calculated using the Kaplan-Meier method, and the Cox proportional hazards model was used to identify the factors associated with bFFF. RESULTS: Median followup period was 60.0 months. The 5-year bFFF rates in all patients, 1,028 low-risk patients, 1,114 intermediate-risk patients, and 133 high-risk patients were 93.6%, 94.9%, 92.7%, and 91.1%, respectively. The 5-year bFFF rates in the PI group and EBRT combination therapy group were 93.7% and 93.3%, respectively. In a multivariate analysis, younger age, higher Gleason score (GS), higher percent positive biopsies (%PB), and lower prostate V100 (p = 0.0012, 0.0030, 0.0026, and 0.0368) in all patients; younger age, higher pretreatment prostate-specific antigen, and lower prostate V100 (p = 0.0002, 0.0048, and 0.0012) in low-risk patients; higher GS, higher %PB, and no hormonal treatment (p = 0.0005, 0.0120, and 0.0022) in intermediate-risk patients; and higher GS and higher %PB (p = 0.0329 and 0.0120) in high-risk patients were significantly associated with bFFF. CONCLUSIONS: PI with or without EBRT resulted in excellent short-term biochemical outcomes in all risk groups, especially in high-risk patients. Age, pretreatment prostate-specific antigen, and prostate V100 in low-risk patients; GS, %PB, and hormonal treatment in intermediate-risk patients; and GS and %PB in high-risk patients were independently affected bFFF.",high,biochemical freedom from failure,5-year,91.10%,other,high-risk
31153759,"Biochemical outcomes and predictive factors by risk group after permanent iodine-125 seed implantation: Prospective cohort study in 2,316 patients.","PURPOSE: To evaluate the biochemical freedom from failure (bFFF) by risk group and treatment modality and the predictive factors of bFFF by risk group in patients with prostate cancer undergoing permanent seed implantation (PI) with or without external beam radiation therapy (EBRT) in a nationwide prospective cohort study (Japanese Prostate Cancer Outcome Study of Permanent Iodine-125 [I-125] Seed Implantation) in Japan during the first 2 years. METHODS AND MATERIALS: The analyses included 2,316 participants in 42 institutions; bFFF was evaluated using the Phoenix definition and calculated using the Kaplan-Meier method, and the Cox proportional hazards model was used to identify the factors associated with bFFF. RESULTS: Median followup period was 60.0 months. The 5-year bFFF rates in all patients, 1,028 low-risk patients, 1,114 intermediate-risk patients, and 133 high-risk patients were 93.6%, 94.9%, 92.7%, and 91.1%, respectively. The 5-year bFFF rates in the PI group and EBRT combination therapy group were 93.7% and 93.3%, respectively. In a multivariate analysis, younger age, higher Gleason score (GS), higher percent positive biopsies (%PB), and lower prostate V100 (p = 0.0012, 0.0030, 0.0026, and 0.0368) in all patients; younger age, higher pretreatment prostate-specific antigen, and lower prostate V100 (p = 0.0002, 0.0048, and 0.0012) in low-risk patients; higher GS, higher %PB, and no hormonal treatment (p = 0.0005, 0.0120, and 0.0022) in intermediate-risk patients; and higher GS and higher %PB (p = 0.0329 and 0.0120) in high-risk patients were significantly associated with bFFF. CONCLUSIONS: PI with or without EBRT resulted in excellent short-term biochemical outcomes in all risk groups, especially in high-risk patients. Age, pretreatment prostate-specific antigen, and prostate V100 in low-risk patients; GS, %PB, and hormonal treatment in intermediate-risk patients; and GS and %PB in high-risk patients were independently affected bFFF.",intermediate,biochemical freedom from failure,5-year,92.70%,other,intermediate-risk
31153759,"Biochemical outcomes and predictive factors by risk group after permanent iodine-125 seed implantation: Prospective cohort study in 2,316 patients.","PURPOSE: To evaluate the biochemical freedom from failure (bFFF) by risk group and treatment modality and the predictive factors of bFFF by risk group in patients with prostate cancer undergoing permanent seed implantation (PI) with or without external beam radiation therapy (EBRT) in a nationwide prospective cohort study (Japanese Prostate Cancer Outcome Study of Permanent Iodine-125 [I-125] Seed Implantation) in Japan during the first 2 years. METHODS AND MATERIALS: The analyses included 2,316 participants in 42 institutions; bFFF was evaluated using the Phoenix definition and calculated using the Kaplan-Meier method, and the Cox proportional hazards model was used to identify the factors associated with bFFF. RESULTS: Median followup period was 60.0 months. The 5-year bFFF rates in all patients, 1,028 low-risk patients, 1,114 intermediate-risk patients, and 133 high-risk patients were 93.6%, 94.9%, 92.7%, and 91.1%, respectively. The 5-year bFFF rates in the PI group and EBRT combination therapy group were 93.7% and 93.3%, respectively. In a multivariate analysis, younger age, higher Gleason score (GS), higher percent positive biopsies (%PB), and lower prostate V100 (p = 0.0012, 0.0030, 0.0026, and 0.0368) in all patients; younger age, higher pretreatment prostate-specific antigen, and lower prostate V100 (p = 0.0002, 0.0048, and 0.0012) in low-risk patients; higher GS, higher %PB, and no hormonal treatment (p = 0.0005, 0.0120, and 0.0022) in intermediate-risk patients; and higher GS and higher %PB (p = 0.0329 and 0.0120) in high-risk patients were significantly associated with bFFF. CONCLUSIONS: PI with or without EBRT resulted in excellent short-term biochemical outcomes in all risk groups, especially in high-risk patients. Age, pretreatment prostate-specific antigen, and prostate V100 in low-risk patients; GS, %PB, and hormonal treatment in intermediate-risk patients; and GS and %PB in high-risk patients were independently affected bFFF.",low,biochemical freedom from failure,5-year,94.90%,other,low-risk
31745702,Cell cycle progression score improves risk stratification in prostate cancer patients with adverse pathology after radical prostatectomy.,"OBJECTIVE: To assess the use of the cell cycle progression (CCP) score versus actual risk stratification practice in making treatment decisions for prostate cancer patients with locally adverse pathology after radical prostatectomy (RP). PATIENTS AND METHODS: Men with adverse pathologic features, pT3 or positive surgical margins who underwent RP in 2010-2014 at Renji hospital were retrospectively analyzed. The primary outcome was biochemical recurrence (BCR) after RP. RNA was quantified from paraffin-embedded RP specimens. The CCP score was calculated as average expression of 31 CCP genes, normalized to 15 housekeeper genes. The prognostic utility of the CCP score was assessed using Kaplan-Meier analysis and multivariable Cox proportional hazards model. RESULTS: Among the 100 men identified, 5-year BCR-free survival for the low- (< 0), intermediate- (0-1) and high- (> 1) CCP score groups was 89.3%, 38.8%, and 12.9%, respectively. In multivariable models adjusting for clinical and pathological variables with the cancer of the prostate risk assessment post-surgical (CAPRA-S) score, both continuous CCP score [hazard ratio (HR) 1.373 per unit score, 95% confidence interval (CI) 1.006-1.874; p = 0.046) and the categorized CCP score (p < 0.001)were independent predictors of BCR. CONCLUSIONS: The present study provides insights into the role the CCP score plays in risk stratification of this cohort and in determining candidacy for deferred secondary treatment. From our perspective, the CCP score allows better stratification and can help identifying patients at lower risk of disease recurrence who could benefit from a wait-and-see policy.",intermediate,biochemical recurrence-free survival,5-year,38.80%,Radical Prostatectomy,intermediate-risk
31745702,Cell cycle progression score improves risk stratification in prostate cancer patients with adverse pathology after radical prostatectomy.,"OBJECTIVE: To assess the use of the cell cycle progression (CCP) score versus actual risk stratification practice in making treatment decisions for prostate cancer patients with locally adverse pathology after radical prostatectomy (RP). PATIENTS AND METHODS: Men with adverse pathologic features, pT3 or positive surgical margins who underwent RP in 2010-2014 at Renji hospital were retrospectively analyzed. The primary outcome was biochemical recurrence (BCR) after RP. RNA was quantified from paraffin-embedded RP specimens. The CCP score was calculated as average expression of 31 CCP genes, normalized to 15 housekeeper genes. The prognostic utility of the CCP score was assessed using Kaplan-Meier analysis and multivariable Cox proportional hazards model. RESULTS: Among the 100 men identified, 5-year BCR-free survival for the low- (< 0), intermediate- (0-1) and high- (> 1) CCP score groups was 89.3%, 38.8%, and 12.9%, respectively. In multivariable models adjusting for clinical and pathological variables with the cancer of the prostate risk assessment post-surgical (CAPRA-S) score, both continuous CCP score [hazard ratio (HR) 1.373 per unit score, 95% confidence interval (CI) 1.006-1.874; p = 0.046) and the categorized CCP score (p < 0.001)were independent predictors of BCR. CONCLUSIONS: The present study provides insights into the role the CCP score plays in risk stratification of this cohort and in determining candidacy for deferred secondary treatment. From our perspective, the CCP score allows better stratification and can help identifying patients at lower risk of disease recurrence who could benefit from a wait-and-see policy.",low,biochemical recurrence-free survival,5-year,89.30%,Radical Prostatectomy,low-risk
30476164,Clinical outcome of high dose rate brachytherapy with external beam radiotherapy for high-risk prostate cancer: a single institutional retrospective study.,": This study investigated the clinical outcome of neoadjuvant androgen deprivation therapy followed by high dose rate brachytherapy (HDR-BT, called NEH) with external beam radiotherapy (EBRT) in high-risk prostate cancer (PCa) patients in our institution. : From 2007 to 2012, 192 high-risk PCa patients underwent neoadjuvant treatment-EBRT-NEH ( n = 192). Relations between clinical factors (prostate-specific antigen; PSA, cT stage, Gleason score) and biochemical recurrence were retrospectively analyzed. : The 5- and 7-year overall survival rates were 97.9 and 91.1%. By PSA levels (PSA 20 ng/ml, 20 ng/ml < PSA≤50 ng/ml and PSA > 50 ng/ml), 5-year biochemical recurrence-free survival rates were 85.7, 84.7 and 54.5%, respectively. There were no significant differences between biochemical recurrence and cT stage or Gleason score. : We found that NEH can contribute to better biochemical recurrence free survival of high-risk PCa patients with PSA below 50 ng/ml. High-risk PCa patients with PSA over 50 ng/ml may require more aggressive local or systemic treatment.",high,biochemical recurrence-free survival,5-year,54.50%,ADT + EBRT + HDR Brachy,high-risk
30476164,Clinical outcome of high dose rate brachytherapy with external beam radiotherapy for high-risk prostate cancer: a single institutional retrospective study.,": This study investigated the clinical outcome of neoadjuvant androgen deprivation therapy followed by high dose rate brachytherapy (HDR-BT, called NEH) with external beam radiotherapy (EBRT) in high-risk prostate cancer (PCa) patients in our institution. : From 2007 to 2012, 192 high-risk PCa patients underwent neoadjuvant treatment-EBRT-NEH ( n = 192). Relations between clinical factors (prostate-specific antigen; PSA, cT stage, Gleason score) and biochemical recurrence were retrospectively analyzed. : The 5- and 7-year overall survival rates were 97.9 and 91.1%. By PSA levels (PSA 20 ng/ml, 20 ng/ml < PSA≤50 ng/ml and PSA > 50 ng/ml), 5-year biochemical recurrence-free survival rates were 85.7, 84.7 and 54.5%, respectively. There were no significant differences between biochemical recurrence and cT stage or Gleason score. : We found that NEH can contribute to better biochemical recurrence free survival of high-risk PCa patients with PSA below 50 ng/ml. High-risk PCa patients with PSA over 50 ng/ml may require more aggressive local or systemic treatment.",high,biochemical recurrence-free survival,5-year,84.70%,ADT + EBRT + HDR Brachy,high-risk
30476164,Clinical outcome of high dose rate brachytherapy with external beam radiotherapy for high-risk prostate cancer: a single institutional retrospective study.,": This study investigated the clinical outcome of neoadjuvant androgen deprivation therapy followed by high dose rate brachytherapy (HDR-BT, called NEH) with external beam radiotherapy (EBRT) in high-risk prostate cancer (PCa) patients in our institution. : From 2007 to 2012, 192 high-risk PCa patients underwent neoadjuvant treatment-EBRT-NEH ( n = 192). Relations between clinical factors (prostate-specific antigen; PSA, cT stage, Gleason score) and biochemical recurrence were retrospectively analyzed. : The 5- and 7-year overall survival rates were 97.9 and 91.1%. By PSA levels (PSA 20 ng/ml, 20 ng/ml < PSA≤50 ng/ml and PSA > 50 ng/ml), 5-year biochemical recurrence-free survival rates were 85.7, 84.7 and 54.5%, respectively. There were no significant differences between biochemical recurrence and cT stage or Gleason score. : We found that NEH can contribute to better biochemical recurrence free survival of high-risk PCa patients with PSA below 50 ng/ml. High-risk PCa patients with PSA over 50 ng/ml may require more aggressive local or systemic treatment.",high,biochemical recurrence-free survival,5-year,85.70%,ADT + EBRT + HDR Brachy,high-risk
30476164,Clinical outcome of high dose rate brachytherapy with external beam radiotherapy for high-risk prostate cancer: a single institutional retrospective study.,": This study investigated the clinical outcome of neoadjuvant androgen deprivation therapy followed by high dose rate brachytherapy (HDR-BT, called NEH) with external beam radiotherapy (EBRT) in high-risk prostate cancer (PCa) patients in our institution. : From 2007 to 2012, 192 high-risk PCa patients underwent neoadjuvant treatment-EBRT-NEH ( n = 192). Relations between clinical factors (prostate-specific antigen; PSA, cT stage, Gleason score) and biochemical recurrence were retrospectively analyzed. : The 5- and 7-year overall survival rates were 97.9 and 91.1%. By PSA levels (PSA 20 ng/ml, 20 ng/ml < PSA≤50 ng/ml and PSA > 50 ng/ml), 5-year biochemical recurrence-free survival rates were 85.7, 84.7 and 54.5%, respectively. There were no significant differences between biochemical recurrence and cT stage or Gleason score. : We found that NEH can contribute to better biochemical recurrence free survival of high-risk PCa patients with PSA below 50 ng/ml. High-risk PCa patients with PSA over 50 ng/ml may require more aggressive local or systemic treatment.",high,overall survival,5-year,97.90%,ADT + EBRT + HDR Brachy,high-risk
30476164,Clinical outcome of high dose rate brachytherapy with external beam radiotherapy for high-risk prostate cancer: a single institutional retrospective study.,": This study investigated the clinical outcome of neoadjuvant androgen deprivation therapy followed by high dose rate brachytherapy (HDR-BT, called NEH) with external beam radiotherapy (EBRT) in high-risk prostate cancer (PCa) patients in our institution. : From 2007 to 2012, 192 high-risk PCa patients underwent neoadjuvant treatment-EBRT-NEH ( n = 192). Relations between clinical factors (prostate-specific antigen; PSA, cT stage, Gleason score) and biochemical recurrence were retrospectively analyzed. : The 5- and 7-year overall survival rates were 97.9 and 91.1%. By PSA levels (PSA 20 ng/ml, 20 ng/ml < PSA≤50 ng/ml and PSA > 50 ng/ml), 5-year biochemical recurrence-free survival rates were 85.7, 84.7 and 54.5%, respectively. There were no significant differences between biochemical recurrence and cT stage or Gleason score. : We found that NEH can contribute to better biochemical recurrence free survival of high-risk PCa patients with PSA below 50 ng/ml. High-risk PCa patients with PSA over 50 ng/ml may require more aggressive local or systemic treatment.",high,overall survival,7-year,91.10%,ADT + EBRT + HDR Brachy,high-risk
31291715,Clinical Outcomes of Postoperative Radiotherapy Following Radical Prostatectomy in Patients with Localized Prostate Cancer: A Multicenter Retrospective Study (KROG 18-01) of a Korean Population.,"PURPOSE: The purpose of this study was to investigate the clinical outcomes of postoperative radiotherapy (PORT) patients who underwent radical prostatectomy for localized prostate cancer. MATERIALS AND METHODS: Localized prostate cancer patients who received PORT after radical prostatectomy between 2001 and 2012 were identified retrospectively in a multi-institutional database. In total, 1,117 patients in 19 institutions were included. Biochemical failure after PORT was defined as prostate-specific antigen (PSA) ≥ nadir+2 after PORT or initiation of androgen deprivation therapy (ADT) for increasing PSA regardless of its value. RESULTS: Ten-year biochemical failure-free survival, clinical failure-free survival, distant metastasisfree survival, overall survival (OS), and cause-specific survival were 60.5%, 76.2%, 84.4%, 91.1%, and 96.6%, respectively, at a median of 84 months after PORT. Pre-PORT PSA ≤ 0.5 ng/ml and Gleason's score ≤ 7 predicted favorable clinical outcomes, with 10-year OS rates of 92.5% and 94.1%, respectively. The 10-year OS rate was 82.7% for patients with a PSA > 1.0 ng/mL and 86.0% for patients with a Gleason score of 8-10. The addition of longterm ADT (≥ 12 months) to PORT improved OS, particularly in those with a Gleason score of 8-10 or ≥ T3b. CONCLUSION: Clinical outcomes of PORT in a Korean prostate cancer population were very similar to those in Western countries. Lower Gleason score and serum PSA level at the time of PORT were significantly associated with favorable outcomes. Addition of long-term ADT (≥ 12 months) to PORT should be considered, particularly in unfavorable risk patients with Gleason scores of 8-10 or ≥ T3b.",high,overall survival,10-year,82.70%,Radiotherapy,high-risk
31291715,Clinical Outcomes of Postoperative Radiotherapy Following Radical Prostatectomy in Patients with Localized Prostate Cancer: A Multicenter Retrospective Study (KROG 18-01) of a Korean Population.,"PURPOSE: The purpose of this study was to investigate the clinical outcomes of postoperative radiotherapy (PORT) patients who underwent radical prostatectomy for localized prostate cancer. MATERIALS AND METHODS: Localized prostate cancer patients who received PORT after radical prostatectomy between 2001 and 2012 were identified retrospectively in a multi-institutional database. In total, 1,117 patients in 19 institutions were included. Biochemical failure after PORT was defined as prostate-specific antigen (PSA) ≥ nadir+2 after PORT or initiation of androgen deprivation therapy (ADT) for increasing PSA regardless of its value. RESULTS: Ten-year biochemical failure-free survival, clinical failure-free survival, distant metastasisfree survival, overall survival (OS), and cause-specific survival were 60.5%, 76.2%, 84.4%, 91.1%, and 96.6%, respectively, at a median of 84 months after PORT. Pre-PORT PSA ≤ 0.5 ng/ml and Gleason's score ≤ 7 predicted favorable clinical outcomes, with 10-year OS rates of 92.5% and 94.1%, respectively. The 10-year OS rate was 82.7% for patients with a PSA > 1.0 ng/mL and 86.0% for patients with a Gleason score of 8-10. The addition of longterm ADT (≥ 12 months) to PORT improved OS, particularly in those with a Gleason score of 8-10 or ≥ T3b. CONCLUSION: Clinical outcomes of PORT in a Korean prostate cancer population were very similar to those in Western countries. Lower Gleason score and serum PSA level at the time of PORT were significantly associated with favorable outcomes. Addition of long-term ADT (≥ 12 months) to PORT should be considered, particularly in unfavorable risk patients with Gleason scores of 8-10 or ≥ T3b.",high,overall survival,10-year,86.00%,Radiotherapy,high-risk
31291715,Clinical Outcomes of Postoperative Radiotherapy Following Radical Prostatectomy in Patients with Localized Prostate Cancer: A Multicenter Retrospective Study (KROG 18-01) of a Korean Population.,"PURPOSE: The purpose of this study was to investigate the clinical outcomes of postoperative radiotherapy (PORT) patients who underwent radical prostatectomy for localized prostate cancer. MATERIALS AND METHODS: Localized prostate cancer patients who received PORT after radical prostatectomy between 2001 and 2012 were identified retrospectively in a multi-institutional database. In total, 1,117 patients in 19 institutions were included. Biochemical failure after PORT was defined as prostate-specific antigen (PSA) ≥ nadir+2 after PORT or initiation of androgen deprivation therapy (ADT) for increasing PSA regardless of its value. RESULTS: Ten-year biochemical failure-free survival, clinical failure-free survival, distant metastasisfree survival, overall survival (OS), and cause-specific survival were 60.5%, 76.2%, 84.4%, 91.1%, and 96.6%, respectively, at a median of 84 months after PORT. Pre-PORT PSA ≤ 0.5 ng/ml and Gleason's score ≤ 7 predicted favorable clinical outcomes, with 10-year OS rates of 92.5% and 94.1%, respectively. The 10-year OS rate was 82.7% for patients with a PSA > 1.0 ng/mL and 86.0% for patients with a Gleason score of 8-10. The addition of longterm ADT (≥ 12 months) to PORT improved OS, particularly in those with a Gleason score of 8-10 or ≥ T3b. CONCLUSION: Clinical outcomes of PORT in a Korean prostate cancer population were very similar to those in Western countries. Lower Gleason score and serum PSA level at the time of PORT were significantly associated with favorable outcomes. Addition of long-term ADT (≥ 12 months) to PORT should be considered, particularly in unfavorable risk patients with Gleason scores of 8-10 or ≥ T3b.",low,overall survival,10-year,92.50%,Radiotherapy,low-risk
31291715,Clinical Outcomes of Postoperative Radiotherapy Following Radical Prostatectomy in Patients with Localized Prostate Cancer: A Multicenter Retrospective Study (KROG 18-01) of a Korean Population.,"PURPOSE: The purpose of this study was to investigate the clinical outcomes of postoperative radiotherapy (PORT) patients who underwent radical prostatectomy for localized prostate cancer. MATERIALS AND METHODS: Localized prostate cancer patients who received PORT after radical prostatectomy between 2001 and 2012 were identified retrospectively in a multi-institutional database. In total, 1,117 patients in 19 institutions were included. Biochemical failure after PORT was defined as prostate-specific antigen (PSA) ≥ nadir+2 after PORT or initiation of androgen deprivation therapy (ADT) for increasing PSA regardless of its value. RESULTS: Ten-year biochemical failure-free survival, clinical failure-free survival, distant metastasisfree survival, overall survival (OS), and cause-specific survival were 60.5%, 76.2%, 84.4%, 91.1%, and 96.6%, respectively, at a median of 84 months after PORT. Pre-PORT PSA ≤ 0.5 ng/ml and Gleason's score ≤ 7 predicted favorable clinical outcomes, with 10-year OS rates of 92.5% and 94.1%, respectively. The 10-year OS rate was 82.7% for patients with a PSA > 1.0 ng/mL and 86.0% for patients with a Gleason score of 8-10. The addition of longterm ADT (≥ 12 months) to PORT improved OS, particularly in those with a Gleason score of 8-10 or ≥ T3b. CONCLUSION: Clinical outcomes of PORT in a Korean prostate cancer population were very similar to those in Western countries. Lower Gleason score and serum PSA level at the time of PORT were significantly associated with favorable outcomes. Addition of long-term ADT (≥ 12 months) to PORT should be considered, particularly in unfavorable risk patients with Gleason scores of 8-10 or ≥ T3b.",low,overall survival,10-year,94.10%,Radiotherapy,low-risk
31144590,Combined External Beam Radiation Therapy and Brachytherapy versus Radical Prostatectomy with Adjuvant Radiation Therapy for Gleason 9-10 Prostate Cancer.,"PURPOSE: It remains controversial whether external beam radiation therapy with a brachytherapy boost provides oncologic outcomes equivalent to those of radical prostatectomy with or without adjuvant radiation therapy in men with Gleason 9-10 prostate cancer. We compared external beam radiation therapy plus brachytherapy to radical prostatectomy plus adjuvant radiation therapy for Gleason 9-10 prostate cancer in terms of overall survival and prostate cancer specific mortality in 2 large national databases. MATERIALS AND METHODS: Using the NCDB (National Cancer Database) and the SEER (Surveillance, Epidemiology, and End Results) database, we identified 4,367 and 2,276 patients, respectively, diagnosed with clinical T1-T3N0M0, Gleason 9-10, prostate specific antigen 0 to 40 ng/ml prostate cancer treated with external beam radiation therapy plus brachytherapy or radical prostatectomy plus adjuvant radiation therapy. We compared overall survival and prostate cancer specific mortality using inverse probability of treatment weighted multivariable Cox proportional hazards regression modeling after accounting for clinical and demographic factors. RESULTS: Median followup in the NCDB and SEER cohorts was 6.0 years and 5.8 years, respectively. In the NCDB cohort there was no significant difference in 5-year overall survival between radical prostatectomy plus adjuvant radiation therapy vs external beam radiation therapy plus brachytherapy (86.7% vs 87.0%, AHR 1.10, 95% CI 0.95-1.27, p=0.220). Results were unchanged when including only patients who received androgen deprivation therapy. In the SEER cohort there was no difference in 5-year prostate cancer specific mortality (6.0% vs 5.7%, AHR 1.22, 95% CI 0.0.88-1.71, p=0.234). There was no significant interaction between patient age (65 years or greater vs less than 65) and treatment modality in the NCDB or SEER cohorts. CONCLUSIONS: In men with Gleason 9-10 prostate cancer multimodality surgical therapy is equivalent to external beam radiation therapy plus brachytherapy.",high,overall survival,5-year,86.70%,Radical Prostatectomy,high-risk
31144590,Combined External Beam Radiation Therapy and Brachytherapy versus Radical Prostatectomy with Adjuvant Radiation Therapy for Gleason 9-10 Prostate Cancer.,"PURPOSE: It remains controversial whether external beam radiation therapy with a brachytherapy boost provides oncologic outcomes equivalent to those of radical prostatectomy with or without adjuvant radiation therapy in men with Gleason 9-10 prostate cancer. We compared external beam radiation therapy plus brachytherapy to radical prostatectomy plus adjuvant radiation therapy for Gleason 9-10 prostate cancer in terms of overall survival and prostate cancer specific mortality in 2 large national databases. MATERIALS AND METHODS: Using the NCDB (National Cancer Database) and the SEER (Surveillance, Epidemiology, and End Results) database, we identified 4,367 and 2,276 patients, respectively, diagnosed with clinical T1-T3N0M0, Gleason 9-10, prostate specific antigen 0 to 40 ng/ml prostate cancer treated with external beam radiation therapy plus brachytherapy or radical prostatectomy plus adjuvant radiation therapy. We compared overall survival and prostate cancer specific mortality using inverse probability of treatment weighted multivariable Cox proportional hazards regression modeling after accounting for clinical and demographic factors. RESULTS: Median followup in the NCDB and SEER cohorts was 6.0 years and 5.8 years, respectively. In the NCDB cohort there was no significant difference in 5-year overall survival between radical prostatectomy plus adjuvant radiation therapy vs external beam radiation therapy plus brachytherapy (86.7% vs 87.0%, AHR 1.10, 95% CI 0.95-1.27, p=0.220). Results were unchanged when including only patients who received androgen deprivation therapy. In the SEER cohort there was no difference in 5-year prostate cancer specific mortality (6.0% vs 5.7%, AHR 1.22, 95% CI 0.0.88-1.71, p=0.234). There was no significant interaction between patient age (65 years or greater vs less than 65) and treatment modality in the NCDB or SEER cohorts. CONCLUSIONS: In men with Gleason 9-10 prostate cancer multimodality surgical therapy is equivalent to external beam radiation therapy plus brachytherapy.",high,overall survival,5-year,87.00%,EBRT + LDR Brachy,high-risk
31277783,Defining the Most Informative Intermediate Clinical Endpoints for Predicting Overall Survival in Patients Treated with Radical Prostatectomy for High-risk Prostate Cancer.,"BACKGROUND: Given the prolonged natural history of clinically localized, high-risk prostate cancer, there is a need for the identification of intermediate clinical endpoints (ICEs) to predict long-term overall survival (OS). OBJECTIVE: To explore the role of novel potential ICEs based on clinical follow-up to predict long-term survival in patients with high-risk prostate cancer. DESIGN, SETTING, AND PARTICIPANTS: Overall, 3507 patients treated at 12 tertiary referral centers between 1988 and 2016 were evaluated. INTERVENTION: Radical prostatectomy (RP) with extended pelvic lymph node dissection. OUTCOME MEASUREMENTS AND STATISTICAL ANALYSIS: The impact of biochemical recurrence (BCR) and clinical recurrence (CR) within 1, 3, 5, and 7yr after surgery on the risk of OS was evaluated in multivariable Cox regression analyses. In patients with BCR, the impact of progression to CR within 6mo and 1, 3, and 5yr on long-term OS was investigated. Discrimination was assessed using Harrell's c index. RESULTS AND LIMITATIONS: Median follow-up for survivors was 76mo. The 5- and 10-yr OS and cancer-specific survival rates were 94% and 81% versus 98% and 95%, respectively. On a time-varying multivariable analysis, BCR (hazard ratio [HR]: 1.02; 95% confidence interval [CI]: 1.00, 1.04) and CR (HR: 1.05; 95% CI: 1.03-1.07) emerged as predictors of OS (p<0.001). The development of CR within 5yr after surgery was the most informative ICE for predicting OS (c index: 0.74). In patients with BCR, progression to CR within 12mo represented the most informative predictor for the subsequent risk of dying from all causes. Patients who developed BCR within 5yr after RP and progressed to CR within 12mo had a 10-yr OS rate of 47%. These results require prospective validation. CONCLUSIONS: When predicting long-term survival in surgically treated high-risk patients, progression to CR within 5yr of RP confers the highest discrimination with respect to other landmark points. In men experiencing BCR, progression to CR within the subsequent 12mo achieved the highest discrimination. Further studies are needed to validate our findings. PATIENT SUMMARY: We investigated the most informative intermediate clinical endpoints for predicting overall survival (OS). Occurrence of clinical recurrence within 5yr after radical prostatectomy confers the highest discrimination to a model predicting OS.",high,overall survival,10-year,47%,Radical Prostatectomy,high-risk
31277783,Defining the Most Informative Intermediate Clinical Endpoints for Predicting Overall Survival in Patients Treated with Radical Prostatectomy for High-risk Prostate Cancer.,"BACKGROUND: Given the prolonged natural history of clinically localized, high-risk prostate cancer, there is a need for the identification of intermediate clinical endpoints (ICEs) to predict long-term overall survival (OS). OBJECTIVE: To explore the role of novel potential ICEs based on clinical follow-up to predict long-term survival in patients with high-risk prostate cancer. DESIGN, SETTING, AND PARTICIPANTS: Overall, 3507 patients treated at 12 tertiary referral centers between 1988 and 2016 were evaluated. INTERVENTION: Radical prostatectomy (RP) with extended pelvic lymph node dissection. OUTCOME MEASUREMENTS AND STATISTICAL ANALYSIS: The impact of biochemical recurrence (BCR) and clinical recurrence (CR) within 1, 3, 5, and 7yr after surgery on the risk of OS was evaluated in multivariable Cox regression analyses. In patients with BCR, the impact of progression to CR within 6mo and 1, 3, and 5yr on long-term OS was investigated. Discrimination was assessed using Harrell's c index. RESULTS AND LIMITATIONS: Median follow-up for survivors was 76mo. The 5- and 10-yr OS and cancer-specific survival rates were 94% and 81% versus 98% and 95%, respectively. On a time-varying multivariable analysis, BCR (hazard ratio [HR]: 1.02; 95% confidence interval [CI]: 1.00, 1.04) and CR (HR: 1.05; 95% CI: 1.03-1.07) emerged as predictors of OS (p<0.001). The development of CR within 5yr after surgery was the most informative ICE for predicting OS (c index: 0.74). In patients with BCR, progression to CR within 12mo represented the most informative predictor for the subsequent risk of dying from all causes. Patients who developed BCR within 5yr after RP and progressed to CR within 12mo had a 10-yr OS rate of 47%. These results require prospective validation. CONCLUSIONS: When predicting long-term survival in surgically treated high-risk patients, progression to CR within 5yr of RP confers the highest discrimination with respect to other landmark points. In men experiencing BCR, progression to CR within the subsequent 12mo achieved the highest discrimination. Further studies are needed to validate our findings. PATIENT SUMMARY: We investigated the most informative intermediate clinical endpoints for predicting overall survival (OS). Occurrence of clinical recurrence within 5yr after radical prostatectomy confers the highest discrimination to a model predicting OS.",high,overall survival,10-year,81%,Radical Prostatectomy,high-risk
31277783,Defining the Most Informative Intermediate Clinical Endpoints for Predicting Overall Survival in Patients Treated with Radical Prostatectomy for High-risk Prostate Cancer.,"BACKGROUND: Given the prolonged natural history of clinically localized, high-risk prostate cancer, there is a need for the identification of intermediate clinical endpoints (ICEs) to predict long-term overall survival (OS). OBJECTIVE: To explore the role of novel potential ICEs based on clinical follow-up to predict long-term survival in patients with high-risk prostate cancer. DESIGN, SETTING, AND PARTICIPANTS: Overall, 3507 patients treated at 12 tertiary referral centers between 1988 and 2016 were evaluated. INTERVENTION: Radical prostatectomy (RP) with extended pelvic lymph node dissection. OUTCOME MEASUREMENTS AND STATISTICAL ANALYSIS: The impact of biochemical recurrence (BCR) and clinical recurrence (CR) within 1, 3, 5, and 7yr after surgery on the risk of OS was evaluated in multivariable Cox regression analyses. In patients with BCR, the impact of progression to CR within 6mo and 1, 3, and 5yr on long-term OS was investigated. Discrimination was assessed using Harrell's c index. RESULTS AND LIMITATIONS: Median follow-up for survivors was 76mo. The 5- and 10-yr OS and cancer-specific survival rates were 94% and 81% versus 98% and 95%, respectively. On a time-varying multivariable analysis, BCR (hazard ratio [HR]: 1.02; 95% confidence interval [CI]: 1.00, 1.04) and CR (HR: 1.05; 95% CI: 1.03-1.07) emerged as predictors of OS (p<0.001). The development of CR within 5yr after surgery was the most informative ICE for predicting OS (c index: 0.74). In patients with BCR, progression to CR within 12mo represented the most informative predictor for the subsequent risk of dying from all causes. Patients who developed BCR within 5yr after RP and progressed to CR within 12mo had a 10-yr OS rate of 47%. These results require prospective validation. CONCLUSIONS: When predicting long-term survival in surgically treated high-risk patients, progression to CR within 5yr of RP confers the highest discrimination with respect to other landmark points. In men experiencing BCR, progression to CR within the subsequent 12mo achieved the highest discrimination. Further studies are needed to validate our findings. PATIENT SUMMARY: We investigated the most informative intermediate clinical endpoints for predicting overall survival (OS). Occurrence of clinical recurrence within 5yr after radical prostatectomy confers the highest discrimination to a model predicting OS.",high,cancer-specific survival,10-year,95%,Radical Prostatectomy,high-risk
31277783,Defining the Most Informative Intermediate Clinical Endpoints for Predicting Overall Survival in Patients Treated with Radical Prostatectomy for High-risk Prostate Cancer.,"BACKGROUND: Given the prolonged natural history of clinically localized, high-risk prostate cancer, there is a need for the identification of intermediate clinical endpoints (ICEs) to predict long-term overall survival (OS). OBJECTIVE: To explore the role of novel potential ICEs based on clinical follow-up to predict long-term survival in patients with high-risk prostate cancer. DESIGN, SETTING, AND PARTICIPANTS: Overall, 3507 patients treated at 12 tertiary referral centers between 1988 and 2016 were evaluated. INTERVENTION: Radical prostatectomy (RP) with extended pelvic lymph node dissection. OUTCOME MEASUREMENTS AND STATISTICAL ANALYSIS: The impact of biochemical recurrence (BCR) and clinical recurrence (CR) within 1, 3, 5, and 7yr after surgery on the risk of OS was evaluated in multivariable Cox regression analyses. In patients with BCR, the impact of progression to CR within 6mo and 1, 3, and 5yr on long-term OS was investigated. Discrimination was assessed using Harrell's c index. RESULTS AND LIMITATIONS: Median follow-up for survivors was 76mo. The 5- and 10-yr OS and cancer-specific survival rates were 94% and 81% versus 98% and 95%, respectively. On a time-varying multivariable analysis, BCR (hazard ratio [HR]: 1.02; 95% confidence interval [CI]: 1.00, 1.04) and CR (HR: 1.05; 95% CI: 1.03-1.07) emerged as predictors of OS (p<0.001). The development of CR within 5yr after surgery was the most informative ICE for predicting OS (c index: 0.74). In patients with BCR, progression to CR within 12mo represented the most informative predictor for the subsequent risk of dying from all causes. Patients who developed BCR within 5yr after RP and progressed to CR within 12mo had a 10-yr OS rate of 47%. These results require prospective validation. CONCLUSIONS: When predicting long-term survival in surgically treated high-risk patients, progression to CR within 5yr of RP confers the highest discrimination with respect to other landmark points. In men experiencing BCR, progression to CR within the subsequent 12mo achieved the highest discrimination. Further studies are needed to validate our findings. PATIENT SUMMARY: We investigated the most informative intermediate clinical endpoints for predicting overall survival (OS). Occurrence of clinical recurrence within 5yr after radical prostatectomy confers the highest discrimination to a model predicting OS.",high,overall survival,5-year,94%,Radical Prostatectomy,high-risk
31277783,Defining the Most Informative Intermediate Clinical Endpoints for Predicting Overall Survival in Patients Treated with Radical Prostatectomy for High-risk Prostate Cancer.,"BACKGROUND: Given the prolonged natural history of clinically localized, high-risk prostate cancer, there is a need for the identification of intermediate clinical endpoints (ICEs) to predict long-term overall survival (OS). OBJECTIVE: To explore the role of novel potential ICEs based on clinical follow-up to predict long-term survival in patients with high-risk prostate cancer. DESIGN, SETTING, AND PARTICIPANTS: Overall, 3507 patients treated at 12 tertiary referral centers between 1988 and 2016 were evaluated. INTERVENTION: Radical prostatectomy (RP) with extended pelvic lymph node dissection. OUTCOME MEASUREMENTS AND STATISTICAL ANALYSIS: The impact of biochemical recurrence (BCR) and clinical recurrence (CR) within 1, 3, 5, and 7yr after surgery on the risk of OS was evaluated in multivariable Cox regression analyses. In patients with BCR, the impact of progression to CR within 6mo and 1, 3, and 5yr on long-term OS was investigated. Discrimination was assessed using Harrell's c index. RESULTS AND LIMITATIONS: Median follow-up for survivors was 76mo. The 5- and 10-yr OS and cancer-specific survival rates were 94% and 81% versus 98% and 95%, respectively. On a time-varying multivariable analysis, BCR (hazard ratio [HR]: 1.02; 95% confidence interval [CI]: 1.00, 1.04) and CR (HR: 1.05; 95% CI: 1.03-1.07) emerged as predictors of OS (p<0.001). The development of CR within 5yr after surgery was the most informative ICE for predicting OS (c index: 0.74). In patients with BCR, progression to CR within 12mo represented the most informative predictor for the subsequent risk of dying from all causes. Patients who developed BCR within 5yr after RP and progressed to CR within 12mo had a 10-yr OS rate of 47%. These results require prospective validation. CONCLUSIONS: When predicting long-term survival in surgically treated high-risk patients, progression to CR within 5yr of RP confers the highest discrimination with respect to other landmark points. In men experiencing BCR, progression to CR within the subsequent 12mo achieved the highest discrimination. Further studies are needed to validate our findings. PATIENT SUMMARY: We investigated the most informative intermediate clinical endpoints for predicting overall survival (OS). Occurrence of clinical recurrence within 5yr after radical prostatectomy confers the highest discrimination to a model predicting OS.",high,cancer-specific survival,5-year,98%,Radical Prostatectomy,high-risk
31061806,Dose escalation of external beam radiotherapy for high-risk prostate cancer-Impact of multiple high-risk factor.,"OBJECTIVE: To retrospectively investigate the treatment outcomes of external beam radiotherapy with androgen deprivation therapy (ADT) in high-risk prostate cancer in three radiotherapy dose groups. METHODS: Between 1998 and 2013, patients with high-risk prostate cancer underwent three-dimensional conformal radiotherapy or intensity-modulated radiotherapy of 66 Gy, 72 Gy, or 78 Gy with ADT. Prostate-specific antigen (PSA) relapse was defined using the Phoenix definition. PSA relapse-free survival (PRFS) was evaluated in each radiotherapy dose group. Moreover, high-risk patients were divided into H-1 (patients with multiple high-risk factors) and H-2 (patients with a single high-risk factor) as risk subgroups. RESULTS: Two hundred and eighty-nine patients with a median follow-up period of 77.3 months were analyzed in this study. The median duration of ADT was 10.1 months. Age, Gleason score, T stage, and radiotherapy dose influenced PRFS with statistical significance both in univariate and multivariate analyses. The 4-year PRFS rates in Group-66 Gy, Group-72 Gy and Group-78 Gy were 72.7%, 81.6% and 90.3%, respectively. PRFS rates in the H-1 subgroup differed with statistical significance with an increasing radiotherapy dose having a more favorable PRFS, while PRFS rates in H-2 subgroup did not differ with increase in radiotherapy dose. CONCLUSION: Dose escalation for high-risk prostate cancer in combination with ADT improved PRFS. PRFS for patients in the H-1 subgroup was poor, but dose escalation in those patients was beneficial, while dose escalation in the H-2 subgroup was not proven to be effective for improving PRFS.",high,PSA relapse-free survival,4-year,72.70%,ADT + Std EBRT,high-risk
31360805,Dose-Escalated Intensity Modulated Radiation Therapy for Prostate Cancer: 15-Year Outcomes Data.,"PURPOSE: To report 15-year outcomes for dose-escalated intensity modulated radiation therapy (IMRT) for localized prostate cancer (PC) by evaluating biochemical relapse, distant metastases, cancer-specific survival, and long-term toxicity. METHODS AND MATERIALS: A database search was conducted for the first cohort of patients treated at this institution with 81 or 86.4 Gy between 1996 and 1998 using IMRT. Toxicity data were scored according to the Common Terminology Criteria for Adverse Events version 3.0. Median follow-up was 11.6 years (range, 5-21 years). RESULTS: In the study, 301 patients were treated with 81 Gy (n = 269, 89%) or 86.4 Gy (n = 32, 11%). Patients were analyzed by National Comprehensive Cancer Network risk group, with 29% low risk (LR), 49% intermediate risk (IR), and 22% high risk (HR). Late grade 3 gastrointestinal (GI) toxicity was seen in 3 patients (1.0%). No grade 4 GI toxicity events occurred. Median time from radiation therapy to late grade 3 GI toxicity was 2.9 years. One event occurred after 10 years. Late grade 3 and 4 genitourinary (GU) toxicity was seen in 6 (2.0%) and 1 (0.3%) patient, respectively. Median time to late grade 3+ GU toxicity was 5.5 years. Two events occurred after 10 years. In addition, 38 (12.6%) developed second primary malignancies (SPMs), 8 of which were in-field malignancies. Median time from radiation therapy to all SPM and in-field SPM was 10 years. The 15-year relapse-free survival was 76%, 65%, and 55% in the LR, IR, and HR groups, respectively. Distant metastases-free survival was 88%, 75%, and 63% for LR, IR, and HR patients, respectively. PC-specific mortality was 1.9%, 7.1%, and 12.2% for LR, IR, and HR patients. CONCLUSIONS: This report represents the longest follow-up data set to our knowledge of patients treated with high-dose IMRT for PC. Our findings indicate that it is well tolerated with 1.0% and 2.3% incidence of long-term grade 3+ GI and GU toxicity, respectively. The cohort had excellent PC-specific survival.",high,relapse-free survival,15-year,55%,Radiotherapy,high-risk
31360805,Dose-Escalated Intensity Modulated Radiation Therapy for Prostate Cancer: 15-Year Outcomes Data.,"PURPOSE: To report 15-year outcomes for dose-escalated intensity modulated radiation therapy (IMRT) for localized prostate cancer (PC) by evaluating biochemical relapse, distant metastases, cancer-specific survival, and long-term toxicity. METHODS AND MATERIALS: A database search was conducted for the first cohort of patients treated at this institution with 81 or 86.4 Gy between 1996 and 1998 using IMRT. Toxicity data were scored according to the Common Terminology Criteria for Adverse Events version 3.0. Median follow-up was 11.6 years (range, 5-21 years). RESULTS: In the study, 301 patients were treated with 81 Gy (n = 269, 89%) or 86.4 Gy (n = 32, 11%). Patients were analyzed by National Comprehensive Cancer Network risk group, with 29% low risk (LR), 49% intermediate risk (IR), and 22% high risk (HR). Late grade 3 gastrointestinal (GI) toxicity was seen in 3 patients (1.0%). No grade 4 GI toxicity events occurred. Median time from radiation therapy to late grade 3 GI toxicity was 2.9 years. One event occurred after 10 years. Late grade 3 and 4 genitourinary (GU) toxicity was seen in 6 (2.0%) and 1 (0.3%) patient, respectively. Median time to late grade 3+ GU toxicity was 5.5 years. Two events occurred after 10 years. In addition, 38 (12.6%) developed second primary malignancies (SPMs), 8 of which were in-field malignancies. Median time from radiation therapy to all SPM and in-field SPM was 10 years. The 15-year relapse-free survival was 76%, 65%, and 55% in the LR, IR, and HR groups, respectively. Distant metastases-free survival was 88%, 75%, and 63% for LR, IR, and HR patients, respectively. PC-specific mortality was 1.9%, 7.1%, and 12.2% for LR, IR, and HR patients. CONCLUSIONS: This report represents the longest follow-up data set to our knowledge of patients treated with high-dose IMRT for PC. Our findings indicate that it is well tolerated with 1.0% and 2.3% incidence of long-term grade 3+ GI and GU toxicity, respectively. The cohort had excellent PC-specific survival.",intermediate,relapse-free survival,15-year,65%,Radiotherapy,intermediate-risk
31360805,Dose-Escalated Intensity Modulated Radiation Therapy for Prostate Cancer: 15-Year Outcomes Data.,"PURPOSE: To report 15-year outcomes for dose-escalated intensity modulated radiation therapy (IMRT) for localized prostate cancer (PC) by evaluating biochemical relapse, distant metastases, cancer-specific survival, and long-term toxicity. METHODS AND MATERIALS: A database search was conducted for the first cohort of patients treated at this institution with 81 or 86.4 Gy between 1996 and 1998 using IMRT. Toxicity data were scored according to the Common Terminology Criteria for Adverse Events version 3.0. Median follow-up was 11.6 years (range, 5-21 years). RESULTS: In the study, 301 patients were treated with 81 Gy (n = 269, 89%) or 86.4 Gy (n = 32, 11%). Patients were analyzed by National Comprehensive Cancer Network risk group, with 29% low risk (LR), 49% intermediate risk (IR), and 22% high risk (HR). Late grade 3 gastrointestinal (GI) toxicity was seen in 3 patients (1.0%). No grade 4 GI toxicity events occurred. Median time from radiation therapy to late grade 3 GI toxicity was 2.9 years. One event occurred after 10 years. Late grade 3 and 4 genitourinary (GU) toxicity was seen in 6 (2.0%) and 1 (0.3%) patient, respectively. Median time to late grade 3+ GU toxicity was 5.5 years. Two events occurred after 10 years. In addition, 38 (12.6%) developed second primary malignancies (SPMs), 8 of which were in-field malignancies. Median time from radiation therapy to all SPM and in-field SPM was 10 years. The 15-year relapse-free survival was 76%, 65%, and 55% in the LR, IR, and HR groups, respectively. Distant metastases-free survival was 88%, 75%, and 63% for LR, IR, and HR patients, respectively. PC-specific mortality was 1.9%, 7.1%, and 12.2% for LR, IR, and HR patients. CONCLUSIONS: This report represents the longest follow-up data set to our knowledge of patients treated with high-dose IMRT for PC. Our findings indicate that it is well tolerated with 1.0% and 2.3% incidence of long-term grade 3+ GI and GU toxicity, respectively. The cohort had excellent PC-specific survival.",intermediate,distant metastases-free survival,15-year,75%,Radiotherapy,intermediate-risk
31360805,Dose-Escalated Intensity Modulated Radiation Therapy for Prostate Cancer: 15-Year Outcomes Data.,"PURPOSE: To report 15-year outcomes for dose-escalated intensity modulated radiation therapy (IMRT) for localized prostate cancer (PC) by evaluating biochemical relapse, distant metastases, cancer-specific survival, and long-term toxicity. METHODS AND MATERIALS: A database search was conducted for the first cohort of patients treated at this institution with 81 or 86.4 Gy between 1996 and 1998 using IMRT. Toxicity data were scored according to the Common Terminology Criteria for Adverse Events version 3.0. Median follow-up was 11.6 years (range, 5-21 years). RESULTS: In the study, 301 patients were treated with 81 Gy (n = 269, 89%) or 86.4 Gy (n = 32, 11%). Patients were analyzed by National Comprehensive Cancer Network risk group, with 29% low risk (LR), 49% intermediate risk (IR), and 22% high risk (HR). Late grade 3 gastrointestinal (GI) toxicity was seen in 3 patients (1.0%). No grade 4 GI toxicity events occurred. Median time from radiation therapy to late grade 3 GI toxicity was 2.9 years. One event occurred after 10 years. Late grade 3 and 4 genitourinary (GU) toxicity was seen in 6 (2.0%) and 1 (0.3%) patient, respectively. Median time to late grade 3+ GU toxicity was 5.5 years. Two events occurred after 10 years. In addition, 38 (12.6%) developed second primary malignancies (SPMs), 8 of which were in-field malignancies. Median time from radiation therapy to all SPM and in-field SPM was 10 years. The 15-year relapse-free survival was 76%, 65%, and 55% in the LR, IR, and HR groups, respectively. Distant metastases-free survival was 88%, 75%, and 63% for LR, IR, and HR patients, respectively. PC-specific mortality was 1.9%, 7.1%, and 12.2% for LR, IR, and HR patients. CONCLUSIONS: This report represents the longest follow-up data set to our knowledge of patients treated with high-dose IMRT for PC. Our findings indicate that it is well tolerated with 1.0% and 2.3% incidence of long-term grade 3+ GI and GU toxicity, respectively. The cohort had excellent PC-specific survival.",low,relapse-free survival,15-year,76%,Radiotherapy,low-risk
31360805,Dose-Escalated Intensity Modulated Radiation Therapy for Prostate Cancer: 15-Year Outcomes Data.,"PURPOSE: To report 15-year outcomes for dose-escalated intensity modulated radiation therapy (IMRT) for localized prostate cancer (PC) by evaluating biochemical relapse, distant metastases, cancer-specific survival, and long-term toxicity. METHODS AND MATERIALS: A database search was conducted for the first cohort of patients treated at this institution with 81 or 86.4 Gy between 1996 and 1998 using IMRT. Toxicity data were scored according to the Common Terminology Criteria for Adverse Events version 3.0. Median follow-up was 11.6 years (range, 5-21 years). RESULTS: In the study, 301 patients were treated with 81 Gy (n = 269, 89%) or 86.4 Gy (n = 32, 11%). Patients were analyzed by National Comprehensive Cancer Network risk group, with 29% low risk (LR), 49% intermediate risk (IR), and 22% high risk (HR). Late grade 3 gastrointestinal (GI) toxicity was seen in 3 patients (1.0%). No grade 4 GI toxicity events occurred. Median time from radiation therapy to late grade 3 GI toxicity was 2.9 years. One event occurred after 10 years. Late grade 3 and 4 genitourinary (GU) toxicity was seen in 6 (2.0%) and 1 (0.3%) patient, respectively. Median time to late grade 3+ GU toxicity was 5.5 years. Two events occurred after 10 years. In addition, 38 (12.6%) developed second primary malignancies (SPMs), 8 of which were in-field malignancies. Median time from radiation therapy to all SPM and in-field SPM was 10 years. The 15-year relapse-free survival was 76%, 65%, and 55% in the LR, IR, and HR groups, respectively. Distant metastases-free survival was 88%, 75%, and 63% for LR, IR, and HR patients, respectively. PC-specific mortality was 1.9%, 7.1%, and 12.2% for LR, IR, and HR patients. CONCLUSIONS: This report represents the longest follow-up data set to our knowledge of patients treated with high-dose IMRT for PC. Our findings indicate that it is well tolerated with 1.0% and 2.3% incidence of long-term grade 3+ GI and GU toxicity, respectively. The cohort had excellent PC-specific survival.",high,cancer-specific survival,15-year,87.80%,Radiotherapy,high-risk
31360805,Dose-Escalated Intensity Modulated Radiation Therapy for Prostate Cancer: 15-Year Outcomes Data.,"PURPOSE: To report 15-year outcomes for dose-escalated intensity modulated radiation therapy (IMRT) for localized prostate cancer (PC) by evaluating biochemical relapse, distant metastases, cancer-specific survival, and long-term toxicity. METHODS AND MATERIALS: A database search was conducted for the first cohort of patients treated at this institution with 81 or 86.4 Gy between 1996 and 1998 using IMRT. Toxicity data were scored according to the Common Terminology Criteria for Adverse Events version 3.0. Median follow-up was 11.6 years (range, 5-21 years). RESULTS: In the study, 301 patients were treated with 81 Gy (n = 269, 89%) or 86.4 Gy (n = 32, 11%). Patients were analyzed by National Comprehensive Cancer Network risk group, with 29% low risk (LR), 49% intermediate risk (IR), and 22% high risk (HR). Late grade 3 gastrointestinal (GI) toxicity was seen in 3 patients (1.0%). No grade 4 GI toxicity events occurred. Median time from radiation therapy to late grade 3 GI toxicity was 2.9 years. One event occurred after 10 years. Late grade 3 and 4 genitourinary (GU) toxicity was seen in 6 (2.0%) and 1 (0.3%) patient, respectively. Median time to late grade 3+ GU toxicity was 5.5 years. Two events occurred after 10 years. In addition, 38 (12.6%) developed second primary malignancies (SPMs), 8 of which were in-field malignancies. Median time from radiation therapy to all SPM and in-field SPM was 10 years. The 15-year relapse-free survival was 76%, 65%, and 55% in the LR, IR, and HR groups, respectively. Distant metastases-free survival was 88%, 75%, and 63% for LR, IR, and HR patients, respectively. PC-specific mortality was 1.9%, 7.1%, and 12.2% for LR, IR, and HR patients. CONCLUSIONS: This report represents the longest follow-up data set to our knowledge of patients treated with high-dose IMRT for PC. Our findings indicate that it is well tolerated with 1.0% and 2.3% incidence of long-term grade 3+ GI and GU toxicity, respectively. The cohort had excellent PC-specific survival.",low,distant metastases-free survival,15-year,88%,Radiotherapy,low-risk
31360805,Dose-Escalated Intensity Modulated Radiation Therapy for Prostate Cancer: 15-Year Outcomes Data.,"PURPOSE: To report 15-year outcomes for dose-escalated intensity modulated radiation therapy (IMRT) for localized prostate cancer (PC) by evaluating biochemical relapse, distant metastases, cancer-specific survival, and long-term toxicity. METHODS AND MATERIALS: A database search was conducted for the first cohort of patients treated at this institution with 81 or 86.4 Gy between 1996 and 1998 using IMRT. Toxicity data were scored according to the Common Terminology Criteria for Adverse Events version 3.0. Median follow-up was 11.6 years (range, 5-21 years). RESULTS: In the study, 301 patients were treated with 81 Gy (n = 269, 89%) or 86.4 Gy (n = 32, 11%). Patients were analyzed by National Comprehensive Cancer Network risk group, with 29% low risk (LR), 49% intermediate risk (IR), and 22% high risk (HR). Late grade 3 gastrointestinal (GI) toxicity was seen in 3 patients (1.0%). No grade 4 GI toxicity events occurred. Median time from radiation therapy to late grade 3 GI toxicity was 2.9 years. One event occurred after 10 years. Late grade 3 and 4 genitourinary (GU) toxicity was seen in 6 (2.0%) and 1 (0.3%) patient, respectively. Median time to late grade 3+ GU toxicity was 5.5 years. Two events occurred after 10 years. In addition, 38 (12.6%) developed second primary malignancies (SPMs), 8 of which were in-field malignancies. Median time from radiation therapy to all SPM and in-field SPM was 10 years. The 15-year relapse-free survival was 76%, 65%, and 55% in the LR, IR, and HR groups, respectively. Distant metastases-free survival was 88%, 75%, and 63% for LR, IR, and HR patients, respectively. PC-specific mortality was 1.9%, 7.1%, and 12.2% for LR, IR, and HR patients. CONCLUSIONS: This report represents the longest follow-up data set to our knowledge of patients treated with high-dose IMRT for PC. Our findings indicate that it is well tolerated with 1.0% and 2.3% incidence of long-term grade 3+ GI and GU toxicity, respectively. The cohort had excellent PC-specific survival.",intermediate,cancer-specific survival,15-year,92.90%,Radiotherapy,intermediate-risk
31360805,Dose-Escalated Intensity Modulated Radiation Therapy for Prostate Cancer: 15-Year Outcomes Data.,"PURPOSE: To report 15-year outcomes for dose-escalated intensity modulated radiation therapy (IMRT) for localized prostate cancer (PC) by evaluating biochemical relapse, distant metastases, cancer-specific survival, and long-term toxicity. METHODS AND MATERIALS: A database search was conducted for the first cohort of patients treated at this institution with 81 or 86.4 Gy between 1996 and 1998 using IMRT. Toxicity data were scored according to the Common Terminology Criteria for Adverse Events version 3.0. Median follow-up was 11.6 years (range, 5-21 years). RESULTS: In the study, 301 patients were treated with 81 Gy (n = 269, 89%) or 86.4 Gy (n = 32, 11%). Patients were analyzed by National Comprehensive Cancer Network risk group, with 29% low risk (LR), 49% intermediate risk (IR), and 22% high risk (HR). Late grade 3 gastrointestinal (GI) toxicity was seen in 3 patients (1.0%). No grade 4 GI toxicity events occurred. Median time from radiation therapy to late grade 3 GI toxicity was 2.9 years. One event occurred after 10 years. Late grade 3 and 4 genitourinary (GU) toxicity was seen in 6 (2.0%) and 1 (0.3%) patient, respectively. Median time to late grade 3+ GU toxicity was 5.5 years. Two events occurred after 10 years. In addition, 38 (12.6%) developed second primary malignancies (SPMs), 8 of which were in-field malignancies. Median time from radiation therapy to all SPM and in-field SPM was 10 years. The 15-year relapse-free survival was 76%, 65%, and 55% in the LR, IR, and HR groups, respectively. Distant metastases-free survival was 88%, 75%, and 63% for LR, IR, and HR patients, respectively. PC-specific mortality was 1.9%, 7.1%, and 12.2% for LR, IR, and HR patients. CONCLUSIONS: This report represents the longest follow-up data set to our knowledge of patients treated with high-dose IMRT for PC. Our findings indicate that it is well tolerated with 1.0% and 2.3% incidence of long-term grade 3+ GI and GU toxicity, respectively. The cohort had excellent PC-specific survival.",low,cancer-specific survival,15-year,98.10%,Radiotherapy,low-risk
30860948,Effect of Chemotherapy With Docetaxel With Androgen Suppression and Radiotherapy for Localized High-Risk Prostate Cancer: The Randomized Phase III NRG Oncology RTOG 0521 Trial.,"PURPOSE: Radiotherapy (RT) plus long-term androgen suppression (AS) are a standard treatment option for patients with high-risk localized prostate cancer. We hypothesized that docetaxel chemotherapy (CT) could improve overall survival (OS) and clinical outcomes among patients with high-risk prostate cancer. PATIENTS AND METHODS: The multicenter randomized NRG Oncology RTOG 0521 study enrolled patients with high-risk nonmetastatic disease between 2005 and 2009. Patients were randomly assigned to receive standard long-term AS plus RT with or without adjuvant CT. RESULTS: A total of 612 patients were enrolled; 563 were evaluable. Median prostate-specific antigen was 15.1 ng/mL; 53% had a Gleason score 9 to 10 cancer; 27% had cT3 to cT4 disease. Median follow-up was 5.7 years. Treatment was well tolerated in both arms. Four-year OS rate was 89% (95% CI, 84% to 92%) for AS + RT and 93% (95% CI, 90% to 96%) for AS + RT + CT (hazard ratio [HR], 0.69; 90% CI, 0.49 to 0.97; one-sided P = .034). There were 59 deaths in the AS + RT arm and 43 in the AS + RT + CT arm, with fewer deaths resulting from prostate cancer in the AS + RT + CT arm versus AS + RT (23 v 16 deaths, respectively). Six-year rate of distant metastasis was 14% for AS + RT and 9.1% for AS + RT + CT, (HR, 0.60; 95% CI, 0.37 to 0.99; two-sided P = .044). Six-year disease-free survival rate was 55% for AS + RT and 65% for AS + RT + CT (HR, 0.76; 95% CI, 0.58 to 0.99; two-sided P = .043). CONCLUSION: For patients with high-risk nonmetastatic prostate cancer, CT with docetaxel improved OS from 89% to 93% at 4 years, with improved disease-free survival and reduction in the rate of distant metastasis. The trial suggests that docetaxel CT may be an option to be discussed with selected men with high-risk prostate cancer.",high,overall survival,4-year,89%,ADT + Std EBRT,high-risk
30860948,Effect of Chemotherapy With Docetaxel With Androgen Suppression and Radiotherapy for Localized High-Risk Prostate Cancer: The Randomized Phase III NRG Oncology RTOG 0521 Trial.,"PURPOSE: Radiotherapy (RT) plus long-term androgen suppression (AS) are a standard treatment option for patients with high-risk localized prostate cancer. We hypothesized that docetaxel chemotherapy (CT) could improve overall survival (OS) and clinical outcomes among patients with high-risk prostate cancer. PATIENTS AND METHODS: The multicenter randomized NRG Oncology RTOG 0521 study enrolled patients with high-risk nonmetastatic disease between 2005 and 2009. Patients were randomly assigned to receive standard long-term AS plus RT with or without adjuvant CT. RESULTS: A total of 612 patients were enrolled; 563 were evaluable. Median prostate-specific antigen was 15.1 ng/mL; 53% had a Gleason score 9 to 10 cancer; 27% had cT3 to cT4 disease. Median follow-up was 5.7 years. Treatment was well tolerated in both arms. Four-year OS rate was 89% (95% CI, 84% to 92%) for AS + RT and 93% (95% CI, 90% to 96%) for AS + RT + CT (hazard ratio [HR], 0.69; 90% CI, 0.49 to 0.97; one-sided P = .034). There were 59 deaths in the AS + RT arm and 43 in the AS + RT + CT arm, with fewer deaths resulting from prostate cancer in the AS + RT + CT arm versus AS + RT (23 v 16 deaths, respectively). Six-year rate of distant metastasis was 14% for AS + RT and 9.1% for AS + RT + CT, (HR, 0.60; 95% CI, 0.37 to 0.99; two-sided P = .044). Six-year disease-free survival rate was 55% for AS + RT and 65% for AS + RT + CT (HR, 0.76; 95% CI, 0.58 to 0.99; two-sided P = .043). CONCLUSION: For patients with high-risk nonmetastatic prostate cancer, CT with docetaxel improved OS from 89% to 93% at 4 years, with improved disease-free survival and reduction in the rate of distant metastasis. The trial suggests that docetaxel CT may be an option to be discussed with selected men with high-risk prostate cancer.",high,disease-free survival,6-year,55%,ADT + Std EBRT,high-risk
30860948,Effect of Chemotherapy With Docetaxel With Androgen Suppression and Radiotherapy for Localized High-Risk Prostate Cancer: The Randomized Phase III NRG Oncology RTOG 0521 Trial.,"PURPOSE: Radiotherapy (RT) plus long-term androgen suppression (AS) are a standard treatment option for patients with high-risk localized prostate cancer. We hypothesized that docetaxel chemotherapy (CT) could improve overall survival (OS) and clinical outcomes among patients with high-risk prostate cancer. PATIENTS AND METHODS: The multicenter randomized NRG Oncology RTOG 0521 study enrolled patients with high-risk nonmetastatic disease between 2005 and 2009. Patients were randomly assigned to receive standard long-term AS plus RT with or without adjuvant CT. RESULTS: A total of 612 patients were enrolled; 563 were evaluable. Median prostate-specific antigen was 15.1 ng/mL; 53% had a Gleason score 9 to 10 cancer; 27% had cT3 to cT4 disease. Median follow-up was 5.7 years. Treatment was well tolerated in both arms. Four-year OS rate was 89% (95% CI, 84% to 92%) for AS + RT and 93% (95% CI, 90% to 96%) for AS + RT + CT (hazard ratio [HR], 0.69; 90% CI, 0.49 to 0.97; one-sided P = .034). There were 59 deaths in the AS + RT arm and 43 in the AS + RT + CT arm, with fewer deaths resulting from prostate cancer in the AS + RT + CT arm versus AS + RT (23 v 16 deaths, respectively). Six-year rate of distant metastasis was 14% for AS + RT and 9.1% for AS + RT + CT, (HR, 0.60; 95% CI, 0.37 to 0.99; two-sided P = .044). Six-year disease-free survival rate was 55% for AS + RT and 65% for AS + RT + CT (HR, 0.76; 95% CI, 0.58 to 0.99; two-sided P = .043). CONCLUSION: For patients with high-risk nonmetastatic prostate cancer, CT with docetaxel improved OS from 89% to 93% at 4 years, with improved disease-free survival and reduction in the rate of distant metastasis. The trial suggests that docetaxel CT may be an option to be discussed with selected men with high-risk prostate cancer.",high,disease-free survival,6-year,65%,other,high-risk
30411504,Favorable 10-year outcomes of image-guided intensity-modulated radiotherapy combined with long-term androgen deprivation for Japanese patients with nonmetastatic prostate cancer.,"AIM: To investigate 10-year outcomes of high-dose image-guided intensity-modulated radiation therapy (IG-IMRT) combined with long-term androgen deprivation therapy (ADT) for Japanese patients with nonmetastatic prostate cancer. METHODS: A retrospective analysis was performed on 208 Japanese patients with T1-4N0M0 prostate cancer, who underwent definitive IG-IMRT from 2006 to 2010 at our single institution. The median dose was 78 Gy (74-78) and median ADT time was 32 months (6-151). The risk stratification followed the National Comprehensive Cancer Network criteria. A biochemical relapse was defined as nadir plus 2.0 ng/mL. Toxicity was scored with the Radiation Therapy Oncology Group morbidity scale. RESULTS: The median follow-up time was 102 months. For low-, intermediate-, high-, and very-high-risk groups, the 10-year biochemical disease-free survival rates were 100%, 84%, 90%, and 72%, respectively (P = 0.008); clinical relapse-free survival rates were 100%, 100%, 100%, and 81%, respectively (P < 0.001); and cancer-specific survival rates were 100%, 100%, 100%, and 89%, respectively (P = 0.13). The independent prognostic factors influencing biochemical relapse were younger age, Gleason score ≥ 8, and radiation dose < 78 Gy in the multivariate analysis (P = 0.006, 0.014, and 0.013). The 10-year cumulative incidence of late grade 2 or higher gastrointestinal and genitourinary toxicities were 12% and 13%, respectively. No events of grade 4 or 5 were observed. CONCLUSIONS: This study suggest that high-dose IG-IMRT combined with long-term ADT is effective and implementable, leading to excellent 10-year outcomes for Japanese patients with nonmetastatic prostate cancer.",high,biochemical disease-free survival,10-year,72%,ADT + EBRT + LDR Brachy,very-high-risk
30411504,Favorable 10-year outcomes of image-guided intensity-modulated radiotherapy combined with long-term androgen deprivation for Japanese patients with nonmetastatic prostate cancer.,"AIM: To investigate 10-year outcomes of high-dose image-guided intensity-modulated radiation therapy (IG-IMRT) combined with long-term androgen deprivation therapy (ADT) for Japanese patients with nonmetastatic prostate cancer. METHODS: A retrospective analysis was performed on 208 Japanese patients with T1-4N0M0 prostate cancer, who underwent definitive IG-IMRT from 2006 to 2010 at our single institution. The median dose was 78 Gy (74-78) and median ADT time was 32 months (6-151). The risk stratification followed the National Comprehensive Cancer Network criteria. A biochemical relapse was defined as nadir plus 2.0 ng/mL. Toxicity was scored with the Radiation Therapy Oncology Group morbidity scale. RESULTS: The median follow-up time was 102 months. For low-, intermediate-, high-, and very-high-risk groups, the 10-year biochemical disease-free survival rates were 100%, 84%, 90%, and 72%, respectively (P = 0.008); clinical relapse-free survival rates were 100%, 100%, 100%, and 81%, respectively (P < 0.001); and cancer-specific survival rates were 100%, 100%, 100%, and 89%, respectively (P = 0.13). The independent prognostic factors influencing biochemical relapse were younger age, Gleason score ≥ 8, and radiation dose < 78 Gy in the multivariate analysis (P = 0.006, 0.014, and 0.013). The 10-year cumulative incidence of late grade 2 or higher gastrointestinal and genitourinary toxicities were 12% and 13%, respectively. No events of grade 4 or 5 were observed. CONCLUSIONS: This study suggest that high-dose IG-IMRT combined with long-term ADT is effective and implementable, leading to excellent 10-year outcomes for Japanese patients with nonmetastatic prostate cancer.",high,clinical relapse-free survival,10-year,81%,ADT + EBRT + LDR Brachy,very-high-risk
30411504,Favorable 10-year outcomes of image-guided intensity-modulated radiotherapy combined with long-term androgen deprivation for Japanese patients with nonmetastatic prostate cancer.,"AIM: To investigate 10-year outcomes of high-dose image-guided intensity-modulated radiation therapy (IG-IMRT) combined with long-term androgen deprivation therapy (ADT) for Japanese patients with nonmetastatic prostate cancer. METHODS: A retrospective analysis was performed on 208 Japanese patients with T1-4N0M0 prostate cancer, who underwent definitive IG-IMRT from 2006 to 2010 at our single institution. The median dose was 78 Gy (74-78) and median ADT time was 32 months (6-151). The risk stratification followed the National Comprehensive Cancer Network criteria. A biochemical relapse was defined as nadir plus 2.0 ng/mL. Toxicity was scored with the Radiation Therapy Oncology Group morbidity scale. RESULTS: The median follow-up time was 102 months. For low-, intermediate-, high-, and very-high-risk groups, the 10-year biochemical disease-free survival rates were 100%, 84%, 90%, and 72%, respectively (P = 0.008); clinical relapse-free survival rates were 100%, 100%, 100%, and 81%, respectively (P < 0.001); and cancer-specific survival rates were 100%, 100%, 100%, and 89%, respectively (P = 0.13). The independent prognostic factors influencing biochemical relapse were younger age, Gleason score ≥ 8, and radiation dose < 78 Gy in the multivariate analysis (P = 0.006, 0.014, and 0.013). The 10-year cumulative incidence of late grade 2 or higher gastrointestinal and genitourinary toxicities were 12% and 13%, respectively. No events of grade 4 or 5 were observed. CONCLUSIONS: This study suggest that high-dose IG-IMRT combined with long-term ADT is effective and implementable, leading to excellent 10-year outcomes for Japanese patients with nonmetastatic prostate cancer.",intermediate,biochemical disease-free survival,10-year,84%,ADT + EBRT + LDR Brachy,intermediate-risk
30411504,Favorable 10-year outcomes of image-guided intensity-modulated radiotherapy combined with long-term androgen deprivation for Japanese patients with nonmetastatic prostate cancer.,"AIM: To investigate 10-year outcomes of high-dose image-guided intensity-modulated radiation therapy (IG-IMRT) combined with long-term androgen deprivation therapy (ADT) for Japanese patients with nonmetastatic prostate cancer. METHODS: A retrospective analysis was performed on 208 Japanese patients with T1-4N0M0 prostate cancer, who underwent definitive IG-IMRT from 2006 to 2010 at our single institution. The median dose was 78 Gy (74-78) and median ADT time was 32 months (6-151). The risk stratification followed the National Comprehensive Cancer Network criteria. A biochemical relapse was defined as nadir plus 2.0 ng/mL. Toxicity was scored with the Radiation Therapy Oncology Group morbidity scale. RESULTS: The median follow-up time was 102 months. For low-, intermediate-, high-, and very-high-risk groups, the 10-year biochemical disease-free survival rates were 100%, 84%, 90%, and 72%, respectively (P = 0.008); clinical relapse-free survival rates were 100%, 100%, 100%, and 81%, respectively (P < 0.001); and cancer-specific survival rates were 100%, 100%, 100%, and 89%, respectively (P = 0.13). The independent prognostic factors influencing biochemical relapse were younger age, Gleason score ≥ 8, and radiation dose < 78 Gy in the multivariate analysis (P = 0.006, 0.014, and 0.013). The 10-year cumulative incidence of late grade 2 or higher gastrointestinal and genitourinary toxicities were 12% and 13%, respectively. No events of grade 4 or 5 were observed. CONCLUSIONS: This study suggest that high-dose IG-IMRT combined with long-term ADT is effective and implementable, leading to excellent 10-year outcomes for Japanese patients with nonmetastatic prostate cancer.",high,cancer-specific survival,10-year,89%,ADT + EBRT + LDR Brachy,very-high-risk
30411504,Favorable 10-year outcomes of image-guided intensity-modulated radiotherapy combined with long-term androgen deprivation for Japanese patients with nonmetastatic prostate cancer.,"AIM: To investigate 10-year outcomes of high-dose image-guided intensity-modulated radiation therapy (IG-IMRT) combined with long-term androgen deprivation therapy (ADT) for Japanese patients with nonmetastatic prostate cancer. METHODS: A retrospective analysis was performed on 208 Japanese patients with T1-4N0M0 prostate cancer, who underwent definitive IG-IMRT from 2006 to 2010 at our single institution. The median dose was 78 Gy (74-78) and median ADT time was 32 months (6-151). The risk stratification followed the National Comprehensive Cancer Network criteria. A biochemical relapse was defined as nadir plus 2.0 ng/mL. Toxicity was scored with the Radiation Therapy Oncology Group morbidity scale. RESULTS: The median follow-up time was 102 months. For low-, intermediate-, high-, and very-high-risk groups, the 10-year biochemical disease-free survival rates were 100%, 84%, 90%, and 72%, respectively (P = 0.008); clinical relapse-free survival rates were 100%, 100%, 100%, and 81%, respectively (P < 0.001); and cancer-specific survival rates were 100%, 100%, 100%, and 89%, respectively (P = 0.13). The independent prognostic factors influencing biochemical relapse were younger age, Gleason score ≥ 8, and radiation dose < 78 Gy in the multivariate analysis (P = 0.006, 0.014, and 0.013). The 10-year cumulative incidence of late grade 2 or higher gastrointestinal and genitourinary toxicities were 12% and 13%, respectively. No events of grade 4 or 5 were observed. CONCLUSIONS: This study suggest that high-dose IG-IMRT combined with long-term ADT is effective and implementable, leading to excellent 10-year outcomes for Japanese patients with nonmetastatic prostate cancer.",high,biochemical disease-free survival,10-year,90%,ADT + EBRT + LDR Brachy,high-risk
30411504,Favorable 10-year outcomes of image-guided intensity-modulated radiotherapy combined with long-term androgen deprivation for Japanese patients with nonmetastatic prostate cancer.,"AIM: To investigate 10-year outcomes of high-dose image-guided intensity-modulated radiation therapy (IG-IMRT) combined with long-term androgen deprivation therapy (ADT) for Japanese patients with nonmetastatic prostate cancer. METHODS: A retrospective analysis was performed on 208 Japanese patients with T1-4N0M0 prostate cancer, who underwent definitive IG-IMRT from 2006 to 2010 at our single institution. The median dose was 78 Gy (74-78) and median ADT time was 32 months (6-151). The risk stratification followed the National Comprehensive Cancer Network criteria. A biochemical relapse was defined as nadir plus 2.0 ng/mL. Toxicity was scored with the Radiation Therapy Oncology Group morbidity scale. RESULTS: The median follow-up time was 102 months. For low-, intermediate-, high-, and very-high-risk groups, the 10-year biochemical disease-free survival rates were 100%, 84%, 90%, and 72%, respectively (P = 0.008); clinical relapse-free survival rates were 100%, 100%, 100%, and 81%, respectively (P < 0.001); and cancer-specific survival rates were 100%, 100%, 100%, and 89%, respectively (P = 0.13). The independent prognostic factors influencing biochemical relapse were younger age, Gleason score ≥ 8, and radiation dose < 78 Gy in the multivariate analysis (P = 0.006, 0.014, and 0.013). The 10-year cumulative incidence of late grade 2 or higher gastrointestinal and genitourinary toxicities were 12% and 13%, respectively. No events of grade 4 or 5 were observed. CONCLUSIONS: This study suggest that high-dose IG-IMRT combined with long-term ADT is effective and implementable, leading to excellent 10-year outcomes for Japanese patients with nonmetastatic prostate cancer.",low,biochemical disease-free survival,10-year,100%,ADT + EBRT + LDR Brachy,low-risk
30411504,Favorable 10-year outcomes of image-guided intensity-modulated radiotherapy combined with long-term androgen deprivation for Japanese patients with nonmetastatic prostate cancer.,"AIM: To investigate 10-year outcomes of high-dose image-guided intensity-modulated radiation therapy (IG-IMRT) combined with long-term androgen deprivation therapy (ADT) for Japanese patients with nonmetastatic prostate cancer. METHODS: A retrospective analysis was performed on 208 Japanese patients with T1-4N0M0 prostate cancer, who underwent definitive IG-IMRT from 2006 to 2010 at our single institution. The median dose was 78 Gy (74-78) and median ADT time was 32 months (6-151). The risk stratification followed the National Comprehensive Cancer Network criteria. A biochemical relapse was defined as nadir plus 2.0 ng/mL. Toxicity was scored with the Radiation Therapy Oncology Group morbidity scale. RESULTS: The median follow-up time was 102 months. For low-, intermediate-, high-, and very-high-risk groups, the 10-year biochemical disease-free survival rates were 100%, 84%, 90%, and 72%, respectively (P = 0.008); clinical relapse-free survival rates were 100%, 100%, 100%, and 81%, respectively (P < 0.001); and cancer-specific survival rates were 100%, 100%, 100%, and 89%, respectively (P = 0.13). The independent prognostic factors influencing biochemical relapse were younger age, Gleason score ≥ 8, and radiation dose < 78 Gy in the multivariate analysis (P = 0.006, 0.014, and 0.013). The 10-year cumulative incidence of late grade 2 or higher gastrointestinal and genitourinary toxicities were 12% and 13%, respectively. No events of grade 4 or 5 were observed. CONCLUSIONS: This study suggest that high-dose IG-IMRT combined with long-term ADT is effective and implementable, leading to excellent 10-year outcomes for Japanese patients with nonmetastatic prostate cancer.",high,cancer-specific survival,10-year,100%,ADT + EBRT + LDR Brachy,high-risk
30411504,Favorable 10-year outcomes of image-guided intensity-modulated radiotherapy combined with long-term androgen deprivation for Japanese patients with nonmetastatic prostate cancer.,"AIM: To investigate 10-year outcomes of high-dose image-guided intensity-modulated radiation therapy (IG-IMRT) combined with long-term androgen deprivation therapy (ADT) for Japanese patients with nonmetastatic prostate cancer. METHODS: A retrospective analysis was performed on 208 Japanese patients with T1-4N0M0 prostate cancer, who underwent definitive IG-IMRT from 2006 to 2010 at our single institution. The median dose was 78 Gy (74-78) and median ADT time was 32 months (6-151). The risk stratification followed the National Comprehensive Cancer Network criteria. A biochemical relapse was defined as nadir plus 2.0 ng/mL. Toxicity was scored with the Radiation Therapy Oncology Group morbidity scale. RESULTS: The median follow-up time was 102 months. For low-, intermediate-, high-, and very-high-risk groups, the 10-year biochemical disease-free survival rates were 100%, 84%, 90%, and 72%, respectively (P = 0.008); clinical relapse-free survival rates were 100%, 100%, 100%, and 81%, respectively (P < 0.001); and cancer-specific survival rates were 100%, 100%, 100%, and 89%, respectively (P = 0.13). The independent prognostic factors influencing biochemical relapse were younger age, Gleason score ≥ 8, and radiation dose < 78 Gy in the multivariate analysis (P = 0.006, 0.014, and 0.013). The 10-year cumulative incidence of late grade 2 or higher gastrointestinal and genitourinary toxicities were 12% and 13%, respectively. No events of grade 4 or 5 were observed. CONCLUSIONS: This study suggest that high-dose IG-IMRT combined with long-term ADT is effective and implementable, leading to excellent 10-year outcomes for Japanese patients with nonmetastatic prostate cancer.",intermediate,cancer-specific survival,10-year,100%,ADT + EBRT + LDR Brachy,intermediate-risk
30411504,Favorable 10-year outcomes of image-guided intensity-modulated radiotherapy combined with long-term androgen deprivation for Japanese patients with nonmetastatic prostate cancer.,"AIM: To investigate 10-year outcomes of high-dose image-guided intensity-modulated radiation therapy (IG-IMRT) combined with long-term androgen deprivation therapy (ADT) for Japanese patients with nonmetastatic prostate cancer. METHODS: A retrospective analysis was performed on 208 Japanese patients with T1-4N0M0 prostate cancer, who underwent definitive IG-IMRT from 2006 to 2010 at our single institution. The median dose was 78 Gy (74-78) and median ADT time was 32 months (6-151). The risk stratification followed the National Comprehensive Cancer Network criteria. A biochemical relapse was defined as nadir plus 2.0 ng/mL. Toxicity was scored with the Radiation Therapy Oncology Group morbidity scale. RESULTS: The median follow-up time was 102 months. For low-, intermediate-, high-, and very-high-risk groups, the 10-year biochemical disease-free survival rates were 100%, 84%, 90%, and 72%, respectively (P = 0.008); clinical relapse-free survival rates were 100%, 100%, 100%, and 81%, respectively (P < 0.001); and cancer-specific survival rates were 100%, 100%, 100%, and 89%, respectively (P = 0.13). The independent prognostic factors influencing biochemical relapse were younger age, Gleason score ≥ 8, and radiation dose < 78 Gy in the multivariate analysis (P = 0.006, 0.014, and 0.013). The 10-year cumulative incidence of late grade 2 or higher gastrointestinal and genitourinary toxicities were 12% and 13%, respectively. No events of grade 4 or 5 were observed. CONCLUSIONS: This study suggest that high-dose IG-IMRT combined with long-term ADT is effective and implementable, leading to excellent 10-year outcomes for Japanese patients with nonmetastatic prostate cancer.",low,cancer-specific survival,10-year,100%,ADT + EBRT + LDR Brachy,low-risk
30411504,Favorable 10-year outcomes of image-guided intensity-modulated radiotherapy combined with long-term androgen deprivation for Japanese patients with nonmetastatic prostate cancer.,"AIM: To investigate 10-year outcomes of high-dose image-guided intensity-modulated radiation therapy (IG-IMRT) combined with long-term androgen deprivation therapy (ADT) for Japanese patients with nonmetastatic prostate cancer. METHODS: A retrospective analysis was performed on 208 Japanese patients with T1-4N0M0 prostate cancer, who underwent definitive IG-IMRT from 2006 to 2010 at our single institution. The median dose was 78 Gy (74-78) and median ADT time was 32 months (6-151). The risk stratification followed the National Comprehensive Cancer Network criteria. A biochemical relapse was defined as nadir plus 2.0 ng/mL. Toxicity was scored with the Radiation Therapy Oncology Group morbidity scale. RESULTS: The median follow-up time was 102 months. For low-, intermediate-, high-, and very-high-risk groups, the 10-year biochemical disease-free survival rates were 100%, 84%, 90%, and 72%, respectively (P = 0.008); clinical relapse-free survival rates were 100%, 100%, 100%, and 81%, respectively (P < 0.001); and cancer-specific survival rates were 100%, 100%, 100%, and 89%, respectively (P = 0.13). The independent prognostic factors influencing biochemical relapse were younger age, Gleason score ≥ 8, and radiation dose < 78 Gy in the multivariate analysis (P = 0.006, 0.014, and 0.013). The 10-year cumulative incidence of late grade 2 or higher gastrointestinal and genitourinary toxicities were 12% and 13%, respectively. No events of grade 4 or 5 were observed. CONCLUSIONS: This study suggest that high-dose IG-IMRT combined with long-term ADT is effective and implementable, leading to excellent 10-year outcomes for Japanese patients with nonmetastatic prostate cancer.",high,clinical relapse-free survival,10-year,100%,ADT + EBRT + LDR Brachy,high-risk
30411504,Favorable 10-year outcomes of image-guided intensity-modulated radiotherapy combined with long-term androgen deprivation for Japanese patients with nonmetastatic prostate cancer.,"AIM: To investigate 10-year outcomes of high-dose image-guided intensity-modulated radiation therapy (IG-IMRT) combined with long-term androgen deprivation therapy (ADT) for Japanese patients with nonmetastatic prostate cancer. METHODS: A retrospective analysis was performed on 208 Japanese patients with T1-4N0M0 prostate cancer, who underwent definitive IG-IMRT from 2006 to 2010 at our single institution. The median dose was 78 Gy (74-78) and median ADT time was 32 months (6-151). The risk stratification followed the National Comprehensive Cancer Network criteria. A biochemical relapse was defined as nadir plus 2.0 ng/mL. Toxicity was scored with the Radiation Therapy Oncology Group morbidity scale. RESULTS: The median follow-up time was 102 months. For low-, intermediate-, high-, and very-high-risk groups, the 10-year biochemical disease-free survival rates were 100%, 84%, 90%, and 72%, respectively (P = 0.008); clinical relapse-free survival rates were 100%, 100%, 100%, and 81%, respectively (P < 0.001); and cancer-specific survival rates were 100%, 100%, 100%, and 89%, respectively (P = 0.13). The independent prognostic factors influencing biochemical relapse were younger age, Gleason score ≥ 8, and radiation dose < 78 Gy in the multivariate analysis (P = 0.006, 0.014, and 0.013). The 10-year cumulative incidence of late grade 2 or higher gastrointestinal and genitourinary toxicities were 12% and 13%, respectively. No events of grade 4 or 5 were observed. CONCLUSIONS: This study suggest that high-dose IG-IMRT combined with long-term ADT is effective and implementable, leading to excellent 10-year outcomes for Japanese patients with nonmetastatic prostate cancer.",intermediate,clinical relapse-free survival,10-year,100%,ADT + EBRT + LDR Brachy,intermediate-risk
30411504,Favorable 10-year outcomes of image-guided intensity-modulated radiotherapy combined with long-term androgen deprivation for Japanese patients with nonmetastatic prostate cancer.,"AIM: To investigate 10-year outcomes of high-dose image-guided intensity-modulated radiation therapy (IG-IMRT) combined with long-term androgen deprivation therapy (ADT) for Japanese patients with nonmetastatic prostate cancer. METHODS: A retrospective analysis was performed on 208 Japanese patients with T1-4N0M0 prostate cancer, who underwent definitive IG-IMRT from 2006 to 2010 at our single institution. The median dose was 78 Gy (74-78) and median ADT time was 32 months (6-151). The risk stratification followed the National Comprehensive Cancer Network criteria. A biochemical relapse was defined as nadir plus 2.0 ng/mL. Toxicity was scored with the Radiation Therapy Oncology Group morbidity scale. RESULTS: The median follow-up time was 102 months. For low-, intermediate-, high-, and very-high-risk groups, the 10-year biochemical disease-free survival rates were 100%, 84%, 90%, and 72%, respectively (P = 0.008); clinical relapse-free survival rates were 100%, 100%, 100%, and 81%, respectively (P < 0.001); and cancer-specific survival rates were 100%, 100%, 100%, and 89%, respectively (P = 0.13). The independent prognostic factors influencing biochemical relapse were younger age, Gleason score ≥ 8, and radiation dose < 78 Gy in the multivariate analysis (P = 0.006, 0.014, and 0.013). The 10-year cumulative incidence of late grade 2 or higher gastrointestinal and genitourinary toxicities were 12% and 13%, respectively. No events of grade 4 or 5 were observed. CONCLUSIONS: This study suggest that high-dose IG-IMRT combined with long-term ADT is effective and implementable, leading to excellent 10-year outcomes for Japanese patients with nonmetastatic prostate cancer.",low,clinical relapse-free survival,10-year,100%,ADT + EBRT + LDR Brachy,low-risk
31431382,High efficacy of hypofractionated proton therapy with 4 fractions of 5 Gy as a boost to 50 Gy photon therapy for localized prostate cancer.,"PURPOSE: We report the outcome of hypofractionated proton boost as an alternative to high dose-rate brachytherapy boost, aimed at an equivalent dose exceeding 86 Gy in 2 Gy fractions, for patients with localized prostate cancer and all risk groups. METHODS: Proton boost of 20 Gy given in 4 daily fractions to the prostate was followed after a one-week rest by photon therapy to 50 Gy in 2 Gy fractions. Outcomes are presented per risk group according to both NCCN and ISUP classifications. Advanced imaging was performed for adequate staging, and at an early stage of rising PSA, to identify the relapse site. Endpoints were PSA relapse-free-, locoregional relapse-free-, and distant metastasis-free- survival. Prostate cancer-specific-, metastasis-free-, and overall survival were also estimated. Genitourinary (GU) and gastrointestinal (GI) toxicity were based on patients' questionnaires and physicians' records. RESULTS: We treated 531 patients between 2002 and 2015; 504 had localized disease. The cohort included 180 patients with T3/T4 disease (36%). The majority of the 50% with high-/very high-risk disease received ADT, 9-24 months; 92 had adjuvant pelvic node treatment. Median follow-up was 113 months (43-193). For low-, intermediate-, high-, and very high-risk patients, the 5-year PSA relapse-free survival was 100%, 94%, 82%, and 72%, respectively. Prolonged ADT improved biochemical control and nodal treatment regional control. The NCCN classification had higher predictive discrimination than the ISUP classification. The 5-year prevalence grade 3+ was 2% for GU and 0% for GI toxicity in pre-treatment symptom-free patients, and not worsened by nodal treatment. CONCLUSION: Dose escalation with hypofractionated proton boost was as effective as reported with high dose-rate brachytherapy boost, and the GU and GI toxicity profile was very similar. The proton boost was also appropriate for patients with larger prostate volume, higher T-stage, and high-risk disease encompassing elective regional node photon therapy.",high,PSA relapse-free survival,5-year,72%,Radiotherapy,high-risk
31431382,High efficacy of hypofractionated proton therapy with 4 fractions of 5 Gy as a boost to 50 Gy photon therapy for localized prostate cancer.,"PURPOSE: We report the outcome of hypofractionated proton boost as an alternative to high dose-rate brachytherapy boost, aimed at an equivalent dose exceeding 86 Gy in 2 Gy fractions, for patients with localized prostate cancer and all risk groups. METHODS: Proton boost of 20 Gy given in 4 daily fractions to the prostate was followed after a one-week rest by photon therapy to 50 Gy in 2 Gy fractions. Outcomes are presented per risk group according to both NCCN and ISUP classifications. Advanced imaging was performed for adequate staging, and at an early stage of rising PSA, to identify the relapse site. Endpoints were PSA relapse-free-, locoregional relapse-free-, and distant metastasis-free- survival. Prostate cancer-specific-, metastasis-free-, and overall survival were also estimated. Genitourinary (GU) and gastrointestinal (GI) toxicity were based on patients' questionnaires and physicians' records. RESULTS: We treated 531 patients between 2002 and 2015; 504 had localized disease. The cohort included 180 patients with T3/T4 disease (36%). The majority of the 50% with high-/very high-risk disease received ADT, 9-24 months; 92 had adjuvant pelvic node treatment. Median follow-up was 113 months (43-193). For low-, intermediate-, high-, and very high-risk patients, the 5-year PSA relapse-free survival was 100%, 94%, 82%, and 72%, respectively. Prolonged ADT improved biochemical control and nodal treatment regional control. The NCCN classification had higher predictive discrimination than the ISUP classification. The 5-year prevalence grade 3+ was 2% for GU and 0% for GI toxicity in pre-treatment symptom-free patients, and not worsened by nodal treatment. CONCLUSION: Dose escalation with hypofractionated proton boost was as effective as reported with high dose-rate brachytherapy boost, and the GU and GI toxicity profile was very similar. The proton boost was also appropriate for patients with larger prostate volume, higher T-stage, and high-risk disease encompassing elective regional node photon therapy.",high,PSA relapse-free survival,5-year,82%,Radiotherapy,high-risk
31431382,High efficacy of hypofractionated proton therapy with 4 fractions of 5 Gy as a boost to 50 Gy photon therapy for localized prostate cancer.,"PURPOSE: We report the outcome of hypofractionated proton boost as an alternative to high dose-rate brachytherapy boost, aimed at an equivalent dose exceeding 86 Gy in 2 Gy fractions, for patients with localized prostate cancer and all risk groups. METHODS: Proton boost of 20 Gy given in 4 daily fractions to the prostate was followed after a one-week rest by photon therapy to 50 Gy in 2 Gy fractions. Outcomes are presented per risk group according to both NCCN and ISUP classifications. Advanced imaging was performed for adequate staging, and at an early stage of rising PSA, to identify the relapse site. Endpoints were PSA relapse-free-, locoregional relapse-free-, and distant metastasis-free- survival. Prostate cancer-specific-, metastasis-free-, and overall survival were also estimated. Genitourinary (GU) and gastrointestinal (GI) toxicity were based on patients' questionnaires and physicians' records. RESULTS: We treated 531 patients between 2002 and 2015; 504 had localized disease. The cohort included 180 patients with T3/T4 disease (36%). The majority of the 50% with high-/very high-risk disease received ADT, 9-24 months; 92 had adjuvant pelvic node treatment. Median follow-up was 113 months (43-193). For low-, intermediate-, high-, and very high-risk patients, the 5-year PSA relapse-free survival was 100%, 94%, 82%, and 72%, respectively. Prolonged ADT improved biochemical control and nodal treatment regional control. The NCCN classification had higher predictive discrimination than the ISUP classification. The 5-year prevalence grade 3+ was 2% for GU and 0% for GI toxicity in pre-treatment symptom-free patients, and not worsened by nodal treatment. CONCLUSION: Dose escalation with hypofractionated proton boost was as effective as reported with high dose-rate brachytherapy boost, and the GU and GI toxicity profile was very similar. The proton boost was also appropriate for patients with larger prostate volume, higher T-stage, and high-risk disease encompassing elective regional node photon therapy.",intermediate,PSA relapse-free survival,5-year,94%,Radiotherapy,intermediate-risk
31431382,High efficacy of hypofractionated proton therapy with 4 fractions of 5 Gy as a boost to 50 Gy photon therapy for localized prostate cancer.,"PURPOSE: We report the outcome of hypofractionated proton boost as an alternative to high dose-rate brachytherapy boost, aimed at an equivalent dose exceeding 86 Gy in 2 Gy fractions, for patients with localized prostate cancer and all risk groups. METHODS: Proton boost of 20 Gy given in 4 daily fractions to the prostate was followed after a one-week rest by photon therapy to 50 Gy in 2 Gy fractions. Outcomes are presented per risk group according to both NCCN and ISUP classifications. Advanced imaging was performed for adequate staging, and at an early stage of rising PSA, to identify the relapse site. Endpoints were PSA relapse-free-, locoregional relapse-free-, and distant metastasis-free- survival. Prostate cancer-specific-, metastasis-free-, and overall survival were also estimated. Genitourinary (GU) and gastrointestinal (GI) toxicity were based on patients' questionnaires and physicians' records. RESULTS: We treated 531 patients between 2002 and 2015; 504 had localized disease. The cohort included 180 patients with T3/T4 disease (36%). The majority of the 50% with high-/very high-risk disease received ADT, 9-24 months; 92 had adjuvant pelvic node treatment. Median follow-up was 113 months (43-193). For low-, intermediate-, high-, and very high-risk patients, the 5-year PSA relapse-free survival was 100%, 94%, 82%, and 72%, respectively. Prolonged ADT improved biochemical control and nodal treatment regional control. The NCCN classification had higher predictive discrimination than the ISUP classification. The 5-year prevalence grade 3+ was 2% for GU and 0% for GI toxicity in pre-treatment symptom-free patients, and not worsened by nodal treatment. CONCLUSION: Dose escalation with hypofractionated proton boost was as effective as reported with high dose-rate brachytherapy boost, and the GU and GI toxicity profile was very similar. The proton boost was also appropriate for patients with larger prostate volume, higher T-stage, and high-risk disease encompassing elective regional node photon therapy.",low,PSA relapse-free survival,5-year,100%,Radiotherapy,low-risk
30416045,High-dose-rate brachytherapy monotherapy versus low-dose-rate brachytherapy with or without external beam radiotherapy for clinically localized prostate cancer.,"BACKGROUND: To compare the outcome of high-dose-rate interstitial brachytherapy (HDR-BT) monotherapy and low-dose-rate brachytherapy (LDR-BT) with or without external beam radiotherapy (EBRT) for localized prostate cancer. METHODS AND MATERIALS: We compared 352 patients treated with HDR-BT as monotherapy (median follow-up time 84 months, NCCN risk classification; low: intermediate: high = 28:145:179) and 486 patients with LDR-BT with or without EBRT (90 months, 194:254:38). HDR-BT treated advanced disease with more hormonal therapy than LDR-BT. LDR-BT excluded patients with T3b-T4 tumor and initial PSA >50 ng/ml. Inverse probability of treatment weighting (IPTW) involving propensity scores was used to reduce background selection bias. RESULTS: The actuarial 5-year biochemical failure-free survival rates (bNED) were 92.9% and 95.6% (p = 0.25) in the HDR-BT and LDR-BT groups, respectively, and it was 100% and 97.3% (p = 0.99) in the low-risk, 95.6% and 94.3% (p = 0.19) in the intermediate, 89.6% and 94.9% (p = 0.26) in the high-risk groups, and 93.1% and 94.9% (p = 0.98) in selected high-risk group excluding T3b-4 and initial PSA ≥50. IPTW correction also indicated no difference in bNED between LDR-BT and HDR-BT groups. LDR-BT showed a higher incidence of genitourinary (GU) toxicity grade ≥2 than that of HDR-BT in the acute phase and grade 1 toxicity in late phase. Acute GU toxicity grade ≥1 predicted late GU toxicity grade ≥2. External beam radiotherapy plus LDR-BT elevated GI toxicity than LDR-BT only group. Accumulated incidence of late grade ≥2 GU and GU toxicity was equivalent between HDR-BT and LDR-BT. No grade 4 or 5 toxicities were detected in either modality. CONCLUSION: HDR-BT monotherapy showed an equivalent outcome to that of LDR-BT with or without EBRT for low-, intermediate- and selected high-risk patients. LDR-BT showed equivalent incidence of grade ≥2 late GI and GU toxicities and higher grade ≥2 acute GU toxicity as that of HDR-BT as a monotherapy.",high,biochemical failure-free survival,5-year,89.60%,Brachytherapy,high-risk
30416045,High-dose-rate brachytherapy monotherapy versus low-dose-rate brachytherapy with or without external beam radiotherapy for clinically localized prostate cancer.,"BACKGROUND: To compare the outcome of high-dose-rate interstitial brachytherapy (HDR-BT) monotherapy and low-dose-rate brachytherapy (LDR-BT) with or without external beam radiotherapy (EBRT) for localized prostate cancer. METHODS AND MATERIALS: We compared 352 patients treated with HDR-BT as monotherapy (median follow-up time 84 months, NCCN risk classification; low: intermediate: high = 28:145:179) and 486 patients with LDR-BT with or without EBRT (90 months, 194:254:38). HDR-BT treated advanced disease with more hormonal therapy than LDR-BT. LDR-BT excluded patients with T3b-T4 tumor and initial PSA >50 ng/ml. Inverse probability of treatment weighting (IPTW) involving propensity scores was used to reduce background selection bias. RESULTS: The actuarial 5-year biochemical failure-free survival rates (bNED) were 92.9% and 95.6% (p = 0.25) in the HDR-BT and LDR-BT groups, respectively, and it was 100% and 97.3% (p = 0.99) in the low-risk, 95.6% and 94.3% (p = 0.19) in the intermediate, 89.6% and 94.9% (p = 0.26) in the high-risk groups, and 93.1% and 94.9% (p = 0.98) in selected high-risk group excluding T3b-4 and initial PSA ≥50. IPTW correction also indicated no difference in bNED between LDR-BT and HDR-BT groups. LDR-BT showed a higher incidence of genitourinary (GU) toxicity grade ≥2 than that of HDR-BT in the acute phase and grade 1 toxicity in late phase. Acute GU toxicity grade ≥1 predicted late GU toxicity grade ≥2. External beam radiotherapy plus LDR-BT elevated GI toxicity than LDR-BT only group. Accumulated incidence of late grade ≥2 GU and GU toxicity was equivalent between HDR-BT and LDR-BT. No grade 4 or 5 toxicities were detected in either modality. CONCLUSION: HDR-BT monotherapy showed an equivalent outcome to that of LDR-BT with or without EBRT for low-, intermediate- and selected high-risk patients. LDR-BT showed equivalent incidence of grade ≥2 late GI and GU toxicities and higher grade ≥2 acute GU toxicity as that of HDR-BT as a monotherapy.",high,biochemical failure-free survival,5-year,93.10%,Brachytherapy,high-risk
30416045,High-dose-rate brachytherapy monotherapy versus low-dose-rate brachytherapy with or without external beam radiotherapy for clinically localized prostate cancer.,"BACKGROUND: To compare the outcome of high-dose-rate interstitial brachytherapy (HDR-BT) monotherapy and low-dose-rate brachytherapy (LDR-BT) with or without external beam radiotherapy (EBRT) for localized prostate cancer. METHODS AND MATERIALS: We compared 352 patients treated with HDR-BT as monotherapy (median follow-up time 84 months, NCCN risk classification; low: intermediate: high = 28:145:179) and 486 patients with LDR-BT with or without EBRT (90 months, 194:254:38). HDR-BT treated advanced disease with more hormonal therapy than LDR-BT. LDR-BT excluded patients with T3b-T4 tumor and initial PSA >50 ng/ml. Inverse probability of treatment weighting (IPTW) involving propensity scores was used to reduce background selection bias. RESULTS: The actuarial 5-year biochemical failure-free survival rates (bNED) were 92.9% and 95.6% (p = 0.25) in the HDR-BT and LDR-BT groups, respectively, and it was 100% and 97.3% (p = 0.99) in the low-risk, 95.6% and 94.3% (p = 0.19) in the intermediate, 89.6% and 94.9% (p = 0.26) in the high-risk groups, and 93.1% and 94.9% (p = 0.98) in selected high-risk group excluding T3b-4 and initial PSA ≥50. IPTW correction also indicated no difference in bNED between LDR-BT and HDR-BT groups. LDR-BT showed a higher incidence of genitourinary (GU) toxicity grade ≥2 than that of HDR-BT in the acute phase and grade 1 toxicity in late phase. Acute GU toxicity grade ≥1 predicted late GU toxicity grade ≥2. External beam radiotherapy plus LDR-BT elevated GI toxicity than LDR-BT only group. Accumulated incidence of late grade ≥2 GU and GU toxicity was equivalent between HDR-BT and LDR-BT. No grade 4 or 5 toxicities were detected in either modality. CONCLUSION: HDR-BT monotherapy showed an equivalent outcome to that of LDR-BT with or without EBRT for low-, intermediate- and selected high-risk patients. LDR-BT showed equivalent incidence of grade ≥2 late GI and GU toxicities and higher grade ≥2 acute GU toxicity as that of HDR-BT as a monotherapy.",intermediate,biochemical failure-free survival,5-year,94.30%,EBRT + LDR Brachy,intermediate-risk
30416045,High-dose-rate brachytherapy monotherapy versus low-dose-rate brachytherapy with or without external beam radiotherapy for clinically localized prostate cancer.,"BACKGROUND: To compare the outcome of high-dose-rate interstitial brachytherapy (HDR-BT) monotherapy and low-dose-rate brachytherapy (LDR-BT) with or without external beam radiotherapy (EBRT) for localized prostate cancer. METHODS AND MATERIALS: We compared 352 patients treated with HDR-BT as monotherapy (median follow-up time 84 months, NCCN risk classification; low: intermediate: high = 28:145:179) and 486 patients with LDR-BT with or without EBRT (90 months, 194:254:38). HDR-BT treated advanced disease with more hormonal therapy than LDR-BT. LDR-BT excluded patients with T3b-T4 tumor and initial PSA >50 ng/ml. Inverse probability of treatment weighting (IPTW) involving propensity scores was used to reduce background selection bias. RESULTS: The actuarial 5-year biochemical failure-free survival rates (bNED) were 92.9% and 95.6% (p = 0.25) in the HDR-BT and LDR-BT groups, respectively, and it was 100% and 97.3% (p = 0.99) in the low-risk, 95.6% and 94.3% (p = 0.19) in the intermediate, 89.6% and 94.9% (p = 0.26) in the high-risk groups, and 93.1% and 94.9% (p = 0.98) in selected high-risk group excluding T3b-4 and initial PSA ≥50. IPTW correction also indicated no difference in bNED between LDR-BT and HDR-BT groups. LDR-BT showed a higher incidence of genitourinary (GU) toxicity grade ≥2 than that of HDR-BT in the acute phase and grade 1 toxicity in late phase. Acute GU toxicity grade ≥1 predicted late GU toxicity grade ≥2. External beam radiotherapy plus LDR-BT elevated GI toxicity than LDR-BT only group. Accumulated incidence of late grade ≥2 GU and GU toxicity was equivalent between HDR-BT and LDR-BT. No grade 4 or 5 toxicities were detected in either modality. CONCLUSION: HDR-BT monotherapy showed an equivalent outcome to that of LDR-BT with or without EBRT for low-, intermediate- and selected high-risk patients. LDR-BT showed equivalent incidence of grade ≥2 late GI and GU toxicities and higher grade ≥2 acute GU toxicity as that of HDR-BT as a monotherapy.",high,biochemical failure-free survival,5-year,94.90%,EBRT + LDR Brachy,high-risk
30416045,High-dose-rate brachytherapy monotherapy versus low-dose-rate brachytherapy with or without external beam radiotherapy for clinically localized prostate cancer.,"BACKGROUND: To compare the outcome of high-dose-rate interstitial brachytherapy (HDR-BT) monotherapy and low-dose-rate brachytherapy (LDR-BT) with or without external beam radiotherapy (EBRT) for localized prostate cancer. METHODS AND MATERIALS: We compared 352 patients treated with HDR-BT as monotherapy (median follow-up time 84 months, NCCN risk classification; low: intermediate: high = 28:145:179) and 486 patients with LDR-BT with or without EBRT (90 months, 194:254:38). HDR-BT treated advanced disease with more hormonal therapy than LDR-BT. LDR-BT excluded patients with T3b-T4 tumor and initial PSA >50 ng/ml. Inverse probability of treatment weighting (IPTW) involving propensity scores was used to reduce background selection bias. RESULTS: The actuarial 5-year biochemical failure-free survival rates (bNED) were 92.9% and 95.6% (p = 0.25) in the HDR-BT and LDR-BT groups, respectively, and it was 100% and 97.3% (p = 0.99) in the low-risk, 95.6% and 94.3% (p = 0.19) in the intermediate, 89.6% and 94.9% (p = 0.26) in the high-risk groups, and 93.1% and 94.9% (p = 0.98) in selected high-risk group excluding T3b-4 and initial PSA ≥50. IPTW correction also indicated no difference in bNED between LDR-BT and HDR-BT groups. LDR-BT showed a higher incidence of genitourinary (GU) toxicity grade ≥2 than that of HDR-BT in the acute phase and grade 1 toxicity in late phase. Acute GU toxicity grade ≥1 predicted late GU toxicity grade ≥2. External beam radiotherapy plus LDR-BT elevated GI toxicity than LDR-BT only group. Accumulated incidence of late grade ≥2 GU and GU toxicity was equivalent between HDR-BT and LDR-BT. No grade 4 or 5 toxicities were detected in either modality. CONCLUSION: HDR-BT monotherapy showed an equivalent outcome to that of LDR-BT with or without EBRT for low-, intermediate- and selected high-risk patients. LDR-BT showed equivalent incidence of grade ≥2 late GI and GU toxicities and higher grade ≥2 acute GU toxicity as that of HDR-BT as a monotherapy.",high,biochemical failure-free survival,5-year,94.90%,EBRT + LDR Brachy,high-risk
30416045,High-dose-rate brachytherapy monotherapy versus low-dose-rate brachytherapy with or without external beam radiotherapy for clinically localized prostate cancer.,"BACKGROUND: To compare the outcome of high-dose-rate interstitial brachytherapy (HDR-BT) monotherapy and low-dose-rate brachytherapy (LDR-BT) with or without external beam radiotherapy (EBRT) for localized prostate cancer. METHODS AND MATERIALS: We compared 352 patients treated with HDR-BT as monotherapy (median follow-up time 84 months, NCCN risk classification; low: intermediate: high = 28:145:179) and 486 patients with LDR-BT with or without EBRT (90 months, 194:254:38). HDR-BT treated advanced disease with more hormonal therapy than LDR-BT. LDR-BT excluded patients with T3b-T4 tumor and initial PSA >50 ng/ml. Inverse probability of treatment weighting (IPTW) involving propensity scores was used to reduce background selection bias. RESULTS: The actuarial 5-year biochemical failure-free survival rates (bNED) were 92.9% and 95.6% (p = 0.25) in the HDR-BT and LDR-BT groups, respectively, and it was 100% and 97.3% (p = 0.99) in the low-risk, 95.6% and 94.3% (p = 0.19) in the intermediate, 89.6% and 94.9% (p = 0.26) in the high-risk groups, and 93.1% and 94.9% (p = 0.98) in selected high-risk group excluding T3b-4 and initial PSA ≥50. IPTW correction also indicated no difference in bNED between LDR-BT and HDR-BT groups. LDR-BT showed a higher incidence of genitourinary (GU) toxicity grade ≥2 than that of HDR-BT in the acute phase and grade 1 toxicity in late phase. Acute GU toxicity grade ≥1 predicted late GU toxicity grade ≥2. External beam radiotherapy plus LDR-BT elevated GI toxicity than LDR-BT only group. Accumulated incidence of late grade ≥2 GU and GU toxicity was equivalent between HDR-BT and LDR-BT. No grade 4 or 5 toxicities were detected in either modality. CONCLUSION: HDR-BT monotherapy showed an equivalent outcome to that of LDR-BT with or without EBRT for low-, intermediate- and selected high-risk patients. LDR-BT showed equivalent incidence of grade ≥2 late GI and GU toxicities and higher grade ≥2 acute GU toxicity as that of HDR-BT as a monotherapy.",intermediate,biochemical failure-free survival,5-year,95.60%,Brachytherapy,intermediate-risk
30416045,High-dose-rate brachytherapy monotherapy versus low-dose-rate brachytherapy with or without external beam radiotherapy for clinically localized prostate cancer.,"BACKGROUND: To compare the outcome of high-dose-rate interstitial brachytherapy (HDR-BT) monotherapy and low-dose-rate brachytherapy (LDR-BT) with or without external beam radiotherapy (EBRT) for localized prostate cancer. METHODS AND MATERIALS: We compared 352 patients treated with HDR-BT as monotherapy (median follow-up time 84 months, NCCN risk classification; low: intermediate: high = 28:145:179) and 486 patients with LDR-BT with or without EBRT (90 months, 194:254:38). HDR-BT treated advanced disease with more hormonal therapy than LDR-BT. LDR-BT excluded patients with T3b-T4 tumor and initial PSA >50 ng/ml. Inverse probability of treatment weighting (IPTW) involving propensity scores was used to reduce background selection bias. RESULTS: The actuarial 5-year biochemical failure-free survival rates (bNED) were 92.9% and 95.6% (p = 0.25) in the HDR-BT and LDR-BT groups, respectively, and it was 100% and 97.3% (p = 0.99) in the low-risk, 95.6% and 94.3% (p = 0.19) in the intermediate, 89.6% and 94.9% (p = 0.26) in the high-risk groups, and 93.1% and 94.9% (p = 0.98) in selected high-risk group excluding T3b-4 and initial PSA ≥50. IPTW correction also indicated no difference in bNED between LDR-BT and HDR-BT groups. LDR-BT showed a higher incidence of genitourinary (GU) toxicity grade ≥2 than that of HDR-BT in the acute phase and grade 1 toxicity in late phase. Acute GU toxicity grade ≥1 predicted late GU toxicity grade ≥2. External beam radiotherapy plus LDR-BT elevated GI toxicity than LDR-BT only group. Accumulated incidence of late grade ≥2 GU and GU toxicity was equivalent between HDR-BT and LDR-BT. No grade 4 or 5 toxicities were detected in either modality. CONCLUSION: HDR-BT monotherapy showed an equivalent outcome to that of LDR-BT with or without EBRT for low-, intermediate- and selected high-risk patients. LDR-BT showed equivalent incidence of grade ≥2 late GI and GU toxicities and higher grade ≥2 acute GU toxicity as that of HDR-BT as a monotherapy.",low,biochemical failure-free survival,5-year,97.30%,EBRT + LDR Brachy,low-risk
30416045,High-dose-rate brachytherapy monotherapy versus low-dose-rate brachytherapy with or without external beam radiotherapy for clinically localized prostate cancer.,"BACKGROUND: To compare the outcome of high-dose-rate interstitial brachytherapy (HDR-BT) monotherapy and low-dose-rate brachytherapy (LDR-BT) with or without external beam radiotherapy (EBRT) for localized prostate cancer. METHODS AND MATERIALS: We compared 352 patients treated with HDR-BT as monotherapy (median follow-up time 84 months, NCCN risk classification; low: intermediate: high = 28:145:179) and 486 patients with LDR-BT with or without EBRT (90 months, 194:254:38). HDR-BT treated advanced disease with more hormonal therapy than LDR-BT. LDR-BT excluded patients with T3b-T4 tumor and initial PSA >50 ng/ml. Inverse probability of treatment weighting (IPTW) involving propensity scores was used to reduce background selection bias. RESULTS: The actuarial 5-year biochemical failure-free survival rates (bNED) were 92.9% and 95.6% (p = 0.25) in the HDR-BT and LDR-BT groups, respectively, and it was 100% and 97.3% (p = 0.99) in the low-risk, 95.6% and 94.3% (p = 0.19) in the intermediate, 89.6% and 94.9% (p = 0.26) in the high-risk groups, and 93.1% and 94.9% (p = 0.98) in selected high-risk group excluding T3b-4 and initial PSA ≥50. IPTW correction also indicated no difference in bNED between LDR-BT and HDR-BT groups. LDR-BT showed a higher incidence of genitourinary (GU) toxicity grade ≥2 than that of HDR-BT in the acute phase and grade 1 toxicity in late phase. Acute GU toxicity grade ≥1 predicted late GU toxicity grade ≥2. External beam radiotherapy plus LDR-BT elevated GI toxicity than LDR-BT only group. Accumulated incidence of late grade ≥2 GU and GU toxicity was equivalent between HDR-BT and LDR-BT. No grade 4 or 5 toxicities were detected in either modality. CONCLUSION: HDR-BT monotherapy showed an equivalent outcome to that of LDR-BT with or without EBRT for low-, intermediate- and selected high-risk patients. LDR-BT showed equivalent incidence of grade ≥2 late GI and GU toxicities and higher grade ≥2 acute GU toxicity as that of HDR-BT as a monotherapy.",low,biochemical failure-free survival,5-year,100%,Brachytherapy,low-risk
31873779,Image-guided dose-escalated radiation therapy for localized prostate cancer with helical tomotherapy.,"PURPOSE: To evaluate treatment outcomes for patients with localized prostate cancer who were treated with dose-escalated primary image-guided radiation therapy (IGRT). METHODS: We retrospectively analyzed 88 consecutive patients treated using helical tomotherapy with daily megavoltage CTs (MVCT). Patients were prescribed daily doses of 1.8 Gy to the planning target volume (PTV) and 2 Gy to the clinical target volume (CTV). Low- and favorable intermediate-risk patients received a minimum total dose of 72 Gy to the PTV and up to 80 Gy to the CTV. Unfavorable intermediate-risk and high-risk patients received a minimum total dose of 75.6 Gy to the PTV and up to 84 Gy to the CTV. We assessed freedom from biochemical relapse (FFBF), 5‐year biochemical recurrence-free survival (5-bRFS), distant metastasis-free survival (5-dMFS), and cancer-specific survival (5-CSS) as well as acute and late genitourinary (GU) and gastrointestinal (GI) toxicity. RESULTS: Among our cohort, 11.4% were low-risk, 50% intermediate-risk, and 38.6% high-risk patients according to the D'Amico criteria. Median follow-up was 66 months (range 8-83 months). FFBF was 100%, 97.7%, and 90.7%; 5‐bRFS was 100%, 92.8%, and 70.4%; 5‐dMFS was 100%, 92.7%, and 70.4%; and 5‐CSS was 100%, 97.4%, and 89.8% for low-, intermediate-, and high-risk patients, respectively. Grades 2 and 3 toxicity occurred at the following rates: acute GU toxicity 39.8% and 1.1%, acute GI toxicity 12.5% and 0%, late GU toxicity 19.3% and 4.5%, and late GI toxicity 4.5% and 1.1% of patients, respectively. No toxicity >grade 3 was observed. CONCLUSION: Risk-adapted dose-escalated IGRT with helical tomotherapy of up to 84 Gy is a feasible and well-tolerable treatment scheme with promising oncological results.",high,biochemical recurrence-free survival,5-year,70.40%,Radiotherapy,high-risk
31873779,Image-guided dose-escalated radiation therapy for localized prostate cancer with helical tomotherapy.,"PURPOSE: To evaluate treatment outcomes for patients with localized prostate cancer who were treated with dose-escalated primary image-guided radiation therapy (IGRT). METHODS: We retrospectively analyzed 88 consecutive patients treated using helical tomotherapy with daily megavoltage CTs (MVCT). Patients were prescribed daily doses of 1.8 Gy to the planning target volume (PTV) and 2 Gy to the clinical target volume (CTV). Low- and favorable intermediate-risk patients received a minimum total dose of 72 Gy to the PTV and up to 80 Gy to the CTV. Unfavorable intermediate-risk and high-risk patients received a minimum total dose of 75.6 Gy to the PTV and up to 84 Gy to the CTV. We assessed freedom from biochemical relapse (FFBF), 5‐year biochemical recurrence-free survival (5-bRFS), distant metastasis-free survival (5-dMFS), and cancer-specific survival (5-CSS) as well as acute and late genitourinary (GU) and gastrointestinal (GI) toxicity. RESULTS: Among our cohort, 11.4% were low-risk, 50% intermediate-risk, and 38.6% high-risk patients according to the D'Amico criteria. Median follow-up was 66 months (range 8-83 months). FFBF was 100%, 97.7%, and 90.7%; 5‐bRFS was 100%, 92.8%, and 70.4%; 5‐dMFS was 100%, 92.7%, and 70.4%; and 5‐CSS was 100%, 97.4%, and 89.8% for low-, intermediate-, and high-risk patients, respectively. Grades 2 and 3 toxicity occurred at the following rates: acute GU toxicity 39.8% and 1.1%, acute GI toxicity 12.5% and 0%, late GU toxicity 19.3% and 4.5%, and late GI toxicity 4.5% and 1.1% of patients, respectively. No toxicity >grade 3 was observed. CONCLUSION: Risk-adapted dose-escalated IGRT with helical tomotherapy of up to 84 Gy is a feasible and well-tolerable treatment scheme with promising oncological results.",high,cancer-specific survival,5-year,89.80%,Radiotherapy,high-risk
31873779,Image-guided dose-escalated radiation therapy for localized prostate cancer with helical tomotherapy.,"PURPOSE: To evaluate treatment outcomes for patients with localized prostate cancer who were treated with dose-escalated primary image-guided radiation therapy (IGRT). METHODS: We retrospectively analyzed 88 consecutive patients treated using helical tomotherapy with daily megavoltage CTs (MVCT). Patients were prescribed daily doses of 1.8 Gy to the planning target volume (PTV) and 2 Gy to the clinical target volume (CTV). Low- and favorable intermediate-risk patients received a minimum total dose of 72 Gy to the PTV and up to 80 Gy to the CTV. Unfavorable intermediate-risk and high-risk patients received a minimum total dose of 75.6 Gy to the PTV and up to 84 Gy to the CTV. We assessed freedom from biochemical relapse (FFBF), 5‐year biochemical recurrence-free survival (5-bRFS), distant metastasis-free survival (5-dMFS), and cancer-specific survival (5-CSS) as well as acute and late genitourinary (GU) and gastrointestinal (GI) toxicity. RESULTS: Among our cohort, 11.4% were low-risk, 50% intermediate-risk, and 38.6% high-risk patients according to the D'Amico criteria. Median follow-up was 66 months (range 8-83 months). FFBF was 100%, 97.7%, and 90.7%; 5‐bRFS was 100%, 92.8%, and 70.4%; 5‐dMFS was 100%, 92.7%, and 70.4%; and 5‐CSS was 100%, 97.4%, and 89.8% for low-, intermediate-, and high-risk patients, respectively. Grades 2 and 3 toxicity occurred at the following rates: acute GU toxicity 39.8% and 1.1%, acute GI toxicity 12.5% and 0%, late GU toxicity 19.3% and 4.5%, and late GI toxicity 4.5% and 1.1% of patients, respectively. No toxicity >grade 3 was observed. CONCLUSION: Risk-adapted dose-escalated IGRT with helical tomotherapy of up to 84 Gy is a feasible and well-tolerable treatment scheme with promising oncological results.",intermediate,distant metastasis-free survival,5-year,92.70%,Radiotherapy,intermediate-risk
31873779,Image-guided dose-escalated radiation therapy for localized prostate cancer with helical tomotherapy.,"PURPOSE: To evaluate treatment outcomes for patients with localized prostate cancer who were treated with dose-escalated primary image-guided radiation therapy (IGRT). METHODS: We retrospectively analyzed 88 consecutive patients treated using helical tomotherapy with daily megavoltage CTs (MVCT). Patients were prescribed daily doses of 1.8 Gy to the planning target volume (PTV) and 2 Gy to the clinical target volume (CTV). Low- and favorable intermediate-risk patients received a minimum total dose of 72 Gy to the PTV and up to 80 Gy to the CTV. Unfavorable intermediate-risk and high-risk patients received a minimum total dose of 75.6 Gy to the PTV and up to 84 Gy to the CTV. We assessed freedom from biochemical relapse (FFBF), 5‐year biochemical recurrence-free survival (5-bRFS), distant metastasis-free survival (5-dMFS), and cancer-specific survival (5-CSS) as well as acute and late genitourinary (GU) and gastrointestinal (GI) toxicity. RESULTS: Among our cohort, 11.4% were low-risk, 50% intermediate-risk, and 38.6% high-risk patients according to the D'Amico criteria. Median follow-up was 66 months (range 8-83 months). FFBF was 100%, 97.7%, and 90.7%; 5‐bRFS was 100%, 92.8%, and 70.4%; 5‐dMFS was 100%, 92.7%, and 70.4%; and 5‐CSS was 100%, 97.4%, and 89.8% for low-, intermediate-, and high-risk patients, respectively. Grades 2 and 3 toxicity occurred at the following rates: acute GU toxicity 39.8% and 1.1%, acute GI toxicity 12.5% and 0%, late GU toxicity 19.3% and 4.5%, and late GI toxicity 4.5% and 1.1% of patients, respectively. No toxicity >grade 3 was observed. CONCLUSION: Risk-adapted dose-escalated IGRT with helical tomotherapy of up to 84 Gy is a feasible and well-tolerable treatment scheme with promising oncological results.",intermediate,biochemical recurrence-free survival,5-year,92.80%,Radiotherapy,intermediate-risk
31873779,Image-guided dose-escalated radiation therapy for localized prostate cancer with helical tomotherapy.,"PURPOSE: To evaluate treatment outcomes for patients with localized prostate cancer who were treated with dose-escalated primary image-guided radiation therapy (IGRT). METHODS: We retrospectively analyzed 88 consecutive patients treated using helical tomotherapy with daily megavoltage CTs (MVCT). Patients were prescribed daily doses of 1.8 Gy to the planning target volume (PTV) and 2 Gy to the clinical target volume (CTV). Low- and favorable intermediate-risk patients received a minimum total dose of 72 Gy to the PTV and up to 80 Gy to the CTV. Unfavorable intermediate-risk and high-risk patients received a minimum total dose of 75.6 Gy to the PTV and up to 84 Gy to the CTV. We assessed freedom from biochemical relapse (FFBF), 5‐year biochemical recurrence-free survival (5-bRFS), distant metastasis-free survival (5-dMFS), and cancer-specific survival (5-CSS) as well as acute and late genitourinary (GU) and gastrointestinal (GI) toxicity. RESULTS: Among our cohort, 11.4% were low-risk, 50% intermediate-risk, and 38.6% high-risk patients according to the D'Amico criteria. Median follow-up was 66 months (range 8-83 months). FFBF was 100%, 97.7%, and 90.7%; 5‐bRFS was 100%, 92.8%, and 70.4%; 5‐dMFS was 100%, 92.7%, and 70.4%; and 5‐CSS was 100%, 97.4%, and 89.8% for low-, intermediate-, and high-risk patients, respectively. Grades 2 and 3 toxicity occurred at the following rates: acute GU toxicity 39.8% and 1.1%, acute GI toxicity 12.5% and 0%, late GU toxicity 19.3% and 4.5%, and late GI toxicity 4.5% and 1.1% of patients, respectively. No toxicity >grade 3 was observed. CONCLUSION: Risk-adapted dose-escalated IGRT with helical tomotherapy of up to 84 Gy is a feasible and well-tolerable treatment scheme with promising oncological results.",intermediate,cancer-specific survival,5-year,97.40%,Radiotherapy,intermediate-risk
31873779,Image-guided dose-escalated radiation therapy for localized prostate cancer with helical tomotherapy.,"PURPOSE: To evaluate treatment outcomes for patients with localized prostate cancer who were treated with dose-escalated primary image-guided radiation therapy (IGRT). METHODS: We retrospectively analyzed 88 consecutive patients treated using helical tomotherapy with daily megavoltage CTs (MVCT). Patients were prescribed daily doses of 1.8 Gy to the planning target volume (PTV) and 2 Gy to the clinical target volume (CTV). Low- and favorable intermediate-risk patients received a minimum total dose of 72 Gy to the PTV and up to 80 Gy to the CTV. Unfavorable intermediate-risk and high-risk patients received a minimum total dose of 75.6 Gy to the PTV and up to 84 Gy to the CTV. We assessed freedom from biochemical relapse (FFBF), 5‐year biochemical recurrence-free survival (5-bRFS), distant metastasis-free survival (5-dMFS), and cancer-specific survival (5-CSS) as well as acute and late genitourinary (GU) and gastrointestinal (GI) toxicity. RESULTS: Among our cohort, 11.4% were low-risk, 50% intermediate-risk, and 38.6% high-risk patients according to the D'Amico criteria. Median follow-up was 66 months (range 8-83 months). FFBF was 100%, 97.7%, and 90.7%; 5‐bRFS was 100%, 92.8%, and 70.4%; 5‐dMFS was 100%, 92.7%, and 70.4%; and 5‐CSS was 100%, 97.4%, and 89.8% for low-, intermediate-, and high-risk patients, respectively. Grades 2 and 3 toxicity occurred at the following rates: acute GU toxicity 39.8% and 1.1%, acute GI toxicity 12.5% and 0%, late GU toxicity 19.3% and 4.5%, and late GI toxicity 4.5% and 1.1% of patients, respectively. No toxicity >grade 3 was observed. CONCLUSION: Risk-adapted dose-escalated IGRT with helical tomotherapy of up to 84 Gy is a feasible and well-tolerable treatment scheme with promising oncological results.",low,biochemical recurrence-free survival,5-year,100%,Radiotherapy,low-risk
31873779,Image-guided dose-escalated radiation therapy for localized prostate cancer with helical tomotherapy.,"PURPOSE: To evaluate treatment outcomes for patients with localized prostate cancer who were treated with dose-escalated primary image-guided radiation therapy (IGRT). METHODS: We retrospectively analyzed 88 consecutive patients treated using helical tomotherapy with daily megavoltage CTs (MVCT). Patients were prescribed daily doses of 1.8 Gy to the planning target volume (PTV) and 2 Gy to the clinical target volume (CTV). Low- and favorable intermediate-risk patients received a minimum total dose of 72 Gy to the PTV and up to 80 Gy to the CTV. Unfavorable intermediate-risk and high-risk patients received a minimum total dose of 75.6 Gy to the PTV and up to 84 Gy to the CTV. We assessed freedom from biochemical relapse (FFBF), 5‐year biochemical recurrence-free survival (5-bRFS), distant metastasis-free survival (5-dMFS), and cancer-specific survival (5-CSS) as well as acute and late genitourinary (GU) and gastrointestinal (GI) toxicity. RESULTS: Among our cohort, 11.4% were low-risk, 50% intermediate-risk, and 38.6% high-risk patients according to the D'Amico criteria. Median follow-up was 66 months (range 8-83 months). FFBF was 100%, 97.7%, and 90.7%; 5‐bRFS was 100%, 92.8%, and 70.4%; 5‐dMFS was 100%, 92.7%, and 70.4%; and 5‐CSS was 100%, 97.4%, and 89.8% for low-, intermediate-, and high-risk patients, respectively. Grades 2 and 3 toxicity occurred at the following rates: acute GU toxicity 39.8% and 1.1%, acute GI toxicity 12.5% and 0%, late GU toxicity 19.3% and 4.5%, and late GI toxicity 4.5% and 1.1% of patients, respectively. No toxicity >grade 3 was observed. CONCLUSION: Risk-adapted dose-escalated IGRT with helical tomotherapy of up to 84 Gy is a feasible and well-tolerable treatment scheme with promising oncological results.",low,cancer-specific survival,5-year,100%,Radiotherapy,low-risk
31873779,Image-guided dose-escalated radiation therapy for localized prostate cancer with helical tomotherapy.,"PURPOSE: To evaluate treatment outcomes for patients with localized prostate cancer who were treated with dose-escalated primary image-guided radiation therapy (IGRT). METHODS: We retrospectively analyzed 88 consecutive patients treated using helical tomotherapy with daily megavoltage CTs (MVCT). Patients were prescribed daily doses of 1.8 Gy to the planning target volume (PTV) and 2 Gy to the clinical target volume (CTV). Low- and favorable intermediate-risk patients received a minimum total dose of 72 Gy to the PTV and up to 80 Gy to the CTV. Unfavorable intermediate-risk and high-risk patients received a minimum total dose of 75.6 Gy to the PTV and up to 84 Gy to the CTV. We assessed freedom from biochemical relapse (FFBF), 5‐year biochemical recurrence-free survival (5-bRFS), distant metastasis-free survival (5-dMFS), and cancer-specific survival (5-CSS) as well as acute and late genitourinary (GU) and gastrointestinal (GI) toxicity. RESULTS: Among our cohort, 11.4% were low-risk, 50% intermediate-risk, and 38.6% high-risk patients according to the D'Amico criteria. Median follow-up was 66 months (range 8-83 months). FFBF was 100%, 97.7%, and 90.7%; 5‐bRFS was 100%, 92.8%, and 70.4%; 5‐dMFS was 100%, 92.7%, and 70.4%; and 5‐CSS was 100%, 97.4%, and 89.8% for low-, intermediate-, and high-risk patients, respectively. Grades 2 and 3 toxicity occurred at the following rates: acute GU toxicity 39.8% and 1.1%, acute GI toxicity 12.5% and 0%, late GU toxicity 19.3% and 4.5%, and late GI toxicity 4.5% and 1.1% of patients, respectively. No toxicity >grade 3 was observed. CONCLUSION: Risk-adapted dose-escalated IGRT with helical tomotherapy of up to 84 Gy is a feasible and well-tolerable treatment scheme with promising oncological results.",low,distant metastasis-free survival,5-year,100%,Radiotherapy,low-risk
30935583,Impact of a dominant intraprostatic lesion (DIL) boost defined by sextant biopsy in permanent I-125 prostate implants on biochemical disease free survival (bDFS) and toxicity outcomes.,"BACKGROUND AND PURPOSE: To compare bDFS and toxicity outcomes in a population of intermediate risk prostate cancer patients treated using I-125 LDR brachytherapy with or without DIL boost based on multiple core biopsy maps. MATERIALS AND METHODS: Between January 2005 and December 2013, all our intermediate risk prostate cancer patients treated with LDR I-125 brachytherapy were reviewed. All patients were given 144 Gy to the prostate. A pathologic DIL distribution (defined by sextant biopsy) was contoured prospectively prior to planning, to be covered by the 150% isodose line. Of the 165 patients treated, 55 received a DIL boost. Patients completed prospectively the IPSS questionnaire, a sexual and bowel function questionnaire. Gastro-intestinal toxicities were graded according to CTCAE v4.03. A patient was considered to have erectile dysfunction if he was unable to achieve erection to perform intercourse. BDFS was determined according to the Phoenix consensus definitions. RESULTS: The median follow-up was 78 months. The estimated 7-year bDFS rate was 96% (95% CI, 74-99%) in the DIL group versus 89% (95% CI, 79-94%) in the control group (p = 0.188). There was no difference between groups in urinary, gastro-intestinal or sexual toxicities up to 5 years of follow-up. There was no difference in urinary obstruction with catheterization between DIL versus control groups (3,6 vs 2,8 %, p = 1.00). Only 1 patient in the DIL group had ≥grade 3 toxicity (TURP) and none in the control group. CONCLUSIONS: Boost to DIL defined by sextant biopsy with permanent seed prostate implant shows a trend toward improvement of biochemical control in intermediate risk prostate cancer patient without increasing toxicity.",intermediate,biochemical recurrence-free survival,7-year,89%,Brachytherapy,intermediate-risk
30935583,Impact of a dominant intraprostatic lesion (DIL) boost defined by sextant biopsy in permanent I-125 prostate implants on biochemical disease free survival (bDFS) and toxicity outcomes.,"BACKGROUND AND PURPOSE: To compare bDFS and toxicity outcomes in a population of intermediate risk prostate cancer patients treated using I-125 LDR brachytherapy with or without DIL boost based on multiple core biopsy maps. MATERIALS AND METHODS: Between January 2005 and December 2013, all our intermediate risk prostate cancer patients treated with LDR I-125 brachytherapy were reviewed. All patients were given 144 Gy to the prostate. A pathologic DIL distribution (defined by sextant biopsy) was contoured prospectively prior to planning, to be covered by the 150% isodose line. Of the 165 patients treated, 55 received a DIL boost. Patients completed prospectively the IPSS questionnaire, a sexual and bowel function questionnaire. Gastro-intestinal toxicities were graded according to CTCAE v4.03. A patient was considered to have erectile dysfunction if he was unable to achieve erection to perform intercourse. BDFS was determined according to the Phoenix consensus definitions. RESULTS: The median follow-up was 78 months. The estimated 7-year bDFS rate was 96% (95% CI, 74-99%) in the DIL group versus 89% (95% CI, 79-94%) in the control group (p = 0.188). There was no difference between groups in urinary, gastro-intestinal or sexual toxicities up to 5 years of follow-up. There was no difference in urinary obstruction with catheterization between DIL versus control groups (3,6 vs 2,8 %, p = 1.00). Only 1 patient in the DIL group had ≥grade 3 toxicity (TURP) and none in the control group. CONCLUSIONS: Boost to DIL defined by sextant biopsy with permanent seed prostate implant shows a trend toward improvement of biochemical control in intermediate risk prostate cancer patient without increasing toxicity.",intermediate,biochemical recurrence-free survival,7-year,96%,Brachytherapy,intermediate-risk
31648965,Impact of Adherence to Multidisciplinary Recommendations for Adjuvant Treatment in Radical Prostatectomy Patients With High Risk of Recurrence.,"INTRODUCTION: The purpose of this study was to investigate adherence to recommended adjuvant radiotherapy (aRT) in radical prostatectomy (RP) patients with adverse pathologic features and to analyse the outcome of patients who followed or denied this recommendation. PATIENTS AND METHODS: We included 1140 consecutive RP patients (2006-2015) with non-organ confined (pT3) prostate cancer and either positive surgical margins (R1) and/or lymph node involvement (pN1) and non-detectable postoperative prostate-specific antigen who received multidisciplinary aRT recommendations. Patients were stratified into adherence versus non-adherence to recommendations. Additionally, subgroups within pathologic criteria (pT3R1N0, pT3R0N1, pT3R1N1) were analyzed. Kaplan-Meier, as well as multivariable Cox regression analyses were used to assess biochemical recurrence (BCR)-free survival, metastasis-free survival, cancer-specific survival, and overall survival. RESULTS: Overall, 508 (44.6%) patients were non-adherent. Of those, 273 (53.6%) did not receive any RT, and 235 (46.4%) received salvage RT. At 8 years, BCR-free survival was 57.7 versus 20.1%, metastasis-free survival was 76.5 versus 75.4%, cancer-specific survival was 91.7 versus 87.4%, and overall survival was 80.4 versus 75.8% in adherent versus non-adherent patients, respectively (P < .001). In multivariable Cox regression predicting BCR, metastatic progression, cancer-specific mortality, and overall mortality, non-adherence to aRT recommendation represented an independent predictor (hazard ratio [HR], 3.8; 95% confidence interval [CI], 3.1-4.5; HR, 1.6; 95% CI, 1.2-2.2; HR, 2.8; 95% CI, 1.5-5.3; and HR, 1.8; 95% CI, 1.2-2.8, respectively). CONCLUSIONS: Only about 55% of patients followed our multidisciplinary recommendations. Adherent patients were significantly less likely to experience BCR, metastatic progression, cancer-specific mortality, and overall mortality. Thus, patients with high risk of recurrence may be advised about the possibility of improved oncologic outcomes in case of adherence to aRT recommendations.",high,biochemical recurrence-free survival,8-year,57.70%,Radiotherapy,high-risk
31648965,Impact of Adherence to Multidisciplinary Recommendations for Adjuvant Treatment in Radical Prostatectomy Patients With High Risk of Recurrence.,"INTRODUCTION: The purpose of this study was to investigate adherence to recommended adjuvant radiotherapy (aRT) in radical prostatectomy (RP) patients with adverse pathologic features and to analyse the outcome of patients who followed or denied this recommendation. PATIENTS AND METHODS: We included 1140 consecutive RP patients (2006-2015) with non-organ confined (pT3) prostate cancer and either positive surgical margins (R1) and/or lymph node involvement (pN1) and non-detectable postoperative prostate-specific antigen who received multidisciplinary aRT recommendations. Patients were stratified into adherence versus non-adherence to recommendations. Additionally, subgroups within pathologic criteria (pT3R1N0, pT3R0N1, pT3R1N1) were analyzed. Kaplan-Meier, as well as multivariable Cox regression analyses were used to assess biochemical recurrence (BCR)-free survival, metastasis-free survival, cancer-specific survival, and overall survival. RESULTS: Overall, 508 (44.6%) patients were non-adherent. Of those, 273 (53.6%) did not receive any RT, and 235 (46.4%) received salvage RT. At 8 years, BCR-free survival was 57.7 versus 20.1%, metastasis-free survival was 76.5 versus 75.4%, cancer-specific survival was 91.7 versus 87.4%, and overall survival was 80.4 versus 75.8% in adherent versus non-adherent patients, respectively (P < .001). In multivariable Cox regression predicting BCR, metastatic progression, cancer-specific mortality, and overall mortality, non-adherence to aRT recommendation represented an independent predictor (hazard ratio [HR], 3.8; 95% confidence interval [CI], 3.1-4.5; HR, 1.6; 95% CI, 1.2-2.2; HR, 2.8; 95% CI, 1.5-5.3; and HR, 1.8; 95% CI, 1.2-2.8, respectively). CONCLUSIONS: Only about 55% of patients followed our multidisciplinary recommendations. Adherent patients were significantly less likely to experience BCR, metastatic progression, cancer-specific mortality, and overall mortality. Thus, patients with high risk of recurrence may be advised about the possibility of improved oncologic outcomes in case of adherence to aRT recommendations.",high,metastasis-free survival,8-year,75.40%,other,high-risk
31648965,Impact of Adherence to Multidisciplinary Recommendations for Adjuvant Treatment in Radical Prostatectomy Patients With High Risk of Recurrence.,"INTRODUCTION: The purpose of this study was to investigate adherence to recommended adjuvant radiotherapy (aRT) in radical prostatectomy (RP) patients with adverse pathologic features and to analyse the outcome of patients who followed or denied this recommendation. PATIENTS AND METHODS: We included 1140 consecutive RP patients (2006-2015) with non-organ confined (pT3) prostate cancer and either positive surgical margins (R1) and/or lymph node involvement (pN1) and non-detectable postoperative prostate-specific antigen who received multidisciplinary aRT recommendations. Patients were stratified into adherence versus non-adherence to recommendations. Additionally, subgroups within pathologic criteria (pT3R1N0, pT3R0N1, pT3R1N1) were analyzed. Kaplan-Meier, as well as multivariable Cox regression analyses were used to assess biochemical recurrence (BCR)-free survival, metastasis-free survival, cancer-specific survival, and overall survival. RESULTS: Overall, 508 (44.6%) patients were non-adherent. Of those, 273 (53.6%) did not receive any RT, and 235 (46.4%) received salvage RT. At 8 years, BCR-free survival was 57.7 versus 20.1%, metastasis-free survival was 76.5 versus 75.4%, cancer-specific survival was 91.7 versus 87.4%, and overall survival was 80.4 versus 75.8% in adherent versus non-adherent patients, respectively (P < .001). In multivariable Cox regression predicting BCR, metastatic progression, cancer-specific mortality, and overall mortality, non-adherence to aRT recommendation represented an independent predictor (hazard ratio [HR], 3.8; 95% confidence interval [CI], 3.1-4.5; HR, 1.6; 95% CI, 1.2-2.2; HR, 2.8; 95% CI, 1.5-5.3; and HR, 1.8; 95% CI, 1.2-2.8, respectively). CONCLUSIONS: Only about 55% of patients followed our multidisciplinary recommendations. Adherent patients were significantly less likely to experience BCR, metastatic progression, cancer-specific mortality, and overall mortality. Thus, patients with high risk of recurrence may be advised about the possibility of improved oncologic outcomes in case of adherence to aRT recommendations.",high,overall survival,8-year,75.80%,other,high-risk
31648965,Impact of Adherence to Multidisciplinary Recommendations for Adjuvant Treatment in Radical Prostatectomy Patients With High Risk of Recurrence.,"INTRODUCTION: The purpose of this study was to investigate adherence to recommended adjuvant radiotherapy (aRT) in radical prostatectomy (RP) patients with adverse pathologic features and to analyse the outcome of patients who followed or denied this recommendation. PATIENTS AND METHODS: We included 1140 consecutive RP patients (2006-2015) with non-organ confined (pT3) prostate cancer and either positive surgical margins (R1) and/or lymph node involvement (pN1) and non-detectable postoperative prostate-specific antigen who received multidisciplinary aRT recommendations. Patients were stratified into adherence versus non-adherence to recommendations. Additionally, subgroups within pathologic criteria (pT3R1N0, pT3R0N1, pT3R1N1) were analyzed. Kaplan-Meier, as well as multivariable Cox regression analyses were used to assess biochemical recurrence (BCR)-free survival, metastasis-free survival, cancer-specific survival, and overall survival. RESULTS: Overall, 508 (44.6%) patients were non-adherent. Of those, 273 (53.6%) did not receive any RT, and 235 (46.4%) received salvage RT. At 8 years, BCR-free survival was 57.7 versus 20.1%, metastasis-free survival was 76.5 versus 75.4%, cancer-specific survival was 91.7 versus 87.4%, and overall survival was 80.4 versus 75.8% in adherent versus non-adherent patients, respectively (P < .001). In multivariable Cox regression predicting BCR, metastatic progression, cancer-specific mortality, and overall mortality, non-adherence to aRT recommendation represented an independent predictor (hazard ratio [HR], 3.8; 95% confidence interval [CI], 3.1-4.5; HR, 1.6; 95% CI, 1.2-2.2; HR, 2.8; 95% CI, 1.5-5.3; and HR, 1.8; 95% CI, 1.2-2.8, respectively). CONCLUSIONS: Only about 55% of patients followed our multidisciplinary recommendations. Adherent patients were significantly less likely to experience BCR, metastatic progression, cancer-specific mortality, and overall mortality. Thus, patients with high risk of recurrence may be advised about the possibility of improved oncologic outcomes in case of adherence to aRT recommendations.",high,metastasis-free survival,8-year,76.50%,Radiotherapy,high-risk
31648965,Impact of Adherence to Multidisciplinary Recommendations for Adjuvant Treatment in Radical Prostatectomy Patients With High Risk of Recurrence.,"INTRODUCTION: The purpose of this study was to investigate adherence to recommended adjuvant radiotherapy (aRT) in radical prostatectomy (RP) patients with adverse pathologic features and to analyse the outcome of patients who followed or denied this recommendation. PATIENTS AND METHODS: We included 1140 consecutive RP patients (2006-2015) with non-organ confined (pT3) prostate cancer and either positive surgical margins (R1) and/or lymph node involvement (pN1) and non-detectable postoperative prostate-specific antigen who received multidisciplinary aRT recommendations. Patients were stratified into adherence versus non-adherence to recommendations. Additionally, subgroups within pathologic criteria (pT3R1N0, pT3R0N1, pT3R1N1) were analyzed. Kaplan-Meier, as well as multivariable Cox regression analyses were used to assess biochemical recurrence (BCR)-free survival, metastasis-free survival, cancer-specific survival, and overall survival. RESULTS: Overall, 508 (44.6%) patients were non-adherent. Of those, 273 (53.6%) did not receive any RT, and 235 (46.4%) received salvage RT. At 8 years, BCR-free survival was 57.7 versus 20.1%, metastasis-free survival was 76.5 versus 75.4%, cancer-specific survival was 91.7 versus 87.4%, and overall survival was 80.4 versus 75.8% in adherent versus non-adherent patients, respectively (P < .001). In multivariable Cox regression predicting BCR, metastatic progression, cancer-specific mortality, and overall mortality, non-adherence to aRT recommendation represented an independent predictor (hazard ratio [HR], 3.8; 95% confidence interval [CI], 3.1-4.5; HR, 1.6; 95% CI, 1.2-2.2; HR, 2.8; 95% CI, 1.5-5.3; and HR, 1.8; 95% CI, 1.2-2.8, respectively). CONCLUSIONS: Only about 55% of patients followed our multidisciplinary recommendations. Adherent patients were significantly less likely to experience BCR, metastatic progression, cancer-specific mortality, and overall mortality. Thus, patients with high risk of recurrence may be advised about the possibility of improved oncologic outcomes in case of adherence to aRT recommendations.",high,overall survival,8-year,80.40%,Radiotherapy,high-risk
31648965,Impact of Adherence to Multidisciplinary Recommendations for Adjuvant Treatment in Radical Prostatectomy Patients With High Risk of Recurrence.,"INTRODUCTION: The purpose of this study was to investigate adherence to recommended adjuvant radiotherapy (aRT) in radical prostatectomy (RP) patients with adverse pathologic features and to analyse the outcome of patients who followed or denied this recommendation. PATIENTS AND METHODS: We included 1140 consecutive RP patients (2006-2015) with non-organ confined (pT3) prostate cancer and either positive surgical margins (R1) and/or lymph node involvement (pN1) and non-detectable postoperative prostate-specific antigen who received multidisciplinary aRT recommendations. Patients were stratified into adherence versus non-adherence to recommendations. Additionally, subgroups within pathologic criteria (pT3R1N0, pT3R0N1, pT3R1N1) were analyzed. Kaplan-Meier, as well as multivariable Cox regression analyses were used to assess biochemical recurrence (BCR)-free survival, metastasis-free survival, cancer-specific survival, and overall survival. RESULTS: Overall, 508 (44.6%) patients were non-adherent. Of those, 273 (53.6%) did not receive any RT, and 235 (46.4%) received salvage RT. At 8 years, BCR-free survival was 57.7 versus 20.1%, metastasis-free survival was 76.5 versus 75.4%, cancer-specific survival was 91.7 versus 87.4%, and overall survival was 80.4 versus 75.8% in adherent versus non-adherent patients, respectively (P < .001). In multivariable Cox regression predicting BCR, metastatic progression, cancer-specific mortality, and overall mortality, non-adherence to aRT recommendation represented an independent predictor (hazard ratio [HR], 3.8; 95% confidence interval [CI], 3.1-4.5; HR, 1.6; 95% CI, 1.2-2.2; HR, 2.8; 95% CI, 1.5-5.3; and HR, 1.8; 95% CI, 1.2-2.8, respectively). CONCLUSIONS: Only about 55% of patients followed our multidisciplinary recommendations. Adherent patients were significantly less likely to experience BCR, metastatic progression, cancer-specific mortality, and overall mortality. Thus, patients with high risk of recurrence may be advised about the possibility of improved oncologic outcomes in case of adherence to aRT recommendations.",high,cancer-specific survival,8-year,87.40%,other,high-risk
31648965,Impact of Adherence to Multidisciplinary Recommendations for Adjuvant Treatment in Radical Prostatectomy Patients With High Risk of Recurrence.,"INTRODUCTION: The purpose of this study was to investigate adherence to recommended adjuvant radiotherapy (aRT) in radical prostatectomy (RP) patients with adverse pathologic features and to analyse the outcome of patients who followed or denied this recommendation. PATIENTS AND METHODS: We included 1140 consecutive RP patients (2006-2015) with non-organ confined (pT3) prostate cancer and either positive surgical margins (R1) and/or lymph node involvement (pN1) and non-detectable postoperative prostate-specific antigen who received multidisciplinary aRT recommendations. Patients were stratified into adherence versus non-adherence to recommendations. Additionally, subgroups within pathologic criteria (pT3R1N0, pT3R0N1, pT3R1N1) were analyzed. Kaplan-Meier, as well as multivariable Cox regression analyses were used to assess biochemical recurrence (BCR)-free survival, metastasis-free survival, cancer-specific survival, and overall survival. RESULTS: Overall, 508 (44.6%) patients were non-adherent. Of those, 273 (53.6%) did not receive any RT, and 235 (46.4%) received salvage RT. At 8 years, BCR-free survival was 57.7 versus 20.1%, metastasis-free survival was 76.5 versus 75.4%, cancer-specific survival was 91.7 versus 87.4%, and overall survival was 80.4 versus 75.8% in adherent versus non-adherent patients, respectively (P < .001). In multivariable Cox regression predicting BCR, metastatic progression, cancer-specific mortality, and overall mortality, non-adherence to aRT recommendation represented an independent predictor (hazard ratio [HR], 3.8; 95% confidence interval [CI], 3.1-4.5; HR, 1.6; 95% CI, 1.2-2.2; HR, 2.8; 95% CI, 1.5-5.3; and HR, 1.8; 95% CI, 1.2-2.8, respectively). CONCLUSIONS: Only about 55% of patients followed our multidisciplinary recommendations. Adherent patients were significantly less likely to experience BCR, metastatic progression, cancer-specific mortality, and overall mortality. Thus, patients with high risk of recurrence may be advised about the possibility of improved oncologic outcomes in case of adherence to aRT recommendations.",high,cancer-specific survival,8-year,91.70%,Radiotherapy,high-risk
31229363,Influence of transitioning of planning techniques in high-dose-rate brachytherapy monotherapy for clinically localized prostate cancer from two- to three-dimensional planning.,"PURPOSE: The purpose of this study was to examine the influence of transitioning treatment planning techniques in high-dose-rate interstitial brachytherapy monotherapy for localized prostate cancer. METHODS AND MATERIALS: We compared 113 patients treated with initial two-dimensional treatment planning (2D: 74% received 54 Gy/nine fractions) to 240 patients treated with three-dimensional planning (3D: 70 CT image-guided 3D [CT-3D]: 84% 45.5 Gy/seven fractions and 170 MRI image-guided [MRI-3D]: 87% received 49 Gy/nine fractions). RESULTS: The actuarial 5-year biochemical failure-free survival rates for 2D and 3D planning were 88.4% and 95.1% (p = 0.0285 between 2D and 3D) (89.4% in CT-3D and 97.5% in MRI-3D), respectively; the rates for 2D and 3D planning were not available and 100% in the low-risk group (100% and 100%), 97.7% and 94.5% (p = 0.7626) (85.1% and 100%) in the intermediate-risk group, and 82.5% and 94.4% (p = 0.0507) (93.8% and 94.7%) for the high-risk group. Late gastrointestinal (GI) toxicity Grade 1, Grade 2, and Grade 3 was found in 13%, 4%, and 1% in 2D, whereas 8%, 2%, and 0% in 3D group (p = 0.0699), respectively. 3D decreased GI toxicity Grade 2 ≤ than 2D (19% and 10%, p = 0.0169). Late genitourinary toxicity Grade 1, Grade 2, and Grade 3 was 21%, 12%, and 3% for 2D and 32%, 18%, and 3% for 3D, respectively (p = 0.0217). CONCLUSIONS: The 3D technique has the potential to reduce GI toxicity and improve biochemical control rate compared to 2D planning, whereas 3D resulted in increased mild genitourinary toxicity.",high,biochemical failure-free survival,5-year,82.50%,Brachytherapy,high-risk
31229363,Influence of transitioning of planning techniques in high-dose-rate brachytherapy monotherapy for clinically localized prostate cancer from two- to three-dimensional planning.,"PURPOSE: The purpose of this study was to examine the influence of transitioning treatment planning techniques in high-dose-rate interstitial brachytherapy monotherapy for localized prostate cancer. METHODS AND MATERIALS: We compared 113 patients treated with initial two-dimensional treatment planning (2D: 74% received 54 Gy/nine fractions) to 240 patients treated with three-dimensional planning (3D: 70 CT image-guided 3D [CT-3D]: 84% 45.5 Gy/seven fractions and 170 MRI image-guided [MRI-3D]: 87% received 49 Gy/nine fractions). RESULTS: The actuarial 5-year biochemical failure-free survival rates for 2D and 3D planning were 88.4% and 95.1% (p = 0.0285 between 2D and 3D) (89.4% in CT-3D and 97.5% in MRI-3D), respectively; the rates for 2D and 3D planning were not available and 100% in the low-risk group (100% and 100%), 97.7% and 94.5% (p = 0.7626) (85.1% and 100%) in the intermediate-risk group, and 82.5% and 94.4% (p = 0.0507) (93.8% and 94.7%) for the high-risk group. Late gastrointestinal (GI) toxicity Grade 1, Grade 2, and Grade 3 was found in 13%, 4%, and 1% in 2D, whereas 8%, 2%, and 0% in 3D group (p = 0.0699), respectively. 3D decreased GI toxicity Grade 2 ≤ than 2D (19% and 10%, p = 0.0169). Late genitourinary toxicity Grade 1, Grade 2, and Grade 3 was 21%, 12%, and 3% for 2D and 32%, 18%, and 3% for 3D, respectively (p = 0.0217). CONCLUSIONS: The 3D technique has the potential to reduce GI toxicity and improve biochemical control rate compared to 2D planning, whereas 3D resulted in increased mild genitourinary toxicity.",high,biochemical failure-free survival,5-year,94.40%,Brachytherapy,high-risk
31229363,Influence of transitioning of planning techniques in high-dose-rate brachytherapy monotherapy for clinically localized prostate cancer from two- to three-dimensional planning.,"PURPOSE: The purpose of this study was to examine the influence of transitioning treatment planning techniques in high-dose-rate interstitial brachytherapy monotherapy for localized prostate cancer. METHODS AND MATERIALS: We compared 113 patients treated with initial two-dimensional treatment planning (2D: 74% received 54 Gy/nine fractions) to 240 patients treated with three-dimensional planning (3D: 70 CT image-guided 3D [CT-3D]: 84% 45.5 Gy/seven fractions and 170 MRI image-guided [MRI-3D]: 87% received 49 Gy/nine fractions). RESULTS: The actuarial 5-year biochemical failure-free survival rates for 2D and 3D planning were 88.4% and 95.1% (p = 0.0285 between 2D and 3D) (89.4% in CT-3D and 97.5% in MRI-3D), respectively; the rates for 2D and 3D planning were not available and 100% in the low-risk group (100% and 100%), 97.7% and 94.5% (p = 0.7626) (85.1% and 100%) in the intermediate-risk group, and 82.5% and 94.4% (p = 0.0507) (93.8% and 94.7%) for the high-risk group. Late gastrointestinal (GI) toxicity Grade 1, Grade 2, and Grade 3 was found in 13%, 4%, and 1% in 2D, whereas 8%, 2%, and 0% in 3D group (p = 0.0699), respectively. 3D decreased GI toxicity Grade 2 ≤ than 2D (19% and 10%, p = 0.0169). Late genitourinary toxicity Grade 1, Grade 2, and Grade 3 was 21%, 12%, and 3% for 2D and 32%, 18%, and 3% for 3D, respectively (p = 0.0217). CONCLUSIONS: The 3D technique has the potential to reduce GI toxicity and improve biochemical control rate compared to 2D planning, whereas 3D resulted in increased mild genitourinary toxicity.",intermediate,biochemical failure-free survival,5-year,94.50%,Brachytherapy,intermediate-risk
31229363,Influence of transitioning of planning techniques in high-dose-rate brachytherapy monotherapy for clinically localized prostate cancer from two- to three-dimensional planning.,"PURPOSE: The purpose of this study was to examine the influence of transitioning treatment planning techniques in high-dose-rate interstitial brachytherapy monotherapy for localized prostate cancer. METHODS AND MATERIALS: We compared 113 patients treated with initial two-dimensional treatment planning (2D: 74% received 54 Gy/nine fractions) to 240 patients treated with three-dimensional planning (3D: 70 CT image-guided 3D [CT-3D]: 84% 45.5 Gy/seven fractions and 170 MRI image-guided [MRI-3D]: 87% received 49 Gy/nine fractions). RESULTS: The actuarial 5-year biochemical failure-free survival rates for 2D and 3D planning were 88.4% and 95.1% (p = 0.0285 between 2D and 3D) (89.4% in CT-3D and 97.5% in MRI-3D), respectively; the rates for 2D and 3D planning were not available and 100% in the low-risk group (100% and 100%), 97.7% and 94.5% (p = 0.7626) (85.1% and 100%) in the intermediate-risk group, and 82.5% and 94.4% (p = 0.0507) (93.8% and 94.7%) for the high-risk group. Late gastrointestinal (GI) toxicity Grade 1, Grade 2, and Grade 3 was found in 13%, 4%, and 1% in 2D, whereas 8%, 2%, and 0% in 3D group (p = 0.0699), respectively. 3D decreased GI toxicity Grade 2 ≤ than 2D (19% and 10%, p = 0.0169). Late genitourinary toxicity Grade 1, Grade 2, and Grade 3 was 21%, 12%, and 3% for 2D and 32%, 18%, and 3% for 3D, respectively (p = 0.0217). CONCLUSIONS: The 3D technique has the potential to reduce GI toxicity and improve biochemical control rate compared to 2D planning, whereas 3D resulted in increased mild genitourinary toxicity.",intermediate,biochemical failure-free survival,5-year,97.70%,Brachytherapy,intermediate-risk
31229363,Influence of transitioning of planning techniques in high-dose-rate brachytherapy monotherapy for clinically localized prostate cancer from two- to three-dimensional planning.,"PURPOSE: The purpose of this study was to examine the influence of transitioning treatment planning techniques in high-dose-rate interstitial brachytherapy monotherapy for localized prostate cancer. METHODS AND MATERIALS: We compared 113 patients treated with initial two-dimensional treatment planning (2D: 74% received 54 Gy/nine fractions) to 240 patients treated with three-dimensional planning (3D: 70 CT image-guided 3D [CT-3D]: 84% 45.5 Gy/seven fractions and 170 MRI image-guided [MRI-3D]: 87% received 49 Gy/nine fractions). RESULTS: The actuarial 5-year biochemical failure-free survival rates for 2D and 3D planning were 88.4% and 95.1% (p = 0.0285 between 2D and 3D) (89.4% in CT-3D and 97.5% in MRI-3D), respectively; the rates for 2D and 3D planning were not available and 100% in the low-risk group (100% and 100%), 97.7% and 94.5% (p = 0.7626) (85.1% and 100%) in the intermediate-risk group, and 82.5% and 94.4% (p = 0.0507) (93.8% and 94.7%) for the high-risk group. Late gastrointestinal (GI) toxicity Grade 1, Grade 2, and Grade 3 was found in 13%, 4%, and 1% in 2D, whereas 8%, 2%, and 0% in 3D group (p = 0.0699), respectively. 3D decreased GI toxicity Grade 2 ≤ than 2D (19% and 10%, p = 0.0169). Late genitourinary toxicity Grade 1, Grade 2, and Grade 3 was 21%, 12%, and 3% for 2D and 32%, 18%, and 3% for 3D, respectively (p = 0.0217). CONCLUSIONS: The 3D technique has the potential to reduce GI toxicity and improve biochemical control rate compared to 2D planning, whereas 3D resulted in increased mild genitourinary toxicity.",low,biochemical failure-free survival,5-year,100%,Brachytherapy,low-risk
31229363,Influence of transitioning of planning techniques in high-dose-rate brachytherapy monotherapy for clinically localized prostate cancer from two- to three-dimensional planning.,"PURPOSE: The purpose of this study was to examine the influence of transitioning treatment planning techniques in high-dose-rate interstitial brachytherapy monotherapy for localized prostate cancer. METHODS AND MATERIALS: We compared 113 patients treated with initial two-dimensional treatment planning (2D: 74% received 54 Gy/nine fractions) to 240 patients treated with three-dimensional planning (3D: 70 CT image-guided 3D [CT-3D]: 84% 45.5 Gy/seven fractions and 170 MRI image-guided [MRI-3D]: 87% received 49 Gy/nine fractions). RESULTS: The actuarial 5-year biochemical failure-free survival rates for 2D and 3D planning were 88.4% and 95.1% (p = 0.0285 between 2D and 3D) (89.4% in CT-3D and 97.5% in MRI-3D), respectively; the rates for 2D and 3D planning were not available and 100% in the low-risk group (100% and 100%), 97.7% and 94.5% (p = 0.7626) (85.1% and 100%) in the intermediate-risk group, and 82.5% and 94.4% (p = 0.0507) (93.8% and 94.7%) for the high-risk group. Late gastrointestinal (GI) toxicity Grade 1, Grade 2, and Grade 3 was found in 13%, 4%, and 1% in 2D, whereas 8%, 2%, and 0% in 3D group (p = 0.0699), respectively. 3D decreased GI toxicity Grade 2 ≤ than 2D (19% and 10%, p = 0.0169). Late genitourinary toxicity Grade 1, Grade 2, and Grade 3 was 21%, 12%, and 3% for 2D and 32%, 18%, and 3% for 3D, respectively (p = 0.0217). CONCLUSIONS: The 3D technique has the potential to reduce GI toxicity and improve biochemical control rate compared to 2D planning, whereas 3D resulted in increased mild genitourinary toxicity.",low,biochemical failure-free survival,5-year,100%,Brachytherapy,low-risk
30446451,Local failure is a dominant mode of recurrence in locally advanced and clinical node positive prostate cancer patients treated with combined pelvic IMRT and androgen deprivation therapy.,"BACKGROUND: The recurrence patterns of high-risk, N1 prostate cancer after radiation therapy (RT) including the pelvic lymph nodes have not been fully investigated. MATERIAL AND METHODS: We have a prospective clinical study since 2004 that has followed 138 men with locally advanced prostate cancer (T1-T4N0-N1M0) treated with definitive RT encompassing the prostate and pelvic lymph nodes and long-term androgen deprivation therapy (ADT). Forty nine of the 52 patients that developed recurrence were imaged at biochemical failure to detect the site of recurrence. RESULTS: Imaging identified the site of recurrence in 46 patients. Twenty five patients had prostatic recurrence only, none had local lymph node recurrence only, 11 had distant metastases only, 7 had prostatic recurrence and distant metastases, 2 had prostatic recurrence, local nodal recurrence and distant metastases, and 1 had local nodal recurrence with distant metastases. The mean time to recurrence was 62 months for prostate only, 40 months for distant only and 50 months for prostate and distant recurrence. There was a 69% recurrence rate for patients with magnetic resonance imaging -detected N1 disease. There was significantly longer survival for patients with prostate recurrence only compared to patients with distant recurrence (P < 0.018). Five-year prostate cancer-specific survival were 85% for prostate only, 44% for distant only and 48% for prostate and distant recurrence (prostate only vs. distant only; P = 0.008, prostate only vs. prostate and distant; P = 0.018, distant vs. prostate and distant; P = 0.836). CONCLUSIONS: The predominant recurrence pattern for high-risk, N1 prostate cancer was prostatic recurrence and distant spread after pelvic RT and androgen deprivation therapy. Our data argue for further local dose escalation and pelvic nodal radiation to prevent recurrence in these sites. Lymph node metastasis at initial staging with an magnetic resonance imaging was a strong predictor of recurrence and poor survival and may identify patients in need of more aggressive treatment.",high,cancer-specific survival,5-year,44%,ADT + Std EBRT,high-risk
30446451,Local failure is a dominant mode of recurrence in locally advanced and clinical node positive prostate cancer patients treated with combined pelvic IMRT and androgen deprivation therapy.,"BACKGROUND: The recurrence patterns of high-risk, N1 prostate cancer after radiation therapy (RT) including the pelvic lymph nodes have not been fully investigated. MATERIAL AND METHODS: We have a prospective clinical study since 2004 that has followed 138 men with locally advanced prostate cancer (T1-T4N0-N1M0) treated with definitive RT encompassing the prostate and pelvic lymph nodes and long-term androgen deprivation therapy (ADT). Forty nine of the 52 patients that developed recurrence were imaged at biochemical failure to detect the site of recurrence. RESULTS: Imaging identified the site of recurrence in 46 patients. Twenty five patients had prostatic recurrence only, none had local lymph node recurrence only, 11 had distant metastases only, 7 had prostatic recurrence and distant metastases, 2 had prostatic recurrence, local nodal recurrence and distant metastases, and 1 had local nodal recurrence with distant metastases. The mean time to recurrence was 62 months for prostate only, 40 months for distant only and 50 months for prostate and distant recurrence. There was a 69% recurrence rate for patients with magnetic resonance imaging -detected N1 disease. There was significantly longer survival for patients with prostate recurrence only compared to patients with distant recurrence (P < 0.018). Five-year prostate cancer-specific survival were 85% for prostate only, 44% for distant only and 48% for prostate and distant recurrence (prostate only vs. distant only; P = 0.008, prostate only vs. prostate and distant; P = 0.018, distant vs. prostate and distant; P = 0.836). CONCLUSIONS: The predominant recurrence pattern for high-risk, N1 prostate cancer was prostatic recurrence and distant spread after pelvic RT and androgen deprivation therapy. Our data argue for further local dose escalation and pelvic nodal radiation to prevent recurrence in these sites. Lymph node metastasis at initial staging with an magnetic resonance imaging was a strong predictor of recurrence and poor survival and may identify patients in need of more aggressive treatment.",high,cancer-specific survival,5-year,48%,ADT + Std EBRT,high-risk
30446451,Local failure is a dominant mode of recurrence in locally advanced and clinical node positive prostate cancer patients treated with combined pelvic IMRT and androgen deprivation therapy.,"BACKGROUND: The recurrence patterns of high-risk, N1 prostate cancer after radiation therapy (RT) including the pelvic lymph nodes have not been fully investigated. MATERIAL AND METHODS: We have a prospective clinical study since 2004 that has followed 138 men with locally advanced prostate cancer (T1-T4N0-N1M0) treated with definitive RT encompassing the prostate and pelvic lymph nodes and long-term androgen deprivation therapy (ADT). Forty nine of the 52 patients that developed recurrence were imaged at biochemical failure to detect the site of recurrence. RESULTS: Imaging identified the site of recurrence in 46 patients. Twenty five patients had prostatic recurrence only, none had local lymph node recurrence only, 11 had distant metastases only, 7 had prostatic recurrence and distant metastases, 2 had prostatic recurrence, local nodal recurrence and distant metastases, and 1 had local nodal recurrence with distant metastases. The mean time to recurrence was 62 months for prostate only, 40 months for distant only and 50 months for prostate and distant recurrence. There was a 69% recurrence rate for patients with magnetic resonance imaging -detected N1 disease. There was significantly longer survival for patients with prostate recurrence only compared to patients with distant recurrence (P < 0.018). Five-year prostate cancer-specific survival were 85% for prostate only, 44% for distant only and 48% for prostate and distant recurrence (prostate only vs. distant only; P = 0.008, prostate only vs. prostate and distant; P = 0.018, distant vs. prostate and distant; P = 0.836). CONCLUSIONS: The predominant recurrence pattern for high-risk, N1 prostate cancer was prostatic recurrence and distant spread after pelvic RT and androgen deprivation therapy. Our data argue for further local dose escalation and pelvic nodal radiation to prevent recurrence in these sites. Lymph node metastasis at initial staging with an magnetic resonance imaging was a strong predictor of recurrence and poor survival and may identify patients in need of more aggressive treatment.",high,cancer-specific survival,5-year,85%,ADT + Std EBRT,high-risk
31427178,Long-term biochemical outcomes using cesium-131 in prostate brachytherapy.,"PURPOSE: Long-term outcomes reveal equivalent biochemical outcomes with low-dose-rate (LDR) brachytherapy (BT) compared with radical prostatectomy and external-beam radiotherapy for the management of prostate cancer. Iodine-125, the most commonly used isotope, may be associated with long-term urinary consequences. Cesium-131 (131Cs) has a higher dose rate and shorter dose delivery time, predicting a shorter duration of urinary morbidity. We report our institution's high-volume experience and the most mature data to date on outcomes with 131Cs prostate BT. METHODS AND MATERIALS: 571 men (median age: 65.38 years) with low (55%)-, intermediate (36%)-, and high-risk disease (9%) received monobrachytherapy, dual-modality, or trimodality using 131Cs at a single institution. Risk groups were defined according to the National Comprehensive Cancer Network definition. Median prescription dose for definitive LDR-BT and LDR-BT boost was 115 Gy and 70 Gy, respectively. Median initial PSA was 6.1 ng/mL (IQR: 4.6-8.7). RESULTS: Median followup time was 5 years. 5/7-year overall survival for low-, intermediate-, and high-risk patients was 96.9%/96/9%, 92.8%/89.7%, and 95.8%/87.1%, respectively (p = 0.02). 5/7-year freedom from biochemical failure for low-, intermediate-, and high-risk patients was 98.5%/96.3%, 94.1%/86.4%, and 93.2%/74.5%, respectively (p < 0.01). 5/7-year prostate cancer -specific survival was 100%/100%, 99.3%/99.3%, and 98.0%/98.0% for low-, intermediate-, and high-risk patients, respectively (p < 0.01). CONCLUSIONS: 131Cs is a viable alternative isotope for prostate brachytherapy for organ-confined disease. Long-term biochemical control and survival outcomes are excellent and on par with those attained with the use of 125I or 103Pd. This report therefore supports the continued use of 131Cs as an effective and comparable alternative isotope.",intermediate,overall survival,5-year,92.80%,Brachytherapy,intermediate-risk
31427178,Long-term biochemical outcomes using cesium-131 in prostate brachytherapy.,"PURPOSE: Long-term outcomes reveal equivalent biochemical outcomes with low-dose-rate (LDR) brachytherapy (BT) compared with radical prostatectomy and external-beam radiotherapy for the management of prostate cancer. Iodine-125, the most commonly used isotope, may be associated with long-term urinary consequences. Cesium-131 (131Cs) has a higher dose rate and shorter dose delivery time, predicting a shorter duration of urinary morbidity. We report our institution's high-volume experience and the most mature data to date on outcomes with 131Cs prostate BT. METHODS AND MATERIALS: 571 men (median age: 65.38 years) with low (55%)-, intermediate (36%)-, and high-risk disease (9%) received monobrachytherapy, dual-modality, or trimodality using 131Cs at a single institution. Risk groups were defined according to the National Comprehensive Cancer Network definition. Median prescription dose for definitive LDR-BT and LDR-BT boost was 115 Gy and 70 Gy, respectively. Median initial PSA was 6.1 ng/mL (IQR: 4.6-8.7). RESULTS: Median followup time was 5 years. 5/7-year overall survival for low-, intermediate-, and high-risk patients was 96.9%/96/9%, 92.8%/89.7%, and 95.8%/87.1%, respectively (p = 0.02). 5/7-year freedom from biochemical failure for low-, intermediate-, and high-risk patients was 98.5%/96.3%, 94.1%/86.4%, and 93.2%/74.5%, respectively (p < 0.01). 5/7-year prostate cancer -specific survival was 100%/100%, 99.3%/99.3%, and 98.0%/98.0% for low-, intermediate-, and high-risk patients, respectively (p < 0.01). CONCLUSIONS: 131Cs is a viable alternative isotope for prostate brachytherapy for organ-confined disease. Long-term biochemical control and survival outcomes are excellent and on par with those attained with the use of 125I or 103Pd. This report therefore supports the continued use of 131Cs as an effective and comparable alternative isotope.",high,biochemical recurrence-free survival,5-year,93.20%,Brachytherapy,high-risk
31427178,Long-term biochemical outcomes using cesium-131 in prostate brachytherapy.,"PURPOSE: Long-term outcomes reveal equivalent biochemical outcomes with low-dose-rate (LDR) brachytherapy (BT) compared with radical prostatectomy and external-beam radiotherapy for the management of prostate cancer. Iodine-125, the most commonly used isotope, may be associated with long-term urinary consequences. Cesium-131 (131Cs) has a higher dose rate and shorter dose delivery time, predicting a shorter duration of urinary morbidity. We report our institution's high-volume experience and the most mature data to date on outcomes with 131Cs prostate BT. METHODS AND MATERIALS: 571 men (median age: 65.38 years) with low (55%)-, intermediate (36%)-, and high-risk disease (9%) received monobrachytherapy, dual-modality, or trimodality using 131Cs at a single institution. Risk groups were defined according to the National Comprehensive Cancer Network definition. Median prescription dose for definitive LDR-BT and LDR-BT boost was 115 Gy and 70 Gy, respectively. Median initial PSA was 6.1 ng/mL (IQR: 4.6-8.7). RESULTS: Median followup time was 5 years. 5/7-year overall survival for low-, intermediate-, and high-risk patients was 96.9%/96/9%, 92.8%/89.7%, and 95.8%/87.1%, respectively (p = 0.02). 5/7-year freedom from biochemical failure for low-, intermediate-, and high-risk patients was 98.5%/96.3%, 94.1%/86.4%, and 93.2%/74.5%, respectively (p < 0.01). 5/7-year prostate cancer -specific survival was 100%/100%, 99.3%/99.3%, and 98.0%/98.0% for low-, intermediate-, and high-risk patients, respectively (p < 0.01). CONCLUSIONS: 131Cs is a viable alternative isotope for prostate brachytherapy for organ-confined disease. Long-term biochemical control and survival outcomes are excellent and on par with those attained with the use of 125I or 103Pd. This report therefore supports the continued use of 131Cs as an effective and comparable alternative isotope.",intermediate,biochemical recurrence-free survival,5-year,94.10%,Brachytherapy,intermediate-risk
31427178,Long-term biochemical outcomes using cesium-131 in prostate brachytherapy.,"PURPOSE: Long-term outcomes reveal equivalent biochemical outcomes with low-dose-rate (LDR) brachytherapy (BT) compared with radical prostatectomy and external-beam radiotherapy for the management of prostate cancer. Iodine-125, the most commonly used isotope, may be associated with long-term urinary consequences. Cesium-131 (131Cs) has a higher dose rate and shorter dose delivery time, predicting a shorter duration of urinary morbidity. We report our institution's high-volume experience and the most mature data to date on outcomes with 131Cs prostate BT. METHODS AND MATERIALS: 571 men (median age: 65.38 years) with low (55%)-, intermediate (36%)-, and high-risk disease (9%) received monobrachytherapy, dual-modality, or trimodality using 131Cs at a single institution. Risk groups were defined according to the National Comprehensive Cancer Network definition. Median prescription dose for definitive LDR-BT and LDR-BT boost was 115 Gy and 70 Gy, respectively. Median initial PSA was 6.1 ng/mL (IQR: 4.6-8.7). RESULTS: Median followup time was 5 years. 5/7-year overall survival for low-, intermediate-, and high-risk patients was 96.9%/96/9%, 92.8%/89.7%, and 95.8%/87.1%, respectively (p = 0.02). 5/7-year freedom from biochemical failure for low-, intermediate-, and high-risk patients was 98.5%/96.3%, 94.1%/86.4%, and 93.2%/74.5%, respectively (p < 0.01). 5/7-year prostate cancer -specific survival was 100%/100%, 99.3%/99.3%, and 98.0%/98.0% for low-, intermediate-, and high-risk patients, respectively (p < 0.01). CONCLUSIONS: 131Cs is a viable alternative isotope for prostate brachytherapy for organ-confined disease. Long-term biochemical control and survival outcomes are excellent and on par with those attained with the use of 125I or 103Pd. This report therefore supports the continued use of 131Cs as an effective and comparable alternative isotope.",high,overall survival,5-year,95.80%,Brachytherapy,high-risk
31427178,Long-term biochemical outcomes using cesium-131 in prostate brachytherapy.,"PURPOSE: Long-term outcomes reveal equivalent biochemical outcomes with low-dose-rate (LDR) brachytherapy (BT) compared with radical prostatectomy and external-beam radiotherapy for the management of prostate cancer. Iodine-125, the most commonly used isotope, may be associated with long-term urinary consequences. Cesium-131 (131Cs) has a higher dose rate and shorter dose delivery time, predicting a shorter duration of urinary morbidity. We report our institution's high-volume experience and the most mature data to date on outcomes with 131Cs prostate BT. METHODS AND MATERIALS: 571 men (median age: 65.38 years) with low (55%)-, intermediate (36%)-, and high-risk disease (9%) received monobrachytherapy, dual-modality, or trimodality using 131Cs at a single institution. Risk groups were defined according to the National Comprehensive Cancer Network definition. Median prescription dose for definitive LDR-BT and LDR-BT boost was 115 Gy and 70 Gy, respectively. Median initial PSA was 6.1 ng/mL (IQR: 4.6-8.7). RESULTS: Median followup time was 5 years. 5/7-year overall survival for low-, intermediate-, and high-risk patients was 96.9%/96/9%, 92.8%/89.7%, and 95.8%/87.1%, respectively (p = 0.02). 5/7-year freedom from biochemical failure for low-, intermediate-, and high-risk patients was 98.5%/96.3%, 94.1%/86.4%, and 93.2%/74.5%, respectively (p < 0.01). 5/7-year prostate cancer -specific survival was 100%/100%, 99.3%/99.3%, and 98.0%/98.0% for low-, intermediate-, and high-risk patients, respectively (p < 0.01). CONCLUSIONS: 131Cs is a viable alternative isotope for prostate brachytherapy for organ-confined disease. Long-term biochemical control and survival outcomes are excellent and on par with those attained with the use of 125I or 103Pd. This report therefore supports the continued use of 131Cs as an effective and comparable alternative isotope.",low,overall survival,5-year,96.90%,Brachytherapy,low-risk
31427178,Long-term biochemical outcomes using cesium-131 in prostate brachytherapy.,"PURPOSE: Long-term outcomes reveal equivalent biochemical outcomes with low-dose-rate (LDR) brachytherapy (BT) compared with radical prostatectomy and external-beam radiotherapy for the management of prostate cancer. Iodine-125, the most commonly used isotope, may be associated with long-term urinary consequences. Cesium-131 (131Cs) has a higher dose rate and shorter dose delivery time, predicting a shorter duration of urinary morbidity. We report our institution's high-volume experience and the most mature data to date on outcomes with 131Cs prostate BT. METHODS AND MATERIALS: 571 men (median age: 65.38 years) with low (55%)-, intermediate (36%)-, and high-risk disease (9%) received monobrachytherapy, dual-modality, or trimodality using 131Cs at a single institution. Risk groups were defined according to the National Comprehensive Cancer Network definition. Median prescription dose for definitive LDR-BT and LDR-BT boost was 115 Gy and 70 Gy, respectively. Median initial PSA was 6.1 ng/mL (IQR: 4.6-8.7). RESULTS: Median followup time was 5 years. 5/7-year overall survival for low-, intermediate-, and high-risk patients was 96.9%/96/9%, 92.8%/89.7%, and 95.8%/87.1%, respectively (p = 0.02). 5/7-year freedom from biochemical failure for low-, intermediate-, and high-risk patients was 98.5%/96.3%, 94.1%/86.4%, and 93.2%/74.5%, respectively (p < 0.01). 5/7-year prostate cancer -specific survival was 100%/100%, 99.3%/99.3%, and 98.0%/98.0% for low-, intermediate-, and high-risk patients, respectively (p < 0.01). CONCLUSIONS: 131Cs is a viable alternative isotope for prostate brachytherapy for organ-confined disease. Long-term biochemical control and survival outcomes are excellent and on par with those attained with the use of 125I or 103Pd. This report therefore supports the continued use of 131Cs as an effective and comparable alternative isotope.",high,cancer-specific survival,5-year,98.00%,Brachytherapy,high-risk
31427178,Long-term biochemical outcomes using cesium-131 in prostate brachytherapy.,"PURPOSE: Long-term outcomes reveal equivalent biochemical outcomes with low-dose-rate (LDR) brachytherapy (BT) compared with radical prostatectomy and external-beam radiotherapy for the management of prostate cancer. Iodine-125, the most commonly used isotope, may be associated with long-term urinary consequences. Cesium-131 (131Cs) has a higher dose rate and shorter dose delivery time, predicting a shorter duration of urinary morbidity. We report our institution's high-volume experience and the most mature data to date on outcomes with 131Cs prostate BT. METHODS AND MATERIALS: 571 men (median age: 65.38 years) with low (55%)-, intermediate (36%)-, and high-risk disease (9%) received monobrachytherapy, dual-modality, or trimodality using 131Cs at a single institution. Risk groups were defined according to the National Comprehensive Cancer Network definition. Median prescription dose for definitive LDR-BT and LDR-BT boost was 115 Gy and 70 Gy, respectively. Median initial PSA was 6.1 ng/mL (IQR: 4.6-8.7). RESULTS: Median followup time was 5 years. 5/7-year overall survival for low-, intermediate-, and high-risk patients was 96.9%/96/9%, 92.8%/89.7%, and 95.8%/87.1%, respectively (p = 0.02). 5/7-year freedom from biochemical failure for low-, intermediate-, and high-risk patients was 98.5%/96.3%, 94.1%/86.4%, and 93.2%/74.5%, respectively (p < 0.01). 5/7-year prostate cancer -specific survival was 100%/100%, 99.3%/99.3%, and 98.0%/98.0% for low-, intermediate-, and high-risk patients, respectively (p < 0.01). CONCLUSIONS: 131Cs is a viable alternative isotope for prostate brachytherapy for organ-confined disease. Long-term biochemical control and survival outcomes are excellent and on par with those attained with the use of 125I or 103Pd. This report therefore supports the continued use of 131Cs as an effective and comparable alternative isotope.",low,biochemical recurrence-free survival,5-year,98.50%,Brachytherapy,low-risk
31427178,Long-term biochemical outcomes using cesium-131 in prostate brachytherapy.,"PURPOSE: Long-term outcomes reveal equivalent biochemical outcomes with low-dose-rate (LDR) brachytherapy (BT) compared with radical prostatectomy and external-beam radiotherapy for the management of prostate cancer. Iodine-125, the most commonly used isotope, may be associated with long-term urinary consequences. Cesium-131 (131Cs) has a higher dose rate and shorter dose delivery time, predicting a shorter duration of urinary morbidity. We report our institution's high-volume experience and the most mature data to date on outcomes with 131Cs prostate BT. METHODS AND MATERIALS: 571 men (median age: 65.38 years) with low (55%)-, intermediate (36%)-, and high-risk disease (9%) received monobrachytherapy, dual-modality, or trimodality using 131Cs at a single institution. Risk groups were defined according to the National Comprehensive Cancer Network definition. Median prescription dose for definitive LDR-BT and LDR-BT boost was 115 Gy and 70 Gy, respectively. Median initial PSA was 6.1 ng/mL (IQR: 4.6-8.7). RESULTS: Median followup time was 5 years. 5/7-year overall survival for low-, intermediate-, and high-risk patients was 96.9%/96/9%, 92.8%/89.7%, and 95.8%/87.1%, respectively (p = 0.02). 5/7-year freedom from biochemical failure for low-, intermediate-, and high-risk patients was 98.5%/96.3%, 94.1%/86.4%, and 93.2%/74.5%, respectively (p < 0.01). 5/7-year prostate cancer -specific survival was 100%/100%, 99.3%/99.3%, and 98.0%/98.0% for low-, intermediate-, and high-risk patients, respectively (p < 0.01). CONCLUSIONS: 131Cs is a viable alternative isotope for prostate brachytherapy for organ-confined disease. Long-term biochemical control and survival outcomes are excellent and on par with those attained with the use of 125I or 103Pd. This report therefore supports the continued use of 131Cs as an effective and comparable alternative isotope.",intermediate,cancer-specific survival,5-year,99.30%,Brachytherapy,intermediate-risk
31427178,Long-term biochemical outcomes using cesium-131 in prostate brachytherapy.,"PURPOSE: Long-term outcomes reveal equivalent biochemical outcomes with low-dose-rate (LDR) brachytherapy (BT) compared with radical prostatectomy and external-beam radiotherapy for the management of prostate cancer. Iodine-125, the most commonly used isotope, may be associated with long-term urinary consequences. Cesium-131 (131Cs) has a higher dose rate and shorter dose delivery time, predicting a shorter duration of urinary morbidity. We report our institution's high-volume experience and the most mature data to date on outcomes with 131Cs prostate BT. METHODS AND MATERIALS: 571 men (median age: 65.38 years) with low (55%)-, intermediate (36%)-, and high-risk disease (9%) received monobrachytherapy, dual-modality, or trimodality using 131Cs at a single institution. Risk groups were defined according to the National Comprehensive Cancer Network definition. Median prescription dose for definitive LDR-BT and LDR-BT boost was 115 Gy and 70 Gy, respectively. Median initial PSA was 6.1 ng/mL (IQR: 4.6-8.7). RESULTS: Median followup time was 5 years. 5/7-year overall survival for low-, intermediate-, and high-risk patients was 96.9%/96/9%, 92.8%/89.7%, and 95.8%/87.1%, respectively (p = 0.02). 5/7-year freedom from biochemical failure for low-, intermediate-, and high-risk patients was 98.5%/96.3%, 94.1%/86.4%, and 93.2%/74.5%, respectively (p < 0.01). 5/7-year prostate cancer -specific survival was 100%/100%, 99.3%/99.3%, and 98.0%/98.0% for low-, intermediate-, and high-risk patients, respectively (p < 0.01). CONCLUSIONS: 131Cs is a viable alternative isotope for prostate brachytherapy for organ-confined disease. Long-term biochemical control and survival outcomes are excellent and on par with those attained with the use of 125I or 103Pd. This report therefore supports the continued use of 131Cs as an effective and comparable alternative isotope.",low,cancer-specific survival,5-year,100%,Brachytherapy,low-risk
31427178,Long-term biochemical outcomes using cesium-131 in prostate brachytherapy.,"PURPOSE: Long-term outcomes reveal equivalent biochemical outcomes with low-dose-rate (LDR) brachytherapy (BT) compared with radical prostatectomy and external-beam radiotherapy for the management of prostate cancer. Iodine-125, the most commonly used isotope, may be associated with long-term urinary consequences. Cesium-131 (131Cs) has a higher dose rate and shorter dose delivery time, predicting a shorter duration of urinary morbidity. We report our institution's high-volume experience and the most mature data to date on outcomes with 131Cs prostate BT. METHODS AND MATERIALS: 571 men (median age: 65.38 years) with low (55%)-, intermediate (36%)-, and high-risk disease (9%) received monobrachytherapy, dual-modality, or trimodality using 131Cs at a single institution. Risk groups were defined according to the National Comprehensive Cancer Network definition. Median prescription dose for definitive LDR-BT and LDR-BT boost was 115 Gy and 70 Gy, respectively. Median initial PSA was 6.1 ng/mL (IQR: 4.6-8.7). RESULTS: Median followup time was 5 years. 5/7-year overall survival for low-, intermediate-, and high-risk patients was 96.9%/96/9%, 92.8%/89.7%, and 95.8%/87.1%, respectively (p = 0.02). 5/7-year freedom from biochemical failure for low-, intermediate-, and high-risk patients was 98.5%/96.3%, 94.1%/86.4%, and 93.2%/74.5%, respectively (p < 0.01). 5/7-year prostate cancer -specific survival was 100%/100%, 99.3%/99.3%, and 98.0%/98.0% for low-, intermediate-, and high-risk patients, respectively (p < 0.01). CONCLUSIONS: 131Cs is a viable alternative isotope for prostate brachytherapy for organ-confined disease. Long-term biochemical control and survival outcomes are excellent and on par with those attained with the use of 125I or 103Pd. This report therefore supports the continued use of 131Cs as an effective and comparable alternative isotope.",high,biochemical recurrence-free survival,7-year,74.50%,Brachytherapy,high-risk
31427178,Long-term biochemical outcomes using cesium-131 in prostate brachytherapy.,"PURPOSE: Long-term outcomes reveal equivalent biochemical outcomes with low-dose-rate (LDR) brachytherapy (BT) compared with radical prostatectomy and external-beam radiotherapy for the management of prostate cancer. Iodine-125, the most commonly used isotope, may be associated with long-term urinary consequences. Cesium-131 (131Cs) has a higher dose rate and shorter dose delivery time, predicting a shorter duration of urinary morbidity. We report our institution's high-volume experience and the most mature data to date on outcomes with 131Cs prostate BT. METHODS AND MATERIALS: 571 men (median age: 65.38 years) with low (55%)-, intermediate (36%)-, and high-risk disease (9%) received monobrachytherapy, dual-modality, or trimodality using 131Cs at a single institution. Risk groups were defined according to the National Comprehensive Cancer Network definition. Median prescription dose for definitive LDR-BT and LDR-BT boost was 115 Gy and 70 Gy, respectively. Median initial PSA was 6.1 ng/mL (IQR: 4.6-8.7). RESULTS: Median followup time was 5 years. 5/7-year overall survival for low-, intermediate-, and high-risk patients was 96.9%/96/9%, 92.8%/89.7%, and 95.8%/87.1%, respectively (p = 0.02). 5/7-year freedom from biochemical failure for low-, intermediate-, and high-risk patients was 98.5%/96.3%, 94.1%/86.4%, and 93.2%/74.5%, respectively (p < 0.01). 5/7-year prostate cancer -specific survival was 100%/100%, 99.3%/99.3%, and 98.0%/98.0% for low-, intermediate-, and high-risk patients, respectively (p < 0.01). CONCLUSIONS: 131Cs is a viable alternative isotope for prostate brachytherapy for organ-confined disease. Long-term biochemical control and survival outcomes are excellent and on par with those attained with the use of 125I or 103Pd. This report therefore supports the continued use of 131Cs as an effective and comparable alternative isotope.",intermediate,biochemical recurrence-free survival,7-year,86.40%,Brachytherapy,intermediate-risk
31427178,Long-term biochemical outcomes using cesium-131 in prostate brachytherapy.,"PURPOSE: Long-term outcomes reveal equivalent biochemical outcomes with low-dose-rate (LDR) brachytherapy (BT) compared with radical prostatectomy and external-beam radiotherapy for the management of prostate cancer. Iodine-125, the most commonly used isotope, may be associated with long-term urinary consequences. Cesium-131 (131Cs) has a higher dose rate and shorter dose delivery time, predicting a shorter duration of urinary morbidity. We report our institution's high-volume experience and the most mature data to date on outcomes with 131Cs prostate BT. METHODS AND MATERIALS: 571 men (median age: 65.38 years) with low (55%)-, intermediate (36%)-, and high-risk disease (9%) received monobrachytherapy, dual-modality, or trimodality using 131Cs at a single institution. Risk groups were defined according to the National Comprehensive Cancer Network definition. Median prescription dose for definitive LDR-BT and LDR-BT boost was 115 Gy and 70 Gy, respectively. Median initial PSA was 6.1 ng/mL (IQR: 4.6-8.7). RESULTS: Median followup time was 5 years. 5/7-year overall survival for low-, intermediate-, and high-risk patients was 96.9%/96/9%, 92.8%/89.7%, and 95.8%/87.1%, respectively (p = 0.02). 5/7-year freedom from biochemical failure for low-, intermediate-, and high-risk patients was 98.5%/96.3%, 94.1%/86.4%, and 93.2%/74.5%, respectively (p < 0.01). 5/7-year prostate cancer -specific survival was 100%/100%, 99.3%/99.3%, and 98.0%/98.0% for low-, intermediate-, and high-risk patients, respectively (p < 0.01). CONCLUSIONS: 131Cs is a viable alternative isotope for prostate brachytherapy for organ-confined disease. Long-term biochemical control and survival outcomes are excellent and on par with those attained with the use of 125I or 103Pd. This report therefore supports the continued use of 131Cs as an effective and comparable alternative isotope.",high,overall survival,7-year,87.10%,Brachytherapy,high-risk
31427178,Long-term biochemical outcomes using cesium-131 in prostate brachytherapy.,"PURPOSE: Long-term outcomes reveal equivalent biochemical outcomes with low-dose-rate (LDR) brachytherapy (BT) compared with radical prostatectomy and external-beam radiotherapy for the management of prostate cancer. Iodine-125, the most commonly used isotope, may be associated with long-term urinary consequences. Cesium-131 (131Cs) has a higher dose rate and shorter dose delivery time, predicting a shorter duration of urinary morbidity. We report our institution's high-volume experience and the most mature data to date on outcomes with 131Cs prostate BT. METHODS AND MATERIALS: 571 men (median age: 65.38 years) with low (55%)-, intermediate (36%)-, and high-risk disease (9%) received monobrachytherapy, dual-modality, or trimodality using 131Cs at a single institution. Risk groups were defined according to the National Comprehensive Cancer Network definition. Median prescription dose for definitive LDR-BT and LDR-BT boost was 115 Gy and 70 Gy, respectively. Median initial PSA was 6.1 ng/mL (IQR: 4.6-8.7). RESULTS: Median followup time was 5 years. 5/7-year overall survival for low-, intermediate-, and high-risk patients was 96.9%/96/9%, 92.8%/89.7%, and 95.8%/87.1%, respectively (p = 0.02). 5/7-year freedom from biochemical failure for low-, intermediate-, and high-risk patients was 98.5%/96.3%, 94.1%/86.4%, and 93.2%/74.5%, respectively (p < 0.01). 5/7-year prostate cancer -specific survival was 100%/100%, 99.3%/99.3%, and 98.0%/98.0% for low-, intermediate-, and high-risk patients, respectively (p < 0.01). CONCLUSIONS: 131Cs is a viable alternative isotope for prostate brachytherapy for organ-confined disease. Long-term biochemical control and survival outcomes are excellent and on par with those attained with the use of 125I or 103Pd. This report therefore supports the continued use of 131Cs as an effective and comparable alternative isotope.",intermediate,overall survival,7-year,89.70%,Brachytherapy,intermediate-risk
31427178,Long-term biochemical outcomes using cesium-131 in prostate brachytherapy.,"PURPOSE: Long-term outcomes reveal equivalent biochemical outcomes with low-dose-rate (LDR) brachytherapy (BT) compared with radical prostatectomy and external-beam radiotherapy for the management of prostate cancer. Iodine-125, the most commonly used isotope, may be associated with long-term urinary consequences. Cesium-131 (131Cs) has a higher dose rate and shorter dose delivery time, predicting a shorter duration of urinary morbidity. We report our institution's high-volume experience and the most mature data to date on outcomes with 131Cs prostate BT. METHODS AND MATERIALS: 571 men (median age: 65.38 years) with low (55%)-, intermediate (36%)-, and high-risk disease (9%) received monobrachytherapy, dual-modality, or trimodality using 131Cs at a single institution. Risk groups were defined according to the National Comprehensive Cancer Network definition. Median prescription dose for definitive LDR-BT and LDR-BT boost was 115 Gy and 70 Gy, respectively. Median initial PSA was 6.1 ng/mL (IQR: 4.6-8.7). RESULTS: Median followup time was 5 years. 5/7-year overall survival for low-, intermediate-, and high-risk patients was 96.9%/96/9%, 92.8%/89.7%, and 95.8%/87.1%, respectively (p = 0.02). 5/7-year freedom from biochemical failure for low-, intermediate-, and high-risk patients was 98.5%/96.3%, 94.1%/86.4%, and 93.2%/74.5%, respectively (p < 0.01). 5/7-year prostate cancer -specific survival was 100%/100%, 99.3%/99.3%, and 98.0%/98.0% for low-, intermediate-, and high-risk patients, respectively (p < 0.01). CONCLUSIONS: 131Cs is a viable alternative isotope for prostate brachytherapy for organ-confined disease. Long-term biochemical control and survival outcomes are excellent and on par with those attained with the use of 125I or 103Pd. This report therefore supports the continued use of 131Cs as an effective and comparable alternative isotope.",low,overall survival,7-year,96%,Brachytherapy,low-risk
31427178,Long-term biochemical outcomes using cesium-131 in prostate brachytherapy.,"PURPOSE: Long-term outcomes reveal equivalent biochemical outcomes with low-dose-rate (LDR) brachytherapy (BT) compared with radical prostatectomy and external-beam radiotherapy for the management of prostate cancer. Iodine-125, the most commonly used isotope, may be associated with long-term urinary consequences. Cesium-131 (131Cs) has a higher dose rate and shorter dose delivery time, predicting a shorter duration of urinary morbidity. We report our institution's high-volume experience and the most mature data to date on outcomes with 131Cs prostate BT. METHODS AND MATERIALS: 571 men (median age: 65.38 years) with low (55%)-, intermediate (36%)-, and high-risk disease (9%) received monobrachytherapy, dual-modality, or trimodality using 131Cs at a single institution. Risk groups were defined according to the National Comprehensive Cancer Network definition. Median prescription dose for definitive LDR-BT and LDR-BT boost was 115 Gy and 70 Gy, respectively. Median initial PSA was 6.1 ng/mL (IQR: 4.6-8.7). RESULTS: Median followup time was 5 years. 5/7-year overall survival for low-, intermediate-, and high-risk patients was 96.9%/96/9%, 92.8%/89.7%, and 95.8%/87.1%, respectively (p = 0.02). 5/7-year freedom from biochemical failure for low-, intermediate-, and high-risk patients was 98.5%/96.3%, 94.1%/86.4%, and 93.2%/74.5%, respectively (p < 0.01). 5/7-year prostate cancer -specific survival was 100%/100%, 99.3%/99.3%, and 98.0%/98.0% for low-, intermediate-, and high-risk patients, respectively (p < 0.01). CONCLUSIONS: 131Cs is a viable alternative isotope for prostate brachytherapy for organ-confined disease. Long-term biochemical control and survival outcomes are excellent and on par with those attained with the use of 125I or 103Pd. This report therefore supports the continued use of 131Cs as an effective and comparable alternative isotope.",low,biochemical recurrence-free survival,7-year,96.30%,Brachytherapy,low-risk
31427178,Long-term biochemical outcomes using cesium-131 in prostate brachytherapy.,"PURPOSE: Long-term outcomes reveal equivalent biochemical outcomes with low-dose-rate (LDR) brachytherapy (BT) compared with radical prostatectomy and external-beam radiotherapy for the management of prostate cancer. Iodine-125, the most commonly used isotope, may be associated with long-term urinary consequences. Cesium-131 (131Cs) has a higher dose rate and shorter dose delivery time, predicting a shorter duration of urinary morbidity. We report our institution's high-volume experience and the most mature data to date on outcomes with 131Cs prostate BT. METHODS AND MATERIALS: 571 men (median age: 65.38 years) with low (55%)-, intermediate (36%)-, and high-risk disease (9%) received monobrachytherapy, dual-modality, or trimodality using 131Cs at a single institution. Risk groups were defined according to the National Comprehensive Cancer Network definition. Median prescription dose for definitive LDR-BT and LDR-BT boost was 115 Gy and 70 Gy, respectively. Median initial PSA was 6.1 ng/mL (IQR: 4.6-8.7). RESULTS: Median followup time was 5 years. 5/7-year overall survival for low-, intermediate-, and high-risk patients was 96.9%/96/9%, 92.8%/89.7%, and 95.8%/87.1%, respectively (p = 0.02). 5/7-year freedom from biochemical failure for low-, intermediate-, and high-risk patients was 98.5%/96.3%, 94.1%/86.4%, and 93.2%/74.5%, respectively (p < 0.01). 5/7-year prostate cancer -specific survival was 100%/100%, 99.3%/99.3%, and 98.0%/98.0% for low-, intermediate-, and high-risk patients, respectively (p < 0.01). CONCLUSIONS: 131Cs is a viable alternative isotope for prostate brachytherapy for organ-confined disease. Long-term biochemical control and survival outcomes are excellent and on par with those attained with the use of 125I or 103Pd. This report therefore supports the continued use of 131Cs as an effective and comparable alternative isotope.",high,cancer-specific survival,7-year,98.00%,Brachytherapy,high-risk
31427178,Long-term biochemical outcomes using cesium-131 in prostate brachytherapy.,"PURPOSE: Long-term outcomes reveal equivalent biochemical outcomes with low-dose-rate (LDR) brachytherapy (BT) compared with radical prostatectomy and external-beam radiotherapy for the management of prostate cancer. Iodine-125, the most commonly used isotope, may be associated with long-term urinary consequences. Cesium-131 (131Cs) has a higher dose rate and shorter dose delivery time, predicting a shorter duration of urinary morbidity. We report our institution's high-volume experience and the most mature data to date on outcomes with 131Cs prostate BT. METHODS AND MATERIALS: 571 men (median age: 65.38 years) with low (55%)-, intermediate (36%)-, and high-risk disease (9%) received monobrachytherapy, dual-modality, or trimodality using 131Cs at a single institution. Risk groups were defined according to the National Comprehensive Cancer Network definition. Median prescription dose for definitive LDR-BT and LDR-BT boost was 115 Gy and 70 Gy, respectively. Median initial PSA was 6.1 ng/mL (IQR: 4.6-8.7). RESULTS: Median followup time was 5 years. 5/7-year overall survival for low-, intermediate-, and high-risk patients was 96.9%/96/9%, 92.8%/89.7%, and 95.8%/87.1%, respectively (p = 0.02). 5/7-year freedom from biochemical failure for low-, intermediate-, and high-risk patients was 98.5%/96.3%, 94.1%/86.4%, and 93.2%/74.5%, respectively (p < 0.01). 5/7-year prostate cancer -specific survival was 100%/100%, 99.3%/99.3%, and 98.0%/98.0% for low-, intermediate-, and high-risk patients, respectively (p < 0.01). CONCLUSIONS: 131Cs is a viable alternative isotope for prostate brachytherapy for organ-confined disease. Long-term biochemical control and survival outcomes are excellent and on par with those attained with the use of 125I or 103Pd. This report therefore supports the continued use of 131Cs as an effective and comparable alternative isotope.",intermediate,cancer-specific survival,7-year,99.30%,Brachytherapy,intermediate-risk
31427178,Long-term biochemical outcomes using cesium-131 in prostate brachytherapy.,"PURPOSE: Long-term outcomes reveal equivalent biochemical outcomes with low-dose-rate (LDR) brachytherapy (BT) compared with radical prostatectomy and external-beam radiotherapy for the management of prostate cancer. Iodine-125, the most commonly used isotope, may be associated with long-term urinary consequences. Cesium-131 (131Cs) has a higher dose rate and shorter dose delivery time, predicting a shorter duration of urinary morbidity. We report our institution's high-volume experience and the most mature data to date on outcomes with 131Cs prostate BT. METHODS AND MATERIALS: 571 men (median age: 65.38 years) with low (55%)-, intermediate (36%)-, and high-risk disease (9%) received monobrachytherapy, dual-modality, or trimodality using 131Cs at a single institution. Risk groups were defined according to the National Comprehensive Cancer Network definition. Median prescription dose for definitive LDR-BT and LDR-BT boost was 115 Gy and 70 Gy, respectively. Median initial PSA was 6.1 ng/mL (IQR: 4.6-8.7). RESULTS: Median followup time was 5 years. 5/7-year overall survival for low-, intermediate-, and high-risk patients was 96.9%/96/9%, 92.8%/89.7%, and 95.8%/87.1%, respectively (p = 0.02). 5/7-year freedom from biochemical failure for low-, intermediate-, and high-risk patients was 98.5%/96.3%, 94.1%/86.4%, and 93.2%/74.5%, respectively (p < 0.01). 5/7-year prostate cancer -specific survival was 100%/100%, 99.3%/99.3%, and 98.0%/98.0% for low-, intermediate-, and high-risk patients, respectively (p < 0.01). CONCLUSIONS: 131Cs is a viable alternative isotope for prostate brachytherapy for organ-confined disease. Long-term biochemical control and survival outcomes are excellent and on par with those attained with the use of 125I or 103Pd. This report therefore supports the continued use of 131Cs as an effective and comparable alternative isotope.",low,cancer-specific survival,7-year,100%,Brachytherapy,low-risk
31002732,Long-term biochemical progression-free survival following brachytherapy for prostate cancer: Further insight into the role of short-term androgen deprivation and intermediate risk group subclassification.,"INTRODUCTION: Brachytherapy is a well-established treatment of localized prostate cancer. Few studies have documented long-term results, specifically biochemical progression-free survival (bPFS) in men with brachytherapy alone, with or without short-term androgen deprivation therapy (ADT), or in combination with external beam radiotherapy (EBRT). Our aim was to analyze long-term bPFS of brachytherapy treated patients. MATERIALS AND METHODS: Retrospective analysis of 1457 patients with low and intermediate risk prostate cancer treated with brachytherapy alone (1255) or combined with EBRT (202). Six-months ADT was administrated for all EBRT combined patients and for prostate volume downsizing when >55 cc (328). Failure was by the Phoenix definition. Kaplan-Meier analysis and multivariate Cox regression estimated and compared 10-yr and 15-yr rates of bPFS. RESULTS: Median follow-up was 6.1 yr. Ten and 15-yr bPFS rates of the entire cohort were 93.2% and 89.2%, respectively. On multivariate analysis, PSA density (PSAD), ADT and clinical stage were significantly associated with failure. The most powerful independent factor was PSAD with a HR of 3.5 (95% CI, 1.7-7.4) for PSAD above 0.15. No significant difference was found between low and intermediate risks patients regardless of treatment regimen. However, comparison of two intermediate risk groups, Gleason score (GS) 7, PSA<20 ng/ml versus GS≤6 and PSA = 10-20 ng/ml, revealed 10- and 15-yr bPFS rates of 94.2% and 94.2% compared to 88.2% and 79.9%, (P = 0.022), respectively. ADT improved bPFS rates in low risk patients. The ten and 15-yr bPFS rates were 97.6% and 94.6% compared to 92.3% and 88.2%, (P = 0.020), respectively. CONCLUSIONS: Our retrospective large scale study suggests that brachytherapy provides excellent long-term bPFS rates in low and intermediate risk disease. Combination of brachytherapy with EBRT yields favorable outcomes in GS 7 intermediate risk patients and short-term ADT has a positive effect on outcomes in low risk patients. Further prospective studies are warranted to discriminate the role of adding either EBRT and/or ADT to brachytherapy protocols.",intermediate,biochemical progression-free survival,10-year,88.20%,other,intermediate-risk
31002732,Long-term biochemical progression-free survival following brachytherapy for prostate cancer: Further insight into the role of short-term androgen deprivation and intermediate risk group subclassification.,"INTRODUCTION: Brachytherapy is a well-established treatment of localized prostate cancer. Few studies have documented long-term results, specifically biochemical progression-free survival (bPFS) in men with brachytherapy alone, with or without short-term androgen deprivation therapy (ADT), or in combination with external beam radiotherapy (EBRT). Our aim was to analyze long-term bPFS of brachytherapy treated patients. MATERIALS AND METHODS: Retrospective analysis of 1457 patients with low and intermediate risk prostate cancer treated with brachytherapy alone (1255) or combined with EBRT (202). Six-months ADT was administrated for all EBRT combined patients and for prostate volume downsizing when >55 cc (328). Failure was by the Phoenix definition. Kaplan-Meier analysis and multivariate Cox regression estimated and compared 10-yr and 15-yr rates of bPFS. RESULTS: Median follow-up was 6.1 yr. Ten and 15-yr bPFS rates of the entire cohort were 93.2% and 89.2%, respectively. On multivariate analysis, PSA density (PSAD), ADT and clinical stage were significantly associated with failure. The most powerful independent factor was PSAD with a HR of 3.5 (95% CI, 1.7-7.4) for PSAD above 0.15. No significant difference was found between low and intermediate risks patients regardless of treatment regimen. However, comparison of two intermediate risk groups, Gleason score (GS) 7, PSA<20 ng/ml versus GS≤6 and PSA = 10-20 ng/ml, revealed 10- and 15-yr bPFS rates of 94.2% and 94.2% compared to 88.2% and 79.9%, (P = 0.022), respectively. ADT improved bPFS rates in low risk patients. The ten and 15-yr bPFS rates were 97.6% and 94.6% compared to 92.3% and 88.2%, (P = 0.020), respectively. CONCLUSIONS: Our retrospective large scale study suggests that brachytherapy provides excellent long-term bPFS rates in low and intermediate risk disease. Combination of brachytherapy with EBRT yields favorable outcomes in GS 7 intermediate risk patients and short-term ADT has a positive effect on outcomes in low risk patients. Further prospective studies are warranted to discriminate the role of adding either EBRT and/or ADT to brachytherapy protocols.",low,biochemical progression-free survival,10-year,92.30%,Brachytherapy,low-risk
31002732,Long-term biochemical progression-free survival following brachytherapy for prostate cancer: Further insight into the role of short-term androgen deprivation and intermediate risk group subclassification.,"INTRODUCTION: Brachytherapy is a well-established treatment of localized prostate cancer. Few studies have documented long-term results, specifically biochemical progression-free survival (bPFS) in men with brachytherapy alone, with or without short-term androgen deprivation therapy (ADT), or in combination with external beam radiotherapy (EBRT). Our aim was to analyze long-term bPFS of brachytherapy treated patients. MATERIALS AND METHODS: Retrospective analysis of 1457 patients with low and intermediate risk prostate cancer treated with brachytherapy alone (1255) or combined with EBRT (202). Six-months ADT was administrated for all EBRT combined patients and for prostate volume downsizing when >55 cc (328). Failure was by the Phoenix definition. Kaplan-Meier analysis and multivariate Cox regression estimated and compared 10-yr and 15-yr rates of bPFS. RESULTS: Median follow-up was 6.1 yr. Ten and 15-yr bPFS rates of the entire cohort were 93.2% and 89.2%, respectively. On multivariate analysis, PSA density (PSAD), ADT and clinical stage were significantly associated with failure. The most powerful independent factor was PSAD with a HR of 3.5 (95% CI, 1.7-7.4) for PSAD above 0.15. No significant difference was found between low and intermediate risks patients regardless of treatment regimen. However, comparison of two intermediate risk groups, Gleason score (GS) 7, PSA<20 ng/ml versus GS≤6 and PSA = 10-20 ng/ml, revealed 10- and 15-yr bPFS rates of 94.2% and 94.2% compared to 88.2% and 79.9%, (P = 0.022), respectively. ADT improved bPFS rates in low risk patients. The ten and 15-yr bPFS rates were 97.6% and 94.6% compared to 92.3% and 88.2%, (P = 0.020), respectively. CONCLUSIONS: Our retrospective large scale study suggests that brachytherapy provides excellent long-term bPFS rates in low and intermediate risk disease. Combination of brachytherapy with EBRT yields favorable outcomes in GS 7 intermediate risk patients and short-term ADT has a positive effect on outcomes in low risk patients. Further prospective studies are warranted to discriminate the role of adding either EBRT and/or ADT to brachytherapy protocols.",intermediate,biochemical progression-free survival,10-year,94.20%,other,intermediate-risk
31002732,Long-term biochemical progression-free survival following brachytherapy for prostate cancer: Further insight into the role of short-term androgen deprivation and intermediate risk group subclassification.,"INTRODUCTION: Brachytherapy is a well-established treatment of localized prostate cancer. Few studies have documented long-term results, specifically biochemical progression-free survival (bPFS) in men with brachytherapy alone, with or without short-term androgen deprivation therapy (ADT), or in combination with external beam radiotherapy (EBRT). Our aim was to analyze long-term bPFS of brachytherapy treated patients. MATERIALS AND METHODS: Retrospective analysis of 1457 patients with low and intermediate risk prostate cancer treated with brachytherapy alone (1255) or combined with EBRT (202). Six-months ADT was administrated for all EBRT combined patients and for prostate volume downsizing when >55 cc (328). Failure was by the Phoenix definition. Kaplan-Meier analysis and multivariate Cox regression estimated and compared 10-yr and 15-yr rates of bPFS. RESULTS: Median follow-up was 6.1 yr. Ten and 15-yr bPFS rates of the entire cohort were 93.2% and 89.2%, respectively. On multivariate analysis, PSA density (PSAD), ADT and clinical stage were significantly associated with failure. The most powerful independent factor was PSAD with a HR of 3.5 (95% CI, 1.7-7.4) for PSAD above 0.15. No significant difference was found between low and intermediate risks patients regardless of treatment regimen. However, comparison of two intermediate risk groups, Gleason score (GS) 7, PSA<20 ng/ml versus GS≤6 and PSA = 10-20 ng/ml, revealed 10- and 15-yr bPFS rates of 94.2% and 94.2% compared to 88.2% and 79.9%, (P = 0.022), respectively. ADT improved bPFS rates in low risk patients. The ten and 15-yr bPFS rates were 97.6% and 94.6% compared to 92.3% and 88.2%, (P = 0.020), respectively. CONCLUSIONS: Our retrospective large scale study suggests that brachytherapy provides excellent long-term bPFS rates in low and intermediate risk disease. Combination of brachytherapy with EBRT yields favorable outcomes in GS 7 intermediate risk patients and short-term ADT has a positive effect on outcomes in low risk patients. Further prospective studies are warranted to discriminate the role of adding either EBRT and/or ADT to brachytherapy protocols.",low,biochemical progression-free survival,10-year,97.60%,ADT + LDR Brachy,low-risk
31002732,Long-term biochemical progression-free survival following brachytherapy for prostate cancer: Further insight into the role of short-term androgen deprivation and intermediate risk group subclassification.,"INTRODUCTION: Brachytherapy is a well-established treatment of localized prostate cancer. Few studies have documented long-term results, specifically biochemical progression-free survival (bPFS) in men with brachytherapy alone, with or without short-term androgen deprivation therapy (ADT), or in combination with external beam radiotherapy (EBRT). Our aim was to analyze long-term bPFS of brachytherapy treated patients. MATERIALS AND METHODS: Retrospective analysis of 1457 patients with low and intermediate risk prostate cancer treated with brachytherapy alone (1255) or combined with EBRT (202). Six-months ADT was administrated for all EBRT combined patients and for prostate volume downsizing when >55 cc (328). Failure was by the Phoenix definition. Kaplan-Meier analysis and multivariate Cox regression estimated and compared 10-yr and 15-yr rates of bPFS. RESULTS: Median follow-up was 6.1 yr. Ten and 15-yr bPFS rates of the entire cohort were 93.2% and 89.2%, respectively. On multivariate analysis, PSA density (PSAD), ADT and clinical stage were significantly associated with failure. The most powerful independent factor was PSAD with a HR of 3.5 (95% CI, 1.7-7.4) for PSAD above 0.15. No significant difference was found between low and intermediate risks patients regardless of treatment regimen. However, comparison of two intermediate risk groups, Gleason score (GS) 7, PSA<20 ng/ml versus GS≤6 and PSA = 10-20 ng/ml, revealed 10- and 15-yr bPFS rates of 94.2% and 94.2% compared to 88.2% and 79.9%, (P = 0.022), respectively. ADT improved bPFS rates in low risk patients. The ten and 15-yr bPFS rates were 97.6% and 94.6% compared to 92.3% and 88.2%, (P = 0.020), respectively. CONCLUSIONS: Our retrospective large scale study suggests that brachytherapy provides excellent long-term bPFS rates in low and intermediate risk disease. Combination of brachytherapy with EBRT yields favorable outcomes in GS 7 intermediate risk patients and short-term ADT has a positive effect on outcomes in low risk patients. Further prospective studies are warranted to discriminate the role of adding either EBRT and/or ADT to brachytherapy protocols.",intermediate,biochemical progression-free survival,15-year,79.90%,other,intermediate-risk
31002732,Long-term biochemical progression-free survival following brachytherapy for prostate cancer: Further insight into the role of short-term androgen deprivation and intermediate risk group subclassification.,"INTRODUCTION: Brachytherapy is a well-established treatment of localized prostate cancer. Few studies have documented long-term results, specifically biochemical progression-free survival (bPFS) in men with brachytherapy alone, with or without short-term androgen deprivation therapy (ADT), or in combination with external beam radiotherapy (EBRT). Our aim was to analyze long-term bPFS of brachytherapy treated patients. MATERIALS AND METHODS: Retrospective analysis of 1457 patients with low and intermediate risk prostate cancer treated with brachytherapy alone (1255) or combined with EBRT (202). Six-months ADT was administrated for all EBRT combined patients and for prostate volume downsizing when >55 cc (328). Failure was by the Phoenix definition. Kaplan-Meier analysis and multivariate Cox regression estimated and compared 10-yr and 15-yr rates of bPFS. RESULTS: Median follow-up was 6.1 yr. Ten and 15-yr bPFS rates of the entire cohort were 93.2% and 89.2%, respectively. On multivariate analysis, PSA density (PSAD), ADT and clinical stage were significantly associated with failure. The most powerful independent factor was PSAD with a HR of 3.5 (95% CI, 1.7-7.4) for PSAD above 0.15. No significant difference was found between low and intermediate risks patients regardless of treatment regimen. However, comparison of two intermediate risk groups, Gleason score (GS) 7, PSA<20 ng/ml versus GS≤6 and PSA = 10-20 ng/ml, revealed 10- and 15-yr bPFS rates of 94.2% and 94.2% compared to 88.2% and 79.9%, (P = 0.022), respectively. ADT improved bPFS rates in low risk patients. The ten and 15-yr bPFS rates were 97.6% and 94.6% compared to 92.3% and 88.2%, (P = 0.020), respectively. CONCLUSIONS: Our retrospective large scale study suggests that brachytherapy provides excellent long-term bPFS rates in low and intermediate risk disease. Combination of brachytherapy with EBRT yields favorable outcomes in GS 7 intermediate risk patients and short-term ADT has a positive effect on outcomes in low risk patients. Further prospective studies are warranted to discriminate the role of adding either EBRT and/or ADT to brachytherapy protocols.",low,biochemical progression-free survival,15-year,88.20%,Brachytherapy,low-risk
31002732,Long-term biochemical progression-free survival following brachytherapy for prostate cancer: Further insight into the role of short-term androgen deprivation and intermediate risk group subclassification.,"INTRODUCTION: Brachytherapy is a well-established treatment of localized prostate cancer. Few studies have documented long-term results, specifically biochemical progression-free survival (bPFS) in men with brachytherapy alone, with or without short-term androgen deprivation therapy (ADT), or in combination with external beam radiotherapy (EBRT). Our aim was to analyze long-term bPFS of brachytherapy treated patients. MATERIALS AND METHODS: Retrospective analysis of 1457 patients with low and intermediate risk prostate cancer treated with brachytherapy alone (1255) or combined with EBRT (202). Six-months ADT was administrated for all EBRT combined patients and for prostate volume downsizing when >55 cc (328). Failure was by the Phoenix definition. Kaplan-Meier analysis and multivariate Cox regression estimated and compared 10-yr and 15-yr rates of bPFS. RESULTS: Median follow-up was 6.1 yr. Ten and 15-yr bPFS rates of the entire cohort were 93.2% and 89.2%, respectively. On multivariate analysis, PSA density (PSAD), ADT and clinical stage were significantly associated with failure. The most powerful independent factor was PSAD with a HR of 3.5 (95% CI, 1.7-7.4) for PSAD above 0.15. No significant difference was found between low and intermediate risks patients regardless of treatment regimen. However, comparison of two intermediate risk groups, Gleason score (GS) 7, PSA<20 ng/ml versus GS≤6 and PSA = 10-20 ng/ml, revealed 10- and 15-yr bPFS rates of 94.2% and 94.2% compared to 88.2% and 79.9%, (P = 0.022), respectively. ADT improved bPFS rates in low risk patients. The ten and 15-yr bPFS rates were 97.6% and 94.6% compared to 92.3% and 88.2%, (P = 0.020), respectively. CONCLUSIONS: Our retrospective large scale study suggests that brachytherapy provides excellent long-term bPFS rates in low and intermediate risk disease. Combination of brachytherapy with EBRT yields favorable outcomes in GS 7 intermediate risk patients and short-term ADT has a positive effect on outcomes in low risk patients. Further prospective studies are warranted to discriminate the role of adding either EBRT and/or ADT to brachytherapy protocols.",intermediate,biochemical progression-free survival,15-year,94.20%,other,intermediate-risk
31002732,Long-term biochemical progression-free survival following brachytherapy for prostate cancer: Further insight into the role of short-term androgen deprivation and intermediate risk group subclassification.,"INTRODUCTION: Brachytherapy is a well-established treatment of localized prostate cancer. Few studies have documented long-term results, specifically biochemical progression-free survival (bPFS) in men with brachytherapy alone, with or without short-term androgen deprivation therapy (ADT), or in combination with external beam radiotherapy (EBRT). Our aim was to analyze long-term bPFS of brachytherapy treated patients. MATERIALS AND METHODS: Retrospective analysis of 1457 patients with low and intermediate risk prostate cancer treated with brachytherapy alone (1255) or combined with EBRT (202). Six-months ADT was administrated for all EBRT combined patients and for prostate volume downsizing when >55 cc (328). Failure was by the Phoenix definition. Kaplan-Meier analysis and multivariate Cox regression estimated and compared 10-yr and 15-yr rates of bPFS. RESULTS: Median follow-up was 6.1 yr. Ten and 15-yr bPFS rates of the entire cohort were 93.2% and 89.2%, respectively. On multivariate analysis, PSA density (PSAD), ADT and clinical stage were significantly associated with failure. The most powerful independent factor was PSAD with a HR of 3.5 (95% CI, 1.7-7.4) for PSAD above 0.15. No significant difference was found between low and intermediate risks patients regardless of treatment regimen. However, comparison of two intermediate risk groups, Gleason score (GS) 7, PSA<20 ng/ml versus GS≤6 and PSA = 10-20 ng/ml, revealed 10- and 15-yr bPFS rates of 94.2% and 94.2% compared to 88.2% and 79.9%, (P = 0.022), respectively. ADT improved bPFS rates in low risk patients. The ten and 15-yr bPFS rates were 97.6% and 94.6% compared to 92.3% and 88.2%, (P = 0.020), respectively. CONCLUSIONS: Our retrospective large scale study suggests that brachytherapy provides excellent long-term bPFS rates in low and intermediate risk disease. Combination of brachytherapy with EBRT yields favorable outcomes in GS 7 intermediate risk patients and short-term ADT has a positive effect on outcomes in low risk patients. Further prospective studies are warranted to discriminate the role of adding either EBRT and/or ADT to brachytherapy protocols.",low,biochemical progression-free survival,15-year,94.60%,ADT + LDR Brachy,low-risk
31661703,Long-Term Mortality in Patients with Positive Lymph Nodes at the Time of Radical Prostatectomy.,"BACKGROUND: The aim of this study was to determine prognostic factors and to provide long-term mortality data in patients with positive lymph nodes at the time of radical prostatectomy in a sample with long-term follow-up. METHODS: A total of 527 patients with complete data sets treated in the years 1992-2014 were studied. The median follow-up was 7.2 years. The median number of removed lymph nodes was 15. Age, year of surgery, Gleason score, local tumor stage, prostate-specific antigen level, lymph node density, lymph node count and the number of positive lymph nodes were included in multivariable competing risk analyses with prostate cancer mortality as endpoint. RESULTS: After 20 years, 28% of patients (95% CI 20-36%) died from non-prostate cancer (competing) causes, whereas 29% (95% CI 23-36%) died from prostate cancer. Only lymph node density (stratified by the median of 11.1%; hazard ratio [HR] 1.66, 95% CI 1.04-2.64, p = 0.0340) and Gleason score (8-10 vs. <8: HR 5.97, 95% CI 3.18-11.23, p < 0.0001) were independent predictors of prostate cancer mortality. Patients with a Gleason score <8 and a lymph node density < median had a 20-year prostate cancer mortality of only 5% (95% CI 0-10%), whereas this rate in patients with Gleason score 8-10 and a lymph node density ≥ median was 44% (95% CI 32-56%), p < 0.0001. CONCLUSIONS: Mortality in patients with positive lymph nodes was determined by tumor aggressiveness and the relative extent of spread; neither the year of surgery nor the number of removed lymph nodes was associated with outcome. Patients with a lymph node density of <11.1% and a Gleason score <8 had an excellent long-term outcome.",high,cancer-specific survival,20-year,44%,Radical Prostatectomy,high-risk
30630500,Long-term results of a phase II study of hypofractionated proton therapy for prostate cancer: moderate versus extreme hypofractionation.,"BACKGROUND: We performed a prospective phase II study to compare acute toxicity among five different hypofractionated schedules using proton therapy. This study was an exploratory analysis to investigate the secondary end-point of biochemical failure-free survival (BCFFS) of patients with long-term follow-up. METHODS: Eighty-two patients with T1-3bN0M0 prostate cancer who had not received androgen-deprivation therapy were randomized to one of five arms: Arm 1, 60 cobalt gray equivalent (CGE)/20 fractions/5 weeks; Arm 2, 54 CGE/15 fractions/5 weeks; Arm 3, 47 CGE/10 fractions/5 weeks; Arm 4, 35 CGE/5 fractions/2.5 weeks; and Arm 5, 35 CGE/5 fractions/4 weeks. In the current exploratory analysis, these ardms were categorized into the moderate hypofractionated (MHF) group (52 patients in Arms 1-3) and the extreme hypofractionated (EHF) group (30 patients in Arms 4-5). RESULTS: At a median follow-up of 7.5 years (range, 1.3-9.6 years), 7-year BCFFS was 76.2% for the MHF group and 46.2% for the EHF group (p = 0.005). The 7-year BCFFS of the MHF and EHF groups were 90.5 and 57.1% in the low-risk group (p = 0.154); 83.5 and 42.9% in the intermediate risk group (p = 0.018); and 41.7 and 40.0% in the high risk group (p = 0.786), respectively. Biochemical failure tended to be a late event with a median time to occurrence of 5 years. Acute GU toxicities were more common in the MHF than the EHF group (85 vs. 57%, p = 0.009), but late GI and GU toxicities did not differ between groups. CONCLUSIONS: Our results suggest that the efficacy of EHF is potentially inferior to that of MHF and that further studies are warranted, therefore, to confirm these findings. TRIAL REGISTRATION: This study is registered at ClinicalTrials.gov, no. NCT01709253 ; registered October 18, 2012; retrospectively registered).",high,biochemical failure-free survival,7-year,41.70%,Radiotherapy,high-risk
30630500,Long-term results of a phase II study of hypofractionated proton therapy for prostate cancer: moderate versus extreme hypofractionation.,"BACKGROUND: We performed a prospective phase II study to compare acute toxicity among five different hypofractionated schedules using proton therapy. This study was an exploratory analysis to investigate the secondary end-point of biochemical failure-free survival (BCFFS) of patients with long-term follow-up. METHODS: Eighty-two patients with T1-3bN0M0 prostate cancer who had not received androgen-deprivation therapy were randomized to one of five arms: Arm 1, 60 cobalt gray equivalent (CGE)/20 fractions/5 weeks; Arm 2, 54 CGE/15 fractions/5 weeks; Arm 3, 47 CGE/10 fractions/5 weeks; Arm 4, 35 CGE/5 fractions/2.5 weeks; and Arm 5, 35 CGE/5 fractions/4 weeks. In the current exploratory analysis, these ardms were categorized into the moderate hypofractionated (MHF) group (52 patients in Arms 1-3) and the extreme hypofractionated (EHF) group (30 patients in Arms 4-5). RESULTS: At a median follow-up of 7.5 years (range, 1.3-9.6 years), 7-year BCFFS was 76.2% for the MHF group and 46.2% for the EHF group (p = 0.005). The 7-year BCFFS of the MHF and EHF groups were 90.5 and 57.1% in the low-risk group (p = 0.154); 83.5 and 42.9% in the intermediate risk group (p = 0.018); and 41.7 and 40.0% in the high risk group (p = 0.786), respectively. Biochemical failure tended to be a late event with a median time to occurrence of 5 years. Acute GU toxicities were more common in the MHF than the EHF group (85 vs. 57%, p = 0.009), but late GI and GU toxicities did not differ between groups. CONCLUSIONS: Our results suggest that the efficacy of EHF is potentially inferior to that of MHF and that further studies are warranted, therefore, to confirm these findings. TRIAL REGISTRATION: This study is registered at ClinicalTrials.gov, no. NCT01709253 ; registered October 18, 2012; retrospectively registered).",intermediate,biochemical failure-free survival,7-year,83.50%,Radiotherapy,intermediate-risk
30630500,Long-term results of a phase II study of hypofractionated proton therapy for prostate cancer: moderate versus extreme hypofractionation.,"BACKGROUND: We performed a prospective phase II study to compare acute toxicity among five different hypofractionated schedules using proton therapy. This study was an exploratory analysis to investigate the secondary end-point of biochemical failure-free survival (BCFFS) of patients with long-term follow-up. METHODS: Eighty-two patients with T1-3bN0M0 prostate cancer who had not received androgen-deprivation therapy were randomized to one of five arms: Arm 1, 60 cobalt gray equivalent (CGE)/20 fractions/5 weeks; Arm 2, 54 CGE/15 fractions/5 weeks; Arm 3, 47 CGE/10 fractions/5 weeks; Arm 4, 35 CGE/5 fractions/2.5 weeks; and Arm 5, 35 CGE/5 fractions/4 weeks. In the current exploratory analysis, these ardms were categorized into the moderate hypofractionated (MHF) group (52 patients in Arms 1-3) and the extreme hypofractionated (EHF) group (30 patients in Arms 4-5). RESULTS: At a median follow-up of 7.5 years (range, 1.3-9.6 years), 7-year BCFFS was 76.2% for the MHF group and 46.2% for the EHF group (p = 0.005). The 7-year BCFFS of the MHF and EHF groups were 90.5 and 57.1% in the low-risk group (p = 0.154); 83.5 and 42.9% in the intermediate risk group (p = 0.018); and 41.7 and 40.0% in the high risk group (p = 0.786), respectively. Biochemical failure tended to be a late event with a median time to occurrence of 5 years. Acute GU toxicities were more common in the MHF than the EHF group (85 vs. 57%, p = 0.009), but late GI and GU toxicities did not differ between groups. CONCLUSIONS: Our results suggest that the efficacy of EHF is potentially inferior to that of MHF and that further studies are warranted, therefore, to confirm these findings. TRIAL REGISTRATION: This study is registered at ClinicalTrials.gov, no. NCT01709253 ; registered October 18, 2012; retrospectively registered).",low,biochemical failure-free survival,7-year,90.50%,Radiotherapy,low-risk
30566649,Long-term results of intensity-modulated radiotherapy with three dose-fractionation regimens for localized prostate cancer.,"We evaluated long-term outcomes of three protocols of intensity-modulated radiation therapy (IMRT) for localized prostate cancer. Between 2005 and 2014, 348 patients were treated with 5-field IMRT. The first 74 patients were treated with a daily fraction of 2.0 Gy to 74 Gy (low-risk prostate cancer) or 78 Gy (intermediate- or high-risk prostate cancer); then 101 patients were treated with 2.1-Gy daily fractions to 73.5 or 77.7 Gy. More recently, 173 patients were treated with 2.2-Gy fractions to 72.6 or 74.8 Gy. The median age of all patients was 70 years and the median follow-up period was 82 months. The median follow-up periods were 124 months in the 2.0-Gy group, 98 months in the 2.1-Gy group, and 69 months in the 2.2-Gy group. The overall and prostate-specific antigen (PSA) failure-free survival (PSA-FFS) rates were, respectively, 89 and 68% at 10 years for the 2.0-Gy group, 91 and 84% at 8 years for the 2.1-Gy group, and 93 and 92% at 6 years for the 2.2-Gy group. The PSA-FFS rate for high-risk patients in all groups was 80% at 7 years. The cumulative incidences of Grade ≥2 late genitourinary (GU) and gastrointestinal (GI) toxicity were, respectively, 7.2 and 12.4% at 10 years for the 2.0-Gy group, 7.4 and 14.1% at 8 years for the 2.1-Gy group, and 7.1 and 7.9% at 6 years for the 2.2-Gy group. All three fractionation schedules yielded good tumor control with acceptable toxicities.",high,PSA failure-free survival,7-year,80%,Radiotherapy,high-risk
31820209,Low incidence of late recurrence in patients with intermediate-risk prostate cancer treated by intensity-modulated radiation therapy plus short-term androgen deprivation therapy.,"OBJECTIVES: This study evaluated the long-term outcomes of intensity-modulated radiation therapy (IMRT) combined with short-term neoadjuvant androgen deprivation therapy (ADT) in patients with intermediate-risk (IR) prostate cancer (PCa). MATERIALS AND METHODS: Patients with IR PCa treated with IMRT at our institution between September 2000 and November 2010 were analyzed retrospectively. The treatment consisted of IMRT (70-78 Gy in 35-39 fractions) combined with 6 months of neoadjuvant ADT. Salvage ADT was initiated when the prostate-specific antigen level was > 4.0 ng/mL RESULTS: In total, 106 consecutive patients with IR PCa (median age: 70 years old) were analyzed. The median follow-up period was 8.0 years. The overall survival, PCa-specific survival, biochemical failure, and clinical failure rates were 99.0%, 100.0%, 6.8%, and 1.9% at 5 years and 89.1%, 100.0%, 11.3%, and 2.9% at 10 years, respectively. Late recurrence (> 5 years) was observed in three cases (2.8%). The cumulative incidence rates of genitourinary (GU) and gastrointestinal (GI) toxicities (grade 2/3) were 10.5% and 5.8% at 5 years, and 14.7% and 5.8% at 10 years, respectively. No patient developed grade 4/5 GU toxicities or grade 3-5 GI toxicities. CONCLUSION: IMRT at a dose up to 78 Gy combined with short-term neoadjuvant ADT resulted in excellent long-term disease-free outcomes with acceptable morbidities among patients with IR PCa. In addition, the incidence of late recurrence was very low. Further investigation is warranted to confirm our findings.",intermediate,overall survival,10-year,89.10%,ADT + Std EBRT,intermediate-risk
31820209,Low incidence of late recurrence in patients with intermediate-risk prostate cancer treated by intensity-modulated radiation therapy plus short-term androgen deprivation therapy.,"OBJECTIVES: This study evaluated the long-term outcomes of intensity-modulated radiation therapy (IMRT) combined with short-term neoadjuvant androgen deprivation therapy (ADT) in patients with intermediate-risk (IR) prostate cancer (PCa). MATERIALS AND METHODS: Patients with IR PCa treated with IMRT at our institution between September 2000 and November 2010 were analyzed retrospectively. The treatment consisted of IMRT (70-78 Gy in 35-39 fractions) combined with 6 months of neoadjuvant ADT. Salvage ADT was initiated when the prostate-specific antigen level was > 4.0 ng/mL RESULTS: In total, 106 consecutive patients with IR PCa (median age: 70 years old) were analyzed. The median follow-up period was 8.0 years. The overall survival, PCa-specific survival, biochemical failure, and clinical failure rates were 99.0%, 100.0%, 6.8%, and 1.9% at 5 years and 89.1%, 100.0%, 11.3%, and 2.9% at 10 years, respectively. Late recurrence (> 5 years) was observed in three cases (2.8%). The cumulative incidence rates of genitourinary (GU) and gastrointestinal (GI) toxicities (grade 2/3) were 10.5% and 5.8% at 5 years, and 14.7% and 5.8% at 10 years, respectively. No patient developed grade 4/5 GU toxicities or grade 3-5 GI toxicities. CONCLUSION: IMRT at a dose up to 78 Gy combined with short-term neoadjuvant ADT resulted in excellent long-term disease-free outcomes with acceptable morbidities among patients with IR PCa. In addition, the incidence of late recurrence was very low. Further investigation is warranted to confirm our findings.",intermediate,cancer-specific survival,10-year,100.00%,ADT + Std EBRT,intermediate-risk
31820209,Low incidence of late recurrence in patients with intermediate-risk prostate cancer treated by intensity-modulated radiation therapy plus short-term androgen deprivation therapy.,"OBJECTIVES: This study evaluated the long-term outcomes of intensity-modulated radiation therapy (IMRT) combined with short-term neoadjuvant androgen deprivation therapy (ADT) in patients with intermediate-risk (IR) prostate cancer (PCa). MATERIALS AND METHODS: Patients with IR PCa treated with IMRT at our institution between September 2000 and November 2010 were analyzed retrospectively. The treatment consisted of IMRT (70-78 Gy in 35-39 fractions) combined with 6 months of neoadjuvant ADT. Salvage ADT was initiated when the prostate-specific antigen level was > 4.0 ng/mL RESULTS: In total, 106 consecutive patients with IR PCa (median age: 70 years old) were analyzed. The median follow-up period was 8.0 years. The overall survival, PCa-specific survival, biochemical failure, and clinical failure rates were 99.0%, 100.0%, 6.8%, and 1.9% at 5 years and 89.1%, 100.0%, 11.3%, and 2.9% at 10 years, respectively. Late recurrence (> 5 years) was observed in three cases (2.8%). The cumulative incidence rates of genitourinary (GU) and gastrointestinal (GI) toxicities (grade 2/3) were 10.5% and 5.8% at 5 years, and 14.7% and 5.8% at 10 years, respectively. No patient developed grade 4/5 GU toxicities or grade 3-5 GI toxicities. CONCLUSION: IMRT at a dose up to 78 Gy combined with short-term neoadjuvant ADT resulted in excellent long-term disease-free outcomes with acceptable morbidities among patients with IR PCa. In addition, the incidence of late recurrence was very low. Further investigation is warranted to confirm our findings.",intermediate,overall survival,5-year,99.00%,ADT + Std EBRT,intermediate-risk
31820209,Low incidence of late recurrence in patients with intermediate-risk prostate cancer treated by intensity-modulated radiation therapy plus short-term androgen deprivation therapy.,"OBJECTIVES: This study evaluated the long-term outcomes of intensity-modulated radiation therapy (IMRT) combined with short-term neoadjuvant androgen deprivation therapy (ADT) in patients with intermediate-risk (IR) prostate cancer (PCa). MATERIALS AND METHODS: Patients with IR PCa treated with IMRT at our institution between September 2000 and November 2010 were analyzed retrospectively. The treatment consisted of IMRT (70-78 Gy in 35-39 fractions) combined with 6 months of neoadjuvant ADT. Salvage ADT was initiated when the prostate-specific antigen level was > 4.0 ng/mL RESULTS: In total, 106 consecutive patients with IR PCa (median age: 70 years old) were analyzed. The median follow-up period was 8.0 years. The overall survival, PCa-specific survival, biochemical failure, and clinical failure rates were 99.0%, 100.0%, 6.8%, and 1.9% at 5 years and 89.1%, 100.0%, 11.3%, and 2.9% at 10 years, respectively. Late recurrence (> 5 years) was observed in three cases (2.8%). The cumulative incidence rates of genitourinary (GU) and gastrointestinal (GI) toxicities (grade 2/3) were 10.5% and 5.8% at 5 years, and 14.7% and 5.8% at 10 years, respectively. No patient developed grade 4/5 GU toxicities or grade 3-5 GI toxicities. CONCLUSION: IMRT at a dose up to 78 Gy combined with short-term neoadjuvant ADT resulted in excellent long-term disease-free outcomes with acceptable morbidities among patients with IR PCa. In addition, the incidence of late recurrence was very low. Further investigation is warranted to confirm our findings.",intermediate,cancer-specific survival,5-year,100.00%,ADT + Std EBRT,intermediate-risk
30878158,Oncological control in high-risk prostate cancer after radical prostatectomy and salvage radiotherapy compared to radiotherapy plus primary hormone therapy.,"INTRODUCTION: In patients with high-risk localized prostate cancer (HRPCa), multimodal treatment plays a fundamental role. OBJECTIVE: To compare relapse-free survival (RFS) in patients with HRPCa, treated primarily with radiotherapy (RT)+hormone therapy (HT) versus radical prostatectomy (RP) and salvage RT (sRT)±HT when biochemical recurrence (BCR) appears. MATERIAL AND METHODS: Retrospective analysis of 226 patients with HRPCa (1996-2008), treated primarily with RT+HT (n=137) or RP (n=89). The Kaplan-Meier method has been used to evaluate survival and the log-rank test has been used to evaluate the contrast between the different categories of the variables. Multivariate analysis has been performed using Cox regression to determine variables with an impact on RFS with statistical significance (P<0.05). RESULTS: The median follow-up of the series was 111 (IQR 85-137.5) months. After RT+HT, 32 (23.4%) patients relapsed, and after RP (P=0.0001), 41 (46.1%) cases. When comparing the primary treatments, the RFS at 5 and 10 years was higher after RT+HT versus RP in monotherapy (P=0.001). The primary treatment with RT+HT reduced the risk of BCR when compared to the RP (HR=0.41, P=0.002). The estimation of the RFS at 5 and 10 years after RP+sRT±HT was 89.7 and 87.1%, while after primary RT+HT was 91.6 and 71.1%, respectively (P=0.01). The only factor that behaved as an independent predictor of RFS was the multimodal treatment with RP+sRT±HT when BCR showed up (HR=2.39, P=0.01). CONCLUSION: In HRPCa, multimodal treatment with RP+sRT±HT if BCR, significantly improves RFS with respect to treatment with RT+HT.",high,relapse-free survival,10-year,71.10%,ADT + Std EBRT,high-risk
30878158,Oncological control in high-risk prostate cancer after radical prostatectomy and salvage radiotherapy compared to radiotherapy plus primary hormone therapy.,"INTRODUCTION: In patients with high-risk localized prostate cancer (HRPCa), multimodal treatment plays a fundamental role. OBJECTIVE: To compare relapse-free survival (RFS) in patients with HRPCa, treated primarily with radiotherapy (RT)+hormone therapy (HT) versus radical prostatectomy (RP) and salvage RT (sRT)±HT when biochemical recurrence (BCR) appears. MATERIAL AND METHODS: Retrospective analysis of 226 patients with HRPCa (1996-2008), treated primarily with RT+HT (n=137) or RP (n=89). The Kaplan-Meier method has been used to evaluate survival and the log-rank test has been used to evaluate the contrast between the different categories of the variables. Multivariate analysis has been performed using Cox regression to determine variables with an impact on RFS with statistical significance (P<0.05). RESULTS: The median follow-up of the series was 111 (IQR 85-137.5) months. After RT+HT, 32 (23.4%) patients relapsed, and after RP (P=0.0001), 41 (46.1%) cases. When comparing the primary treatments, the RFS at 5 and 10 years was higher after RT+HT versus RP in monotherapy (P=0.001). The primary treatment with RT+HT reduced the risk of BCR when compared to the RP (HR=0.41, P=0.002). The estimation of the RFS at 5 and 10 years after RP+sRT±HT was 89.7 and 87.1%, while after primary RT+HT was 91.6 and 71.1%, respectively (P=0.01). The only factor that behaved as an independent predictor of RFS was the multimodal treatment with RP+sRT±HT when BCR showed up (HR=2.39, P=0.01). CONCLUSION: In HRPCa, multimodal treatment with RP+sRT±HT if BCR, significantly improves RFS with respect to treatment with RT+HT.",high,relapse-free survival,10-year,87.10%,other,high-risk
30878158,Oncological control in high-risk prostate cancer after radical prostatectomy and salvage radiotherapy compared to radiotherapy plus primary hormone therapy.,"INTRODUCTION: In patients with high-risk localized prostate cancer (HRPCa), multimodal treatment plays a fundamental role. OBJECTIVE: To compare relapse-free survival (RFS) in patients with HRPCa, treated primarily with radiotherapy (RT)+hormone therapy (HT) versus radical prostatectomy (RP) and salvage RT (sRT)±HT when biochemical recurrence (BCR) appears. MATERIAL AND METHODS: Retrospective analysis of 226 patients with HRPCa (1996-2008), treated primarily with RT+HT (n=137) or RP (n=89). The Kaplan-Meier method has been used to evaluate survival and the log-rank test has been used to evaluate the contrast between the different categories of the variables. Multivariate analysis has been performed using Cox regression to determine variables with an impact on RFS with statistical significance (P<0.05). RESULTS: The median follow-up of the series was 111 (IQR 85-137.5) months. After RT+HT, 32 (23.4%) patients relapsed, and after RP (P=0.0001), 41 (46.1%) cases. When comparing the primary treatments, the RFS at 5 and 10 years was higher after RT+HT versus RP in monotherapy (P=0.001). The primary treatment with RT+HT reduced the risk of BCR when compared to the RP (HR=0.41, P=0.002). The estimation of the RFS at 5 and 10 years after RP+sRT±HT was 89.7 and 87.1%, while after primary RT+HT was 91.6 and 71.1%, respectively (P=0.01). The only factor that behaved as an independent predictor of RFS was the multimodal treatment with RP+sRT±HT when BCR showed up (HR=2.39, P=0.01). CONCLUSION: In HRPCa, multimodal treatment with RP+sRT±HT if BCR, significantly improves RFS with respect to treatment with RT+HT.",high,relapse-free survival,5-year,89.70%,other,high-risk
30878158,Oncological control in high-risk prostate cancer after radical prostatectomy and salvage radiotherapy compared to radiotherapy plus primary hormone therapy.,"INTRODUCTION: In patients with high-risk localized prostate cancer (HRPCa), multimodal treatment plays a fundamental role. OBJECTIVE: To compare relapse-free survival (RFS) in patients with HRPCa, treated primarily with radiotherapy (RT)+hormone therapy (HT) versus radical prostatectomy (RP) and salvage RT (sRT)±HT when biochemical recurrence (BCR) appears. MATERIAL AND METHODS: Retrospective analysis of 226 patients with HRPCa (1996-2008), treated primarily with RT+HT (n=137) or RP (n=89). The Kaplan-Meier method has been used to evaluate survival and the log-rank test has been used to evaluate the contrast between the different categories of the variables. Multivariate analysis has been performed using Cox regression to determine variables with an impact on RFS with statistical significance (P<0.05). RESULTS: The median follow-up of the series was 111 (IQR 85-137.5) months. After RT+HT, 32 (23.4%) patients relapsed, and after RP (P=0.0001), 41 (46.1%) cases. When comparing the primary treatments, the RFS at 5 and 10 years was higher after RT+HT versus RP in monotherapy (P=0.001). The primary treatment with RT+HT reduced the risk of BCR when compared to the RP (HR=0.41, P=0.002). The estimation of the RFS at 5 and 10 years after RP+sRT±HT was 89.7 and 87.1%, while after primary RT+HT was 91.6 and 71.1%, respectively (P=0.01). The only factor that behaved as an independent predictor of RFS was the multimodal treatment with RP+sRT±HT when BCR showed up (HR=2.39, P=0.01). CONCLUSION: In HRPCa, multimodal treatment with RP+sRT±HT if BCR, significantly improves RFS with respect to treatment with RT+HT.",high,relapse-free survival,5-year,91.60%,ADT + Std EBRT,high-risk
31597501,Oncological Outcome After Radical Prostatectomy without Pelvic Lymph Node Dissection for Localized Prostate Cancer: Follow-up Results in a Single Institution.,"The oncological benefit of pelvic lymph node dissection (PLND) is still debatable because data on clinical outcomes of radical prostatectomy (RP) without PLND are lacking. In this study, we reported oncological outcome in consecutive 146 patients who underwent RP without PLND. Although 27% of our patients developed biochemical recurrence, the estimated 5-year overall survival rates were 100%, 96.3%, and 95.7% in the low-, intermediate-, and high-risk groups, respectively. These data in our patients were not inferior to those in previous reports that investigated the survivals in patients who received PLND during RP. The therapeutic significance of PLND should be re-evaluated.",high,overall survival,5-year,95.70%,Radical Prostatectomy,high-risk
31597501,Oncological Outcome After Radical Prostatectomy without Pelvic Lymph Node Dissection for Localized Prostate Cancer: Follow-up Results in a Single Institution.,"The oncological benefit of pelvic lymph node dissection (PLND) is still debatable because data on clinical outcomes of radical prostatectomy (RP) without PLND are lacking. In this study, we reported oncological outcome in consecutive 146 patients who underwent RP without PLND. Although 27% of our patients developed biochemical recurrence, the estimated 5-year overall survival rates were 100%, 96.3%, and 95.7% in the low-, intermediate-, and high-risk groups, respectively. These data in our patients were not inferior to those in previous reports that investigated the survivals in patients who received PLND during RP. The therapeutic significance of PLND should be re-evaluated.",intermediate,overall survival,5-year,96.30%,Radical Prostatectomy,intermediate-risk
31597501,Oncological Outcome After Radical Prostatectomy without Pelvic Lymph Node Dissection for Localized Prostate Cancer: Follow-up Results in a Single Institution.,"The oncological benefit of pelvic lymph node dissection (PLND) is still debatable because data on clinical outcomes of radical prostatectomy (RP) without PLND are lacking. In this study, we reported oncological outcome in consecutive 146 patients who underwent RP without PLND. Although 27% of our patients developed biochemical recurrence, the estimated 5-year overall survival rates were 100%, 96.3%, and 95.7% in the low-, intermediate-, and high-risk groups, respectively. These data in our patients were not inferior to those in previous reports that investigated the survivals in patients who received PLND during RP. The therapeutic significance of PLND should be re-evaluated.",low,overall survival,5-year,100%,Radical Prostatectomy,low-risk
30536208,Outcomes and prognostic factors in intermediate-risk prostate cancer: multi-institutional analysis of the Spanish RECAP database.,"PURPOSE: To retrospectively assess outcomes and to identify prognostic factors in patients diagnosed with intermediate-risk (IR) prostate cancer (PCa) treated with primary external beam radiotherapy (EBRT). MATERIALS AND METHODS: Data were obtained from the multi-institutional Spanish RECAP database, a population-based prostate cancer registry in Spain. All IR patients (NCCN criteria) who underwent primary EBRT were included. The following variables were assessed: age; prostate-specific antigen (PSA); Gleason score; clinical T stage; percentage of positive biopsy cores (PPBC); androgen deprivation therapy (ADT); and radiotherapy dose. The patients were stratified into one of three risk subcategories: (1) favourable IR (FIR; GS 6, ≤ T2b or GS 3 + 4, ≤ T1c), (2) marginal IR (MIR; GS 3 + 4, T2a-b), and (3) unfavourable IR (UIR; GS 4 + 3 or T2c). Biochemical relapse-free survival (BRFS), disease-free survival (DFS), cancer-specific survival (CSS), and overall survival (OS) were assessed. RESULTS: A total of 1754 patients from the RECAP database were included and stratified by risk group: FIR, n = 781 (44.5%); MIR, n = 252 (14.4%); and UIR, n = 721 (41.1%). Mean age was 71 years (range 47-86). Mean PSA was 10.4 ng/ml (range 6-20). The median radiotherapy dose was 74 Gy, with mean doses of 72.5 Gy (FIR), 73.4 Gy (MIR), and 72.8 Gy (UIR). Most patients (88%) received ADT for a median of 7.1 months. By risk group (FIR, MIR, UIR), ADT rates were, respectively, 88.9, 86.5, and 86.9%. Only patients with ≥ 24 months of follow-up post-EBRT were included in the survival analysis (n = 1294). At a median follow-up of 52 months (range 24-173), respective 5- and 10-year outcomes were: OS 93.6% and 79%; BRFS 88.9% and 71.4%; DFS 96.1% and 89%; CSS 98.9% and 94.6%. Complication rates (≥ grade 3) were: acute genitourinary (GU) 2%; late GU 1%; acute gastrointestinal (GI) 2%; late GI 1%. There was no significant association between risk group and BRFS or OS. However, patients with favourable-risk disease had significantly better 5- and 10-year DFS than patients with UIR: 98.7% vs. 92.4% and 92% vs. 85.8% (p = 0.0005). CSS was significantly higher (p = 0.0057) in the FIR group at 5 (99.7% vs. 97.3%) and 10 years (96.1% vs. 93.4%). On the multivariate analyses, the following were significant predictors of survival: ADT (BRFS and DFS); dose ≥ 74 Gy (BRFS); age (OS). CONCLUSIONS: This is the first nationwide study in Spain to report long-term outcomes of patients with intermediate-risk PCa treated with EBRT. Survival outcomes were good, with a low incidence of both acute and late toxicity. Patients with unfavourable risk characteristics had significantly lower 5- and 10-year disease-free survival rates. ADT and radiotherapy dose ≥ 74 Gy were both significant predictors of treatment outcomes.",intermediate,biochemical relapse-free survival,10-year,71.40%,ADT + Std EBRT,intermediate-risk
30536208,Outcomes and prognostic factors in intermediate-risk prostate cancer: multi-institutional analysis of the Spanish RECAP database.,"PURPOSE: To retrospectively assess outcomes and to identify prognostic factors in patients diagnosed with intermediate-risk (IR) prostate cancer (PCa) treated with primary external beam radiotherapy (EBRT). MATERIALS AND METHODS: Data were obtained from the multi-institutional Spanish RECAP database, a population-based prostate cancer registry in Spain. All IR patients (NCCN criteria) who underwent primary EBRT were included. The following variables were assessed: age; prostate-specific antigen (PSA); Gleason score; clinical T stage; percentage of positive biopsy cores (PPBC); androgen deprivation therapy (ADT); and radiotherapy dose. The patients were stratified into one of three risk subcategories: (1) favourable IR (FIR; GS 6, ≤ T2b or GS 3 + 4, ≤ T1c), (2) marginal IR (MIR; GS 3 + 4, T2a-b), and (3) unfavourable IR (UIR; GS 4 + 3 or T2c). Biochemical relapse-free survival (BRFS), disease-free survival (DFS), cancer-specific survival (CSS), and overall survival (OS) were assessed. RESULTS: A total of 1754 patients from the RECAP database were included and stratified by risk group: FIR, n = 781 (44.5%); MIR, n = 252 (14.4%); and UIR, n = 721 (41.1%). Mean age was 71 years (range 47-86). Mean PSA was 10.4 ng/ml (range 6-20). The median radiotherapy dose was 74 Gy, with mean doses of 72.5 Gy (FIR), 73.4 Gy (MIR), and 72.8 Gy (UIR). Most patients (88%) received ADT for a median of 7.1 months. By risk group (FIR, MIR, UIR), ADT rates were, respectively, 88.9, 86.5, and 86.9%. Only patients with ≥ 24 months of follow-up post-EBRT were included in the survival analysis (n = 1294). At a median follow-up of 52 months (range 24-173), respective 5- and 10-year outcomes were: OS 93.6% and 79%; BRFS 88.9% and 71.4%; DFS 96.1% and 89%; CSS 98.9% and 94.6%. Complication rates (≥ grade 3) were: acute genitourinary (GU) 2%; late GU 1%; acute gastrointestinal (GI) 2%; late GI 1%. There was no significant association between risk group and BRFS or OS. However, patients with favourable-risk disease had significantly better 5- and 10-year DFS than patients with UIR: 98.7% vs. 92.4% and 92% vs. 85.8% (p = 0.0005). CSS was significantly higher (p = 0.0057) in the FIR group at 5 (99.7% vs. 97.3%) and 10 years (96.1% vs. 93.4%). On the multivariate analyses, the following were significant predictors of survival: ADT (BRFS and DFS); dose ≥ 74 Gy (BRFS); age (OS). CONCLUSIONS: This is the first nationwide study in Spain to report long-term outcomes of patients with intermediate-risk PCa treated with EBRT. Survival outcomes were good, with a low incidence of both acute and late toxicity. Patients with unfavourable risk characteristics had significantly lower 5- and 10-year disease-free survival rates. ADT and radiotherapy dose ≥ 74 Gy were both significant predictors of treatment outcomes.",intermediate,overall survival,10-year,79%,ADT + Std EBRT,intermediate-risk
30536208,Outcomes and prognostic factors in intermediate-risk prostate cancer: multi-institutional analysis of the Spanish RECAP database.,"PURPOSE: To retrospectively assess outcomes and to identify prognostic factors in patients diagnosed with intermediate-risk (IR) prostate cancer (PCa) treated with primary external beam radiotherapy (EBRT). MATERIALS AND METHODS: Data were obtained from the multi-institutional Spanish RECAP database, a population-based prostate cancer registry in Spain. All IR patients (NCCN criteria) who underwent primary EBRT were included. The following variables were assessed: age; prostate-specific antigen (PSA); Gleason score; clinical T stage; percentage of positive biopsy cores (PPBC); androgen deprivation therapy (ADT); and radiotherapy dose. The patients were stratified into one of three risk subcategories: (1) favourable IR (FIR; GS 6, ≤ T2b or GS 3 + 4, ≤ T1c), (2) marginal IR (MIR; GS 3 + 4, T2a-b), and (3) unfavourable IR (UIR; GS 4 + 3 or T2c). Biochemical relapse-free survival (BRFS), disease-free survival (DFS), cancer-specific survival (CSS), and overall survival (OS) were assessed. RESULTS: A total of 1754 patients from the RECAP database were included and stratified by risk group: FIR, n = 781 (44.5%); MIR, n = 252 (14.4%); and UIR, n = 721 (41.1%). Mean age was 71 years (range 47-86). Mean PSA was 10.4 ng/ml (range 6-20). The median radiotherapy dose was 74 Gy, with mean doses of 72.5 Gy (FIR), 73.4 Gy (MIR), and 72.8 Gy (UIR). Most patients (88%) received ADT for a median of 7.1 months. By risk group (FIR, MIR, UIR), ADT rates were, respectively, 88.9, 86.5, and 86.9%. Only patients with ≥ 24 months of follow-up post-EBRT were included in the survival analysis (n = 1294). At a median follow-up of 52 months (range 24-173), respective 5- and 10-year outcomes were: OS 93.6% and 79%; BRFS 88.9% and 71.4%; DFS 96.1% and 89%; CSS 98.9% and 94.6%. Complication rates (≥ grade 3) were: acute genitourinary (GU) 2%; late GU 1%; acute gastrointestinal (GI) 2%; late GI 1%. There was no significant association between risk group and BRFS or OS. However, patients with favourable-risk disease had significantly better 5- and 10-year DFS than patients with UIR: 98.7% vs. 92.4% and 92% vs. 85.8% (p = 0.0005). CSS was significantly higher (p = 0.0057) in the FIR group at 5 (99.7% vs. 97.3%) and 10 years (96.1% vs. 93.4%). On the multivariate analyses, the following were significant predictors of survival: ADT (BRFS and DFS); dose ≥ 74 Gy (BRFS); age (OS). CONCLUSIONS: This is the first nationwide study in Spain to report long-term outcomes of patients with intermediate-risk PCa treated with EBRT. Survival outcomes were good, with a low incidence of both acute and late toxicity. Patients with unfavourable risk characteristics had significantly lower 5- and 10-year disease-free survival rates. ADT and radiotherapy dose ≥ 74 Gy were both significant predictors of treatment outcomes.",intermediate,disease-free survival,10-year,85.80%,ADT + Std EBRT,intermediate-risk
30536208,Outcomes and prognostic factors in intermediate-risk prostate cancer: multi-institutional analysis of the Spanish RECAP database.,"PURPOSE: To retrospectively assess outcomes and to identify prognostic factors in patients diagnosed with intermediate-risk (IR) prostate cancer (PCa) treated with primary external beam radiotherapy (EBRT). MATERIALS AND METHODS: Data were obtained from the multi-institutional Spanish RECAP database, a population-based prostate cancer registry in Spain. All IR patients (NCCN criteria) who underwent primary EBRT were included. The following variables were assessed: age; prostate-specific antigen (PSA); Gleason score; clinical T stage; percentage of positive biopsy cores (PPBC); androgen deprivation therapy (ADT); and radiotherapy dose. The patients were stratified into one of three risk subcategories: (1) favourable IR (FIR; GS 6, ≤ T2b or GS 3 + 4, ≤ T1c), (2) marginal IR (MIR; GS 3 + 4, T2a-b), and (3) unfavourable IR (UIR; GS 4 + 3 or T2c). Biochemical relapse-free survival (BRFS), disease-free survival (DFS), cancer-specific survival (CSS), and overall survival (OS) were assessed. RESULTS: A total of 1754 patients from the RECAP database were included and stratified by risk group: FIR, n = 781 (44.5%); MIR, n = 252 (14.4%); and UIR, n = 721 (41.1%). Mean age was 71 years (range 47-86). Mean PSA was 10.4 ng/ml (range 6-20). The median radiotherapy dose was 74 Gy, with mean doses of 72.5 Gy (FIR), 73.4 Gy (MIR), and 72.8 Gy (UIR). Most patients (88%) received ADT for a median of 7.1 months. By risk group (FIR, MIR, UIR), ADT rates were, respectively, 88.9, 86.5, and 86.9%. Only patients with ≥ 24 months of follow-up post-EBRT were included in the survival analysis (n = 1294). At a median follow-up of 52 months (range 24-173), respective 5- and 10-year outcomes were: OS 93.6% and 79%; BRFS 88.9% and 71.4%; DFS 96.1% and 89%; CSS 98.9% and 94.6%. Complication rates (≥ grade 3) were: acute genitourinary (GU) 2%; late GU 1%; acute gastrointestinal (GI) 2%; late GI 1%. There was no significant association between risk group and BRFS or OS. However, patients with favourable-risk disease had significantly better 5- and 10-year DFS than patients with UIR: 98.7% vs. 92.4% and 92% vs. 85.8% (p = 0.0005). CSS was significantly higher (p = 0.0057) in the FIR group at 5 (99.7% vs. 97.3%) and 10 years (96.1% vs. 93.4%). On the multivariate analyses, the following were significant predictors of survival: ADT (BRFS and DFS); dose ≥ 74 Gy (BRFS); age (OS). CONCLUSIONS: This is the first nationwide study in Spain to report long-term outcomes of patients with intermediate-risk PCa treated with EBRT. Survival outcomes were good, with a low incidence of both acute and late toxicity. Patients with unfavourable risk characteristics had significantly lower 5- and 10-year disease-free survival rates. ADT and radiotherapy dose ≥ 74 Gy were both significant predictors of treatment outcomes.",intermediate,disease-free survival,10-year,89%,ADT + Std EBRT,intermediate-risk
30536208,Outcomes and prognostic factors in intermediate-risk prostate cancer: multi-institutional analysis of the Spanish RECAP database.,"PURPOSE: To retrospectively assess outcomes and to identify prognostic factors in patients diagnosed with intermediate-risk (IR) prostate cancer (PCa) treated with primary external beam radiotherapy (EBRT). MATERIALS AND METHODS: Data were obtained from the multi-institutional Spanish RECAP database, a population-based prostate cancer registry in Spain. All IR patients (NCCN criteria) who underwent primary EBRT were included. The following variables were assessed: age; prostate-specific antigen (PSA); Gleason score; clinical T stage; percentage of positive biopsy cores (PPBC); androgen deprivation therapy (ADT); and radiotherapy dose. The patients were stratified into one of three risk subcategories: (1) favourable IR (FIR; GS 6, ≤ T2b or GS 3 + 4, ≤ T1c), (2) marginal IR (MIR; GS 3 + 4, T2a-b), and (3) unfavourable IR (UIR; GS 4 + 3 or T2c). Biochemical relapse-free survival (BRFS), disease-free survival (DFS), cancer-specific survival (CSS), and overall survival (OS) were assessed. RESULTS: A total of 1754 patients from the RECAP database were included and stratified by risk group: FIR, n = 781 (44.5%); MIR, n = 252 (14.4%); and UIR, n = 721 (41.1%). Mean age was 71 years (range 47-86). Mean PSA was 10.4 ng/ml (range 6-20). The median radiotherapy dose was 74 Gy, with mean doses of 72.5 Gy (FIR), 73.4 Gy (MIR), and 72.8 Gy (UIR). Most patients (88%) received ADT for a median of 7.1 months. By risk group (FIR, MIR, UIR), ADT rates were, respectively, 88.9, 86.5, and 86.9%. Only patients with ≥ 24 months of follow-up post-EBRT were included in the survival analysis (n = 1294). At a median follow-up of 52 months (range 24-173), respective 5- and 10-year outcomes were: OS 93.6% and 79%; BRFS 88.9% and 71.4%; DFS 96.1% and 89%; CSS 98.9% and 94.6%. Complication rates (≥ grade 3) were: acute genitourinary (GU) 2%; late GU 1%; acute gastrointestinal (GI) 2%; late GI 1%. There was no significant association between risk group and BRFS or OS. However, patients with favourable-risk disease had significantly better 5- and 10-year DFS than patients with UIR: 98.7% vs. 92.4% and 92% vs. 85.8% (p = 0.0005). CSS was significantly higher (p = 0.0057) in the FIR group at 5 (99.7% vs. 97.3%) and 10 years (96.1% vs. 93.4%). On the multivariate analyses, the following were significant predictors of survival: ADT (BRFS and DFS); dose ≥ 74 Gy (BRFS); age (OS). CONCLUSIONS: This is the first nationwide study in Spain to report long-term outcomes of patients with intermediate-risk PCa treated with EBRT. Survival outcomes were good, with a low incidence of both acute and late toxicity. Patients with unfavourable risk characteristics had significantly lower 5- and 10-year disease-free survival rates. ADT and radiotherapy dose ≥ 74 Gy were both significant predictors of treatment outcomes.",intermediate,disease-free survival,10-year,92%,ADT + Std EBRT,intermediate-risk
30536208,Outcomes and prognostic factors in intermediate-risk prostate cancer: multi-institutional analysis of the Spanish RECAP database.,"PURPOSE: To retrospectively assess outcomes and to identify prognostic factors in patients diagnosed with intermediate-risk (IR) prostate cancer (PCa) treated with primary external beam radiotherapy (EBRT). MATERIALS AND METHODS: Data were obtained from the multi-institutional Spanish RECAP database, a population-based prostate cancer registry in Spain. All IR patients (NCCN criteria) who underwent primary EBRT were included. The following variables were assessed: age; prostate-specific antigen (PSA); Gleason score; clinical T stage; percentage of positive biopsy cores (PPBC); androgen deprivation therapy (ADT); and radiotherapy dose. The patients were stratified into one of three risk subcategories: (1) favourable IR (FIR; GS 6, ≤ T2b or GS 3 + 4, ≤ T1c), (2) marginal IR (MIR; GS 3 + 4, T2a-b), and (3) unfavourable IR (UIR; GS 4 + 3 or T2c). Biochemical relapse-free survival (BRFS), disease-free survival (DFS), cancer-specific survival (CSS), and overall survival (OS) were assessed. RESULTS: A total of 1754 patients from the RECAP database were included and stratified by risk group: FIR, n = 781 (44.5%); MIR, n = 252 (14.4%); and UIR, n = 721 (41.1%). Mean age was 71 years (range 47-86). Mean PSA was 10.4 ng/ml (range 6-20). The median radiotherapy dose was 74 Gy, with mean doses of 72.5 Gy (FIR), 73.4 Gy (MIR), and 72.8 Gy (UIR). Most patients (88%) received ADT for a median of 7.1 months. By risk group (FIR, MIR, UIR), ADT rates were, respectively, 88.9, 86.5, and 86.9%. Only patients with ≥ 24 months of follow-up post-EBRT were included in the survival analysis (n = 1294). At a median follow-up of 52 months (range 24-173), respective 5- and 10-year outcomes were: OS 93.6% and 79%; BRFS 88.9% and 71.4%; DFS 96.1% and 89%; CSS 98.9% and 94.6%. Complication rates (≥ grade 3) were: acute genitourinary (GU) 2%; late GU 1%; acute gastrointestinal (GI) 2%; late GI 1%. There was no significant association between risk group and BRFS or OS. However, patients with favourable-risk disease had significantly better 5- and 10-year DFS than patients with UIR: 98.7% vs. 92.4% and 92% vs. 85.8% (p = 0.0005). CSS was significantly higher (p = 0.0057) in the FIR group at 5 (99.7% vs. 97.3%) and 10 years (96.1% vs. 93.4%). On the multivariate analyses, the following were significant predictors of survival: ADT (BRFS and DFS); dose ≥ 74 Gy (BRFS); age (OS). CONCLUSIONS: This is the first nationwide study in Spain to report long-term outcomes of patients with intermediate-risk PCa treated with EBRT. Survival outcomes were good, with a low incidence of both acute and late toxicity. Patients with unfavourable risk characteristics had significantly lower 5- and 10-year disease-free survival rates. ADT and radiotherapy dose ≥ 74 Gy were both significant predictors of treatment outcomes.",intermediate,cancer-specific survival,10-year,93.40%,ADT + Std EBRT,intermediate-risk
30536208,Outcomes and prognostic factors in intermediate-risk prostate cancer: multi-institutional analysis of the Spanish RECAP database.,"PURPOSE: To retrospectively assess outcomes and to identify prognostic factors in patients diagnosed with intermediate-risk (IR) prostate cancer (PCa) treated with primary external beam radiotherapy (EBRT). MATERIALS AND METHODS: Data were obtained from the multi-institutional Spanish RECAP database, a population-based prostate cancer registry in Spain. All IR patients (NCCN criteria) who underwent primary EBRT were included. The following variables were assessed: age; prostate-specific antigen (PSA); Gleason score; clinical T stage; percentage of positive biopsy cores (PPBC); androgen deprivation therapy (ADT); and radiotherapy dose. The patients were stratified into one of three risk subcategories: (1) favourable IR (FIR; GS 6, ≤ T2b or GS 3 + 4, ≤ T1c), (2) marginal IR (MIR; GS 3 + 4, T2a-b), and (3) unfavourable IR (UIR; GS 4 + 3 or T2c). Biochemical relapse-free survival (BRFS), disease-free survival (DFS), cancer-specific survival (CSS), and overall survival (OS) were assessed. RESULTS: A total of 1754 patients from the RECAP database were included and stratified by risk group: FIR, n = 781 (44.5%); MIR, n = 252 (14.4%); and UIR, n = 721 (41.1%). Mean age was 71 years (range 47-86). Mean PSA was 10.4 ng/ml (range 6-20). The median radiotherapy dose was 74 Gy, with mean doses of 72.5 Gy (FIR), 73.4 Gy (MIR), and 72.8 Gy (UIR). Most patients (88%) received ADT for a median of 7.1 months. By risk group (FIR, MIR, UIR), ADT rates were, respectively, 88.9, 86.5, and 86.9%. Only patients with ≥ 24 months of follow-up post-EBRT were included in the survival analysis (n = 1294). At a median follow-up of 52 months (range 24-173), respective 5- and 10-year outcomes were: OS 93.6% and 79%; BRFS 88.9% and 71.4%; DFS 96.1% and 89%; CSS 98.9% and 94.6%. Complication rates (≥ grade 3) were: acute genitourinary (GU) 2%; late GU 1%; acute gastrointestinal (GI) 2%; late GI 1%. There was no significant association between risk group and BRFS or OS. However, patients with favourable-risk disease had significantly better 5- and 10-year DFS than patients with UIR: 98.7% vs. 92.4% and 92% vs. 85.8% (p = 0.0005). CSS was significantly higher (p = 0.0057) in the FIR group at 5 (99.7% vs. 97.3%) and 10 years (96.1% vs. 93.4%). On the multivariate analyses, the following were significant predictors of survival: ADT (BRFS and DFS); dose ≥ 74 Gy (BRFS); age (OS). CONCLUSIONS: This is the first nationwide study in Spain to report long-term outcomes of patients with intermediate-risk PCa treated with EBRT. Survival outcomes were good, with a low incidence of both acute and late toxicity. Patients with unfavourable risk characteristics had significantly lower 5- and 10-year disease-free survival rates. ADT and radiotherapy dose ≥ 74 Gy were both significant predictors of treatment outcomes.",intermediate,cancer-specific survival,10-year,94.60%,ADT + Std EBRT,intermediate-risk
30536208,Outcomes and prognostic factors in intermediate-risk prostate cancer: multi-institutional analysis of the Spanish RECAP database.,"PURPOSE: To retrospectively assess outcomes and to identify prognostic factors in patients diagnosed with intermediate-risk (IR) prostate cancer (PCa) treated with primary external beam radiotherapy (EBRT). MATERIALS AND METHODS: Data were obtained from the multi-institutional Spanish RECAP database, a population-based prostate cancer registry in Spain. All IR patients (NCCN criteria) who underwent primary EBRT were included. The following variables were assessed: age; prostate-specific antigen (PSA); Gleason score; clinical T stage; percentage of positive biopsy cores (PPBC); androgen deprivation therapy (ADT); and radiotherapy dose. The patients were stratified into one of three risk subcategories: (1) favourable IR (FIR; GS 6, ≤ T2b or GS 3 + 4, ≤ T1c), (2) marginal IR (MIR; GS 3 + 4, T2a-b), and (3) unfavourable IR (UIR; GS 4 + 3 or T2c). Biochemical relapse-free survival (BRFS), disease-free survival (DFS), cancer-specific survival (CSS), and overall survival (OS) were assessed. RESULTS: A total of 1754 patients from the RECAP database were included and stratified by risk group: FIR, n = 781 (44.5%); MIR, n = 252 (14.4%); and UIR, n = 721 (41.1%). Mean age was 71 years (range 47-86). Mean PSA was 10.4 ng/ml (range 6-20). The median radiotherapy dose was 74 Gy, with mean doses of 72.5 Gy (FIR), 73.4 Gy (MIR), and 72.8 Gy (UIR). Most patients (88%) received ADT for a median of 7.1 months. By risk group (FIR, MIR, UIR), ADT rates were, respectively, 88.9, 86.5, and 86.9%. Only patients with ≥ 24 months of follow-up post-EBRT were included in the survival analysis (n = 1294). At a median follow-up of 52 months (range 24-173), respective 5- and 10-year outcomes were: OS 93.6% and 79%; BRFS 88.9% and 71.4%; DFS 96.1% and 89%; CSS 98.9% and 94.6%. Complication rates (≥ grade 3) were: acute genitourinary (GU) 2%; late GU 1%; acute gastrointestinal (GI) 2%; late GI 1%. There was no significant association between risk group and BRFS or OS. However, patients with favourable-risk disease had significantly better 5- and 10-year DFS than patients with UIR: 98.7% vs. 92.4% and 92% vs. 85.8% (p = 0.0005). CSS was significantly higher (p = 0.0057) in the FIR group at 5 (99.7% vs. 97.3%) and 10 years (96.1% vs. 93.4%). On the multivariate analyses, the following were significant predictors of survival: ADT (BRFS and DFS); dose ≥ 74 Gy (BRFS); age (OS). CONCLUSIONS: This is the first nationwide study in Spain to report long-term outcomes of patients with intermediate-risk PCa treated with EBRT. Survival outcomes were good, with a low incidence of both acute and late toxicity. Patients with unfavourable risk characteristics had significantly lower 5- and 10-year disease-free survival rates. ADT and radiotherapy dose ≥ 74 Gy were both significant predictors of treatment outcomes.",intermediate,cancer-specific survival,10-year,96.10%,ADT + Std EBRT,intermediate-risk
30536208,Outcomes and prognostic factors in intermediate-risk prostate cancer: multi-institutional analysis of the Spanish RECAP database.,"PURPOSE: To retrospectively assess outcomes and to identify prognostic factors in patients diagnosed with intermediate-risk (IR) prostate cancer (PCa) treated with primary external beam radiotherapy (EBRT). MATERIALS AND METHODS: Data were obtained from the multi-institutional Spanish RECAP database, a population-based prostate cancer registry in Spain. All IR patients (NCCN criteria) who underwent primary EBRT were included. The following variables were assessed: age; prostate-specific antigen (PSA); Gleason score; clinical T stage; percentage of positive biopsy cores (PPBC); androgen deprivation therapy (ADT); and radiotherapy dose. The patients were stratified into one of three risk subcategories: (1) favourable IR (FIR; GS 6, ≤ T2b or GS 3 + 4, ≤ T1c), (2) marginal IR (MIR; GS 3 + 4, T2a-b), and (3) unfavourable IR (UIR; GS 4 + 3 or T2c). Biochemical relapse-free survival (BRFS), disease-free survival (DFS), cancer-specific survival (CSS), and overall survival (OS) were assessed. RESULTS: A total of 1754 patients from the RECAP database were included and stratified by risk group: FIR, n = 781 (44.5%); MIR, n = 252 (14.4%); and UIR, n = 721 (41.1%). Mean age was 71 years (range 47-86). Mean PSA was 10.4 ng/ml (range 6-20). The median radiotherapy dose was 74 Gy, with mean doses of 72.5 Gy (FIR), 73.4 Gy (MIR), and 72.8 Gy (UIR). Most patients (88%) received ADT for a median of 7.1 months. By risk group (FIR, MIR, UIR), ADT rates were, respectively, 88.9, 86.5, and 86.9%. Only patients with ≥ 24 months of follow-up post-EBRT were included in the survival analysis (n = 1294). At a median follow-up of 52 months (range 24-173), respective 5- and 10-year outcomes were: OS 93.6% and 79%; BRFS 88.9% and 71.4%; DFS 96.1% and 89%; CSS 98.9% and 94.6%. Complication rates (≥ grade 3) were: acute genitourinary (GU) 2%; late GU 1%; acute gastrointestinal (GI) 2%; late GI 1%. There was no significant association between risk group and BRFS or OS. However, patients with favourable-risk disease had significantly better 5- and 10-year DFS than patients with UIR: 98.7% vs. 92.4% and 92% vs. 85.8% (p = 0.0005). CSS was significantly higher (p = 0.0057) in the FIR group at 5 (99.7% vs. 97.3%) and 10 years (96.1% vs. 93.4%). On the multivariate analyses, the following were significant predictors of survival: ADT (BRFS and DFS); dose ≥ 74 Gy (BRFS); age (OS). CONCLUSIONS: This is the first nationwide study in Spain to report long-term outcomes of patients with intermediate-risk PCa treated with EBRT. Survival outcomes were good, with a low incidence of both acute and late toxicity. Patients with unfavourable risk characteristics had significantly lower 5- and 10-year disease-free survival rates. ADT and radiotherapy dose ≥ 74 Gy were both significant predictors of treatment outcomes.",intermediate,biochemical relapse-free survival,5-year,88.90%,ADT + Std EBRT,intermediate-risk
30536208,Outcomes and prognostic factors in intermediate-risk prostate cancer: multi-institutional analysis of the Spanish RECAP database.,"PURPOSE: To retrospectively assess outcomes and to identify prognostic factors in patients diagnosed with intermediate-risk (IR) prostate cancer (PCa) treated with primary external beam radiotherapy (EBRT). MATERIALS AND METHODS: Data were obtained from the multi-institutional Spanish RECAP database, a population-based prostate cancer registry in Spain. All IR patients (NCCN criteria) who underwent primary EBRT were included. The following variables were assessed: age; prostate-specific antigen (PSA); Gleason score; clinical T stage; percentage of positive biopsy cores (PPBC); androgen deprivation therapy (ADT); and radiotherapy dose. The patients were stratified into one of three risk subcategories: (1) favourable IR (FIR; GS 6, ≤ T2b or GS 3 + 4, ≤ T1c), (2) marginal IR (MIR; GS 3 + 4, T2a-b), and (3) unfavourable IR (UIR; GS 4 + 3 or T2c). Biochemical relapse-free survival (BRFS), disease-free survival (DFS), cancer-specific survival (CSS), and overall survival (OS) were assessed. RESULTS: A total of 1754 patients from the RECAP database were included and stratified by risk group: FIR, n = 781 (44.5%); MIR, n = 252 (14.4%); and UIR, n = 721 (41.1%). Mean age was 71 years (range 47-86). Mean PSA was 10.4 ng/ml (range 6-20). The median radiotherapy dose was 74 Gy, with mean doses of 72.5 Gy (FIR), 73.4 Gy (MIR), and 72.8 Gy (UIR). Most patients (88%) received ADT for a median of 7.1 months. By risk group (FIR, MIR, UIR), ADT rates were, respectively, 88.9, 86.5, and 86.9%. Only patients with ≥ 24 months of follow-up post-EBRT were included in the survival analysis (n = 1294). At a median follow-up of 52 months (range 24-173), respective 5- and 10-year outcomes were: OS 93.6% and 79%; BRFS 88.9% and 71.4%; DFS 96.1% and 89%; CSS 98.9% and 94.6%. Complication rates (≥ grade 3) were: acute genitourinary (GU) 2%; late GU 1%; acute gastrointestinal (GI) 2%; late GI 1%. There was no significant association between risk group and BRFS or OS. However, patients with favourable-risk disease had significantly better 5- and 10-year DFS than patients with UIR: 98.7% vs. 92.4% and 92% vs. 85.8% (p = 0.0005). CSS was significantly higher (p = 0.0057) in the FIR group at 5 (99.7% vs. 97.3%) and 10 years (96.1% vs. 93.4%). On the multivariate analyses, the following were significant predictors of survival: ADT (BRFS and DFS); dose ≥ 74 Gy (BRFS); age (OS). CONCLUSIONS: This is the first nationwide study in Spain to report long-term outcomes of patients with intermediate-risk PCa treated with EBRT. Survival outcomes were good, with a low incidence of both acute and late toxicity. Patients with unfavourable risk characteristics had significantly lower 5- and 10-year disease-free survival rates. ADT and radiotherapy dose ≥ 74 Gy were both significant predictors of treatment outcomes.",intermediate,disease-free survival,5-year,92.40%,ADT + Std EBRT,intermediate-risk
30536208,Outcomes and prognostic factors in intermediate-risk prostate cancer: multi-institutional analysis of the Spanish RECAP database.,"PURPOSE: To retrospectively assess outcomes and to identify prognostic factors in patients diagnosed with intermediate-risk (IR) prostate cancer (PCa) treated with primary external beam radiotherapy (EBRT). MATERIALS AND METHODS: Data were obtained from the multi-institutional Spanish RECAP database, a population-based prostate cancer registry in Spain. All IR patients (NCCN criteria) who underwent primary EBRT were included. The following variables were assessed: age; prostate-specific antigen (PSA); Gleason score; clinical T stage; percentage of positive biopsy cores (PPBC); androgen deprivation therapy (ADT); and radiotherapy dose. The patients were stratified into one of three risk subcategories: (1) favourable IR (FIR; GS 6, ≤ T2b or GS 3 + 4, ≤ T1c), (2) marginal IR (MIR; GS 3 + 4, T2a-b), and (3) unfavourable IR (UIR; GS 4 + 3 or T2c). Biochemical relapse-free survival (BRFS), disease-free survival (DFS), cancer-specific survival (CSS), and overall survival (OS) were assessed. RESULTS: A total of 1754 patients from the RECAP database were included and stratified by risk group: FIR, n = 781 (44.5%); MIR, n = 252 (14.4%); and UIR, n = 721 (41.1%). Mean age was 71 years (range 47-86). Mean PSA was 10.4 ng/ml (range 6-20). The median radiotherapy dose was 74 Gy, with mean doses of 72.5 Gy (FIR), 73.4 Gy (MIR), and 72.8 Gy (UIR). Most patients (88%) received ADT for a median of 7.1 months. By risk group (FIR, MIR, UIR), ADT rates were, respectively, 88.9, 86.5, and 86.9%. Only patients with ≥ 24 months of follow-up post-EBRT were included in the survival analysis (n = 1294). At a median follow-up of 52 months (range 24-173), respective 5- and 10-year outcomes were: OS 93.6% and 79%; BRFS 88.9% and 71.4%; DFS 96.1% and 89%; CSS 98.9% and 94.6%. Complication rates (≥ grade 3) were: acute genitourinary (GU) 2%; late GU 1%; acute gastrointestinal (GI) 2%; late GI 1%. There was no significant association between risk group and BRFS or OS. However, patients with favourable-risk disease had significantly better 5- and 10-year DFS than patients with UIR: 98.7% vs. 92.4% and 92% vs. 85.8% (p = 0.0005). CSS was significantly higher (p = 0.0057) in the FIR group at 5 (99.7% vs. 97.3%) and 10 years (96.1% vs. 93.4%). On the multivariate analyses, the following were significant predictors of survival: ADT (BRFS and DFS); dose ≥ 74 Gy (BRFS); age (OS). CONCLUSIONS: This is the first nationwide study in Spain to report long-term outcomes of patients with intermediate-risk PCa treated with EBRT. Survival outcomes were good, with a low incidence of both acute and late toxicity. Patients with unfavourable risk characteristics had significantly lower 5- and 10-year disease-free survival rates. ADT and radiotherapy dose ≥ 74 Gy were both significant predictors of treatment outcomes.",intermediate,overall survival,5-year,93.60%,ADT + Std EBRT,intermediate-risk
30536208,Outcomes and prognostic factors in intermediate-risk prostate cancer: multi-institutional analysis of the Spanish RECAP database.,"PURPOSE: To retrospectively assess outcomes and to identify prognostic factors in patients diagnosed with intermediate-risk (IR) prostate cancer (PCa) treated with primary external beam radiotherapy (EBRT). MATERIALS AND METHODS: Data were obtained from the multi-institutional Spanish RECAP database, a population-based prostate cancer registry in Spain. All IR patients (NCCN criteria) who underwent primary EBRT were included. The following variables were assessed: age; prostate-specific antigen (PSA); Gleason score; clinical T stage; percentage of positive biopsy cores (PPBC); androgen deprivation therapy (ADT); and radiotherapy dose. The patients were stratified into one of three risk subcategories: (1) favourable IR (FIR; GS 6, ≤ T2b or GS 3 + 4, ≤ T1c), (2) marginal IR (MIR; GS 3 + 4, T2a-b), and (3) unfavourable IR (UIR; GS 4 + 3 or T2c). Biochemical relapse-free survival (BRFS), disease-free survival (DFS), cancer-specific survival (CSS), and overall survival (OS) were assessed. RESULTS: A total of 1754 patients from the RECAP database were included and stratified by risk group: FIR, n = 781 (44.5%); MIR, n = 252 (14.4%); and UIR, n = 721 (41.1%). Mean age was 71 years (range 47-86). Mean PSA was 10.4 ng/ml (range 6-20). The median radiotherapy dose was 74 Gy, with mean doses of 72.5 Gy (FIR), 73.4 Gy (MIR), and 72.8 Gy (UIR). Most patients (88%) received ADT for a median of 7.1 months. By risk group (FIR, MIR, UIR), ADT rates were, respectively, 88.9, 86.5, and 86.9%. Only patients with ≥ 24 months of follow-up post-EBRT were included in the survival analysis (n = 1294). At a median follow-up of 52 months (range 24-173), respective 5- and 10-year outcomes were: OS 93.6% and 79%; BRFS 88.9% and 71.4%; DFS 96.1% and 89%; CSS 98.9% and 94.6%. Complication rates (≥ grade 3) were: acute genitourinary (GU) 2%; late GU 1%; acute gastrointestinal (GI) 2%; late GI 1%. There was no significant association between risk group and BRFS or OS. However, patients with favourable-risk disease had significantly better 5- and 10-year DFS than patients with UIR: 98.7% vs. 92.4% and 92% vs. 85.8% (p = 0.0005). CSS was significantly higher (p = 0.0057) in the FIR group at 5 (99.7% vs. 97.3%) and 10 years (96.1% vs. 93.4%). On the multivariate analyses, the following were significant predictors of survival: ADT (BRFS and DFS); dose ≥ 74 Gy (BRFS); age (OS). CONCLUSIONS: This is the first nationwide study in Spain to report long-term outcomes of patients with intermediate-risk PCa treated with EBRT. Survival outcomes were good, with a low incidence of both acute and late toxicity. Patients with unfavourable risk characteristics had significantly lower 5- and 10-year disease-free survival rates. ADT and radiotherapy dose ≥ 74 Gy were both significant predictors of treatment outcomes.",intermediate,disease-free survival,5-year,96.10%,ADT + Std EBRT,intermediate-risk
30536208,Outcomes and prognostic factors in intermediate-risk prostate cancer: multi-institutional analysis of the Spanish RECAP database.,"PURPOSE: To retrospectively assess outcomes and to identify prognostic factors in patients diagnosed with intermediate-risk (IR) prostate cancer (PCa) treated with primary external beam radiotherapy (EBRT). MATERIALS AND METHODS: Data were obtained from the multi-institutional Spanish RECAP database, a population-based prostate cancer registry in Spain. All IR patients (NCCN criteria) who underwent primary EBRT were included. The following variables were assessed: age; prostate-specific antigen (PSA); Gleason score; clinical T stage; percentage of positive biopsy cores (PPBC); androgen deprivation therapy (ADT); and radiotherapy dose. The patients were stratified into one of three risk subcategories: (1) favourable IR (FIR; GS 6, ≤ T2b or GS 3 + 4, ≤ T1c), (2) marginal IR (MIR; GS 3 + 4, T2a-b), and (3) unfavourable IR (UIR; GS 4 + 3 or T2c). Biochemical relapse-free survival (BRFS), disease-free survival (DFS), cancer-specific survival (CSS), and overall survival (OS) were assessed. RESULTS: A total of 1754 patients from the RECAP database were included and stratified by risk group: FIR, n = 781 (44.5%); MIR, n = 252 (14.4%); and UIR, n = 721 (41.1%). Mean age was 71 years (range 47-86). Mean PSA was 10.4 ng/ml (range 6-20). The median radiotherapy dose was 74 Gy, with mean doses of 72.5 Gy (FIR), 73.4 Gy (MIR), and 72.8 Gy (UIR). Most patients (88%) received ADT for a median of 7.1 months. By risk group (FIR, MIR, UIR), ADT rates were, respectively, 88.9, 86.5, and 86.9%. Only patients with ≥ 24 months of follow-up post-EBRT were included in the survival analysis (n = 1294). At a median follow-up of 52 months (range 24-173), respective 5- and 10-year outcomes were: OS 93.6% and 79%; BRFS 88.9% and 71.4%; DFS 96.1% and 89%; CSS 98.9% and 94.6%. Complication rates (≥ grade 3) were: acute genitourinary (GU) 2%; late GU 1%; acute gastrointestinal (GI) 2%; late GI 1%. There was no significant association between risk group and BRFS or OS. However, patients with favourable-risk disease had significantly better 5- and 10-year DFS than patients with UIR: 98.7% vs. 92.4% and 92% vs. 85.8% (p = 0.0005). CSS was significantly higher (p = 0.0057) in the FIR group at 5 (99.7% vs. 97.3%) and 10 years (96.1% vs. 93.4%). On the multivariate analyses, the following were significant predictors of survival: ADT (BRFS and DFS); dose ≥ 74 Gy (BRFS); age (OS). CONCLUSIONS: This is the first nationwide study in Spain to report long-term outcomes of patients with intermediate-risk PCa treated with EBRT. Survival outcomes were good, with a low incidence of both acute and late toxicity. Patients with unfavourable risk characteristics had significantly lower 5- and 10-year disease-free survival rates. ADT and radiotherapy dose ≥ 74 Gy were both significant predictors of treatment outcomes.",intermediate,cancer-specific survival,5-year,97.30%,ADT + Std EBRT,intermediate-risk
30536208,Outcomes and prognostic factors in intermediate-risk prostate cancer: multi-institutional analysis of the Spanish RECAP database.,"PURPOSE: To retrospectively assess outcomes and to identify prognostic factors in patients diagnosed with intermediate-risk (IR) prostate cancer (PCa) treated with primary external beam radiotherapy (EBRT). MATERIALS AND METHODS: Data were obtained from the multi-institutional Spanish RECAP database, a population-based prostate cancer registry in Spain. All IR patients (NCCN criteria) who underwent primary EBRT were included. The following variables were assessed: age; prostate-specific antigen (PSA); Gleason score; clinical T stage; percentage of positive biopsy cores (PPBC); androgen deprivation therapy (ADT); and radiotherapy dose. The patients were stratified into one of three risk subcategories: (1) favourable IR (FIR; GS 6, ≤ T2b or GS 3 + 4, ≤ T1c), (2) marginal IR (MIR; GS 3 + 4, T2a-b), and (3) unfavourable IR (UIR; GS 4 + 3 or T2c). Biochemical relapse-free survival (BRFS), disease-free survival (DFS), cancer-specific survival (CSS), and overall survival (OS) were assessed. RESULTS: A total of 1754 patients from the RECAP database were included and stratified by risk group: FIR, n = 781 (44.5%); MIR, n = 252 (14.4%); and UIR, n = 721 (41.1%). Mean age was 71 years (range 47-86). Mean PSA was 10.4 ng/ml (range 6-20). The median radiotherapy dose was 74 Gy, with mean doses of 72.5 Gy (FIR), 73.4 Gy (MIR), and 72.8 Gy (UIR). Most patients (88%) received ADT for a median of 7.1 months. By risk group (FIR, MIR, UIR), ADT rates were, respectively, 88.9, 86.5, and 86.9%. Only patients with ≥ 24 months of follow-up post-EBRT were included in the survival analysis (n = 1294). At a median follow-up of 52 months (range 24-173), respective 5- and 10-year outcomes were: OS 93.6% and 79%; BRFS 88.9% and 71.4%; DFS 96.1% and 89%; CSS 98.9% and 94.6%. Complication rates (≥ grade 3) were: acute genitourinary (GU) 2%; late GU 1%; acute gastrointestinal (GI) 2%; late GI 1%. There was no significant association between risk group and BRFS or OS. However, patients with favourable-risk disease had significantly better 5- and 10-year DFS than patients with UIR: 98.7% vs. 92.4% and 92% vs. 85.8% (p = 0.0005). CSS was significantly higher (p = 0.0057) in the FIR group at 5 (99.7% vs. 97.3%) and 10 years (96.1% vs. 93.4%). On the multivariate analyses, the following were significant predictors of survival: ADT (BRFS and DFS); dose ≥ 74 Gy (BRFS); age (OS). CONCLUSIONS: This is the first nationwide study in Spain to report long-term outcomes of patients with intermediate-risk PCa treated with EBRT. Survival outcomes were good, with a low incidence of both acute and late toxicity. Patients with unfavourable risk characteristics had significantly lower 5- and 10-year disease-free survival rates. ADT and radiotherapy dose ≥ 74 Gy were both significant predictors of treatment outcomes.",intermediate,disease-free survival,5-year,98.70%,ADT + Std EBRT,intermediate-risk
30536208,Outcomes and prognostic factors in intermediate-risk prostate cancer: multi-institutional analysis of the Spanish RECAP database.,"PURPOSE: To retrospectively assess outcomes and to identify prognostic factors in patients diagnosed with intermediate-risk (IR) prostate cancer (PCa) treated with primary external beam radiotherapy (EBRT). MATERIALS AND METHODS: Data were obtained from the multi-institutional Spanish RECAP database, a population-based prostate cancer registry in Spain. All IR patients (NCCN criteria) who underwent primary EBRT were included. The following variables were assessed: age; prostate-specific antigen (PSA); Gleason score; clinical T stage; percentage of positive biopsy cores (PPBC); androgen deprivation therapy (ADT); and radiotherapy dose. The patients were stratified into one of three risk subcategories: (1) favourable IR (FIR; GS 6, ≤ T2b or GS 3 + 4, ≤ T1c), (2) marginal IR (MIR; GS 3 + 4, T2a-b), and (3) unfavourable IR (UIR; GS 4 + 3 or T2c). Biochemical relapse-free survival (BRFS), disease-free survival (DFS), cancer-specific survival (CSS), and overall survival (OS) were assessed. RESULTS: A total of 1754 patients from the RECAP database were included and stratified by risk group: FIR, n = 781 (44.5%); MIR, n = 252 (14.4%); and UIR, n = 721 (41.1%). Mean age was 71 years (range 47-86). Mean PSA was 10.4 ng/ml (range 6-20). The median radiotherapy dose was 74 Gy, with mean doses of 72.5 Gy (FIR), 73.4 Gy (MIR), and 72.8 Gy (UIR). Most patients (88%) received ADT for a median of 7.1 months. By risk group (FIR, MIR, UIR), ADT rates were, respectively, 88.9, 86.5, and 86.9%. Only patients with ≥ 24 months of follow-up post-EBRT were included in the survival analysis (n = 1294). At a median follow-up of 52 months (range 24-173), respective 5- and 10-year outcomes were: OS 93.6% and 79%; BRFS 88.9% and 71.4%; DFS 96.1% and 89%; CSS 98.9% and 94.6%. Complication rates (≥ grade 3) were: acute genitourinary (GU) 2%; late GU 1%; acute gastrointestinal (GI) 2%; late GI 1%. There was no significant association between risk group and BRFS or OS. However, patients with favourable-risk disease had significantly better 5- and 10-year DFS than patients with UIR: 98.7% vs. 92.4% and 92% vs. 85.8% (p = 0.0005). CSS was significantly higher (p = 0.0057) in the FIR group at 5 (99.7% vs. 97.3%) and 10 years (96.1% vs. 93.4%). On the multivariate analyses, the following were significant predictors of survival: ADT (BRFS and DFS); dose ≥ 74 Gy (BRFS); age (OS). CONCLUSIONS: This is the first nationwide study in Spain to report long-term outcomes of patients with intermediate-risk PCa treated with EBRT. Survival outcomes were good, with a low incidence of both acute and late toxicity. Patients with unfavourable risk characteristics had significantly lower 5- and 10-year disease-free survival rates. ADT and radiotherapy dose ≥ 74 Gy were both significant predictors of treatment outcomes.",intermediate,cancer-specific survival,5-year,98.90%,ADT + Std EBRT,intermediate-risk
30536208,Outcomes and prognostic factors in intermediate-risk prostate cancer: multi-institutional analysis of the Spanish RECAP database.,"PURPOSE: To retrospectively assess outcomes and to identify prognostic factors in patients diagnosed with intermediate-risk (IR) prostate cancer (PCa) treated with primary external beam radiotherapy (EBRT). MATERIALS AND METHODS: Data were obtained from the multi-institutional Spanish RECAP database, a population-based prostate cancer registry in Spain. All IR patients (NCCN criteria) who underwent primary EBRT were included. The following variables were assessed: age; prostate-specific antigen (PSA); Gleason score; clinical T stage; percentage of positive biopsy cores (PPBC); androgen deprivation therapy (ADT); and radiotherapy dose. The patients were stratified into one of three risk subcategories: (1) favourable IR (FIR; GS 6, ≤ T2b or GS 3 + 4, ≤ T1c), (2) marginal IR (MIR; GS 3 + 4, T2a-b), and (3) unfavourable IR (UIR; GS 4 + 3 or T2c). Biochemical relapse-free survival (BRFS), disease-free survival (DFS), cancer-specific survival (CSS), and overall survival (OS) were assessed. RESULTS: A total of 1754 patients from the RECAP database were included and stratified by risk group: FIR, n = 781 (44.5%); MIR, n = 252 (14.4%); and UIR, n = 721 (41.1%). Mean age was 71 years (range 47-86). Mean PSA was 10.4 ng/ml (range 6-20). The median radiotherapy dose was 74 Gy, with mean doses of 72.5 Gy (FIR), 73.4 Gy (MIR), and 72.8 Gy (UIR). Most patients (88%) received ADT for a median of 7.1 months. By risk group (FIR, MIR, UIR), ADT rates were, respectively, 88.9, 86.5, and 86.9%. Only patients with ≥ 24 months of follow-up post-EBRT were included in the survival analysis (n = 1294). At a median follow-up of 52 months (range 24-173), respective 5- and 10-year outcomes were: OS 93.6% and 79%; BRFS 88.9% and 71.4%; DFS 96.1% and 89%; CSS 98.9% and 94.6%. Complication rates (≥ grade 3) were: acute genitourinary (GU) 2%; late GU 1%; acute gastrointestinal (GI) 2%; late GI 1%. There was no significant association between risk group and BRFS or OS. However, patients with favourable-risk disease had significantly better 5- and 10-year DFS than patients with UIR: 98.7% vs. 92.4% and 92% vs. 85.8% (p = 0.0005). CSS was significantly higher (p = 0.0057) in the FIR group at 5 (99.7% vs. 97.3%) and 10 years (96.1% vs. 93.4%). On the multivariate analyses, the following were significant predictors of survival: ADT (BRFS and DFS); dose ≥ 74 Gy (BRFS); age (OS). CONCLUSIONS: This is the first nationwide study in Spain to report long-term outcomes of patients with intermediate-risk PCa treated with EBRT. Survival outcomes were good, with a low incidence of both acute and late toxicity. Patients with unfavourable risk characteristics had significantly lower 5- and 10-year disease-free survival rates. ADT and radiotherapy dose ≥ 74 Gy were both significant predictors of treatment outcomes.",intermediate,cancer-specific survival,5-year,99.70%,ADT + Std EBRT,intermediate-risk
30293836,Permanent prostate brachytherapy monotherapy with I-125 for low- and intermediate-risk prostate cancer: Outcomes in 974 patients.,"PURPOSE: To report outcomes of patients undergoing low-dose-rate (LDR) brachytherapy and investigate factors associated with biochemical failure and survival. METHODS: Consecutive patients undergoing LDR with I-125 at our institution between 1998 through 2013 for primary intact prostate cancer were examined. Those with low- and intermediate-risk disease receiving LDR with a minimum of 2 years followup and at least one post-LDR prostate-specific antigen (PSA) were included. RESULTS: About 974 patients satisfied inclusion criteria. With median followup of 72 months, biochemical failure occurred in 45 patients. Freedom from biochemical failure as defined by the Phoenix criterion was 96% and 88% at 5 and 10 years, worse for intermediate risk as compared with low risk, with 10-year freedom from biochemical failure of 76% versus 92% (hazard ratio [HR] = 3.7, p < 0.001), respectively. On multivariable analysis, increased prebiopsy PSA, Gleason 4 + 3, and no androgen deprivation therapy were associated with biochemical failure. Gleason 4 + 3 was the factor most strongly associated with biochemical failure (HR = 7.01, p < 0.001). No examined factors were associated with local failure. Gleason 4 + 3 disease increased the likelihood of distant metastasis (HR = 12.4, p = 0.003) and prostate cancer-specific death (HR = 13.2, p < 0.001). No difference in outcomes between patients with Gleason 3 + 3 versus 3 + 4 was observed. CONCLUSIONS: LDR brachytherapy provided excellent outcomes in this large series of patients treated for localized organ-confined prostate cancer. Local recurrence at 10 years was low at 2.1%. Primary Gleason 4 + 3, higher pretreatment PSA, and no receipt of androgen deprivation therapy were the only factors associated with biochemical failure. Primary Gleason 4 disease was also predictive of distant metastases and decreased prostate cancer-specific survival.",intermediate,biochemical recurrence-free survival,10-year,76%,Brachytherapy,intermediate-risk
30293836,Permanent prostate brachytherapy monotherapy with I-125 for low- and intermediate-risk prostate cancer: Outcomes in 974 patients.,"PURPOSE: To report outcomes of patients undergoing low-dose-rate (LDR) brachytherapy and investigate factors associated with biochemical failure and survival. METHODS: Consecutive patients undergoing LDR with I-125 at our institution between 1998 through 2013 for primary intact prostate cancer were examined. Those with low- and intermediate-risk disease receiving LDR with a minimum of 2 years followup and at least one post-LDR prostate-specific antigen (PSA) were included. RESULTS: About 974 patients satisfied inclusion criteria. With median followup of 72 months, biochemical failure occurred in 45 patients. Freedom from biochemical failure as defined by the Phoenix criterion was 96% and 88% at 5 and 10 years, worse for intermediate risk as compared with low risk, with 10-year freedom from biochemical failure of 76% versus 92% (hazard ratio [HR] = 3.7, p < 0.001), respectively. On multivariable analysis, increased prebiopsy PSA, Gleason 4 + 3, and no androgen deprivation therapy were associated with biochemical failure. Gleason 4 + 3 was the factor most strongly associated with biochemical failure (HR = 7.01, p < 0.001). No examined factors were associated with local failure. Gleason 4 + 3 disease increased the likelihood of distant metastasis (HR = 12.4, p = 0.003) and prostate cancer-specific death (HR = 13.2, p < 0.001). No difference in outcomes between patients with Gleason 3 + 3 versus 3 + 4 was observed. CONCLUSIONS: LDR brachytherapy provided excellent outcomes in this large series of patients treated for localized organ-confined prostate cancer. Local recurrence at 10 years was low at 2.1%. Primary Gleason 4 + 3, higher pretreatment PSA, and no receipt of androgen deprivation therapy were the only factors associated with biochemical failure. Primary Gleason 4 disease was also predictive of distant metastases and decreased prostate cancer-specific survival.",low,biochemical recurrence-free survival,10-year,92%,Brachytherapy,low-risk
30321689,Phase 2 Randomized Study of Radiation Therapy and 3-Year Androgen Deprivation With or Without Concurrent Weekly Docetaxel in High-Risk Localized Prostate Cancer Patients.,"PURPOSE: Docetaxel improves survival in patients with metastatic prostate cancer. This randomized phase 2 trial aimed to assess the activity of weekly docetaxel with radiation therapy (RT) plus androgen deprivation in patients with high-risk localized prostate cancer. The study examined the benefit of 9 weekly docetaxel administrations to RT plus 3 years of luteinizing hormone-releasing hormone analogues. METHODS AND MATERIALS: A total of 132 patients were recruited for the study. Patients' characteristics included T3-T4 stage (81.1%), Gleason score ≥8 (77.3%), prostate-specific antigen level >20 ng/mL (28.9%), and pN+ (18.2%). All patients included in the trial received either the standard-of-care control arm with luteinizing hormone-releasing hormone analogues plus RT (arm A) or the experimental arm (RT + 9 weekly cycles of docetaxel + 3 years of androgen deprivation therapy, arm B). The primary objective was to achieve a high percentage of patients who were free of biochemical recurrence within 5 years of randomization. Secondary endpoints included biochemical recurrence-free survival (BRFS), progression-free survival (PFS), overall survival (OS), clinical response rate, biochemical response rate, and toxicity. RESULTS: No difference between the arms of the study was found in biochemical recurrence (93.4% at 60 months for arm A vs 85.3% for arm B; P = .3297). PFS at 60 months was 93.4% and 83.7% in arms A and B, respectively (P = .2532). Five-year survival was 93.3% (95% confidence interval, 83.1-97.45) in arm A versus 93.6% (83.8-97.55) in arm B; median PFS and OS have not been reached. Prostate-specific antigen level ≤0.2 ng/mL at 3 months after the end of treatment was seen in 81.25% of patients in arm A compared with 90.48% of patients in arm B (P = .2028). BRFS was not significantly different between treatment arms. Diarrhea was the main nonhematologic toxicity. Long-term follow-up has not yet been enough to meet median PFS and OS. CONCLUSIONS: Concurrent weekly docetaxel can be administered safely with standard doses of RT without a significant increase in the toxicity profile. No statistically significant differences for 5-year BRFS, PFS, and OS have been observed when docetaxel was added to conventional treatment.",high,progression-free survival,5-year,83.70%,other,high-risk
30321689,Phase 2 Randomized Study of Radiation Therapy and 3-Year Androgen Deprivation With or Without Concurrent Weekly Docetaxel in High-Risk Localized Prostate Cancer Patients.,"PURPOSE: Docetaxel improves survival in patients with metastatic prostate cancer. This randomized phase 2 trial aimed to assess the activity of weekly docetaxel with radiation therapy (RT) plus androgen deprivation in patients with high-risk localized prostate cancer. The study examined the benefit of 9 weekly docetaxel administrations to RT plus 3 years of luteinizing hormone-releasing hormone analogues. METHODS AND MATERIALS: A total of 132 patients were recruited for the study. Patients' characteristics included T3-T4 stage (81.1%), Gleason score ≥8 (77.3%), prostate-specific antigen level >20 ng/mL (28.9%), and pN+ (18.2%). All patients included in the trial received either the standard-of-care control arm with luteinizing hormone-releasing hormone analogues plus RT (arm A) or the experimental arm (RT + 9 weekly cycles of docetaxel + 3 years of androgen deprivation therapy, arm B). The primary objective was to achieve a high percentage of patients who were free of biochemical recurrence within 5 years of randomization. Secondary endpoints included biochemical recurrence-free survival (BRFS), progression-free survival (PFS), overall survival (OS), clinical response rate, biochemical response rate, and toxicity. RESULTS: No difference between the arms of the study was found in biochemical recurrence (93.4% at 60 months for arm A vs 85.3% for arm B; P = .3297). PFS at 60 months was 93.4% and 83.7% in arms A and B, respectively (P = .2532). Five-year survival was 93.3% (95% confidence interval, 83.1-97.45) in arm A versus 93.6% (83.8-97.55) in arm B; median PFS and OS have not been reached. Prostate-specific antigen level ≤0.2 ng/mL at 3 months after the end of treatment was seen in 81.25% of patients in arm A compared with 90.48% of patients in arm B (P = .2028). BRFS was not significantly different between treatment arms. Diarrhea was the main nonhematologic toxicity. Long-term follow-up has not yet been enough to meet median PFS and OS. CONCLUSIONS: Concurrent weekly docetaxel can be administered safely with standard doses of RT without a significant increase in the toxicity profile. No statistically significant differences for 5-year BRFS, PFS, and OS have been observed when docetaxel was added to conventional treatment.",high,biochemical recurrence-free survival,5-year,85.30%,other,high-risk
30321689,Phase 2 Randomized Study of Radiation Therapy and 3-Year Androgen Deprivation With or Without Concurrent Weekly Docetaxel in High-Risk Localized Prostate Cancer Patients.,"PURPOSE: Docetaxel improves survival in patients with metastatic prostate cancer. This randomized phase 2 trial aimed to assess the activity of weekly docetaxel with radiation therapy (RT) plus androgen deprivation in patients with high-risk localized prostate cancer. The study examined the benefit of 9 weekly docetaxel administrations to RT plus 3 years of luteinizing hormone-releasing hormone analogues. METHODS AND MATERIALS: A total of 132 patients were recruited for the study. Patients' characteristics included T3-T4 stage (81.1%), Gleason score ≥8 (77.3%), prostate-specific antigen level >20 ng/mL (28.9%), and pN+ (18.2%). All patients included in the trial received either the standard-of-care control arm with luteinizing hormone-releasing hormone analogues plus RT (arm A) or the experimental arm (RT + 9 weekly cycles of docetaxel + 3 years of androgen deprivation therapy, arm B). The primary objective was to achieve a high percentage of patients who were free of biochemical recurrence within 5 years of randomization. Secondary endpoints included biochemical recurrence-free survival (BRFS), progression-free survival (PFS), overall survival (OS), clinical response rate, biochemical response rate, and toxicity. RESULTS: No difference between the arms of the study was found in biochemical recurrence (93.4% at 60 months for arm A vs 85.3% for arm B; P = .3297). PFS at 60 months was 93.4% and 83.7% in arms A and B, respectively (P = .2532). Five-year survival was 93.3% (95% confidence interval, 83.1-97.45) in arm A versus 93.6% (83.8-97.55) in arm B; median PFS and OS have not been reached. Prostate-specific antigen level ≤0.2 ng/mL at 3 months after the end of treatment was seen in 81.25% of patients in arm A compared with 90.48% of patients in arm B (P = .2028). BRFS was not significantly different between treatment arms. Diarrhea was the main nonhematologic toxicity. Long-term follow-up has not yet been enough to meet median PFS and OS. CONCLUSIONS: Concurrent weekly docetaxel can be administered safely with standard doses of RT without a significant increase in the toxicity profile. No statistically significant differences for 5-year BRFS, PFS, and OS have been observed when docetaxel was added to conventional treatment.",high,overall survival,5-year,93.30%,ADT + Std EBRT,high-risk
30321689,Phase 2 Randomized Study of Radiation Therapy and 3-Year Androgen Deprivation With or Without Concurrent Weekly Docetaxel in High-Risk Localized Prostate Cancer Patients.,"PURPOSE: Docetaxel improves survival in patients with metastatic prostate cancer. This randomized phase 2 trial aimed to assess the activity of weekly docetaxel with radiation therapy (RT) plus androgen deprivation in patients with high-risk localized prostate cancer. The study examined the benefit of 9 weekly docetaxel administrations to RT plus 3 years of luteinizing hormone-releasing hormone analogues. METHODS AND MATERIALS: A total of 132 patients were recruited for the study. Patients' characteristics included T3-T4 stage (81.1%), Gleason score ≥8 (77.3%), prostate-specific antigen level >20 ng/mL (28.9%), and pN+ (18.2%). All patients included in the trial received either the standard-of-care control arm with luteinizing hormone-releasing hormone analogues plus RT (arm A) or the experimental arm (RT + 9 weekly cycles of docetaxel + 3 years of androgen deprivation therapy, arm B). The primary objective was to achieve a high percentage of patients who were free of biochemical recurrence within 5 years of randomization. Secondary endpoints included biochemical recurrence-free survival (BRFS), progression-free survival (PFS), overall survival (OS), clinical response rate, biochemical response rate, and toxicity. RESULTS: No difference between the arms of the study was found in biochemical recurrence (93.4% at 60 months for arm A vs 85.3% for arm B; P = .3297). PFS at 60 months was 93.4% and 83.7% in arms A and B, respectively (P = .2532). Five-year survival was 93.3% (95% confidence interval, 83.1-97.45) in arm A versus 93.6% (83.8-97.55) in arm B; median PFS and OS have not been reached. Prostate-specific antigen level ≤0.2 ng/mL at 3 months after the end of treatment was seen in 81.25% of patients in arm A compared with 90.48% of patients in arm B (P = .2028). BRFS was not significantly different between treatment arms. Diarrhea was the main nonhematologic toxicity. Long-term follow-up has not yet been enough to meet median PFS and OS. CONCLUSIONS: Concurrent weekly docetaxel can be administered safely with standard doses of RT without a significant increase in the toxicity profile. No statistically significant differences for 5-year BRFS, PFS, and OS have been observed when docetaxel was added to conventional treatment.",high,biochemical recurrence-free survival,5-year,93.40%,ADT + Std EBRT,high-risk
30321689,Phase 2 Randomized Study of Radiation Therapy and 3-Year Androgen Deprivation With or Without Concurrent Weekly Docetaxel in High-Risk Localized Prostate Cancer Patients.,"PURPOSE: Docetaxel improves survival in patients with metastatic prostate cancer. This randomized phase 2 trial aimed to assess the activity of weekly docetaxel with radiation therapy (RT) plus androgen deprivation in patients with high-risk localized prostate cancer. The study examined the benefit of 9 weekly docetaxel administrations to RT plus 3 years of luteinizing hormone-releasing hormone analogues. METHODS AND MATERIALS: A total of 132 patients were recruited for the study. Patients' characteristics included T3-T4 stage (81.1%), Gleason score ≥8 (77.3%), prostate-specific antigen level >20 ng/mL (28.9%), and pN+ (18.2%). All patients included in the trial received either the standard-of-care control arm with luteinizing hormone-releasing hormone analogues plus RT (arm A) or the experimental arm (RT + 9 weekly cycles of docetaxel + 3 years of androgen deprivation therapy, arm B). The primary objective was to achieve a high percentage of patients who were free of biochemical recurrence within 5 years of randomization. Secondary endpoints included biochemical recurrence-free survival (BRFS), progression-free survival (PFS), overall survival (OS), clinical response rate, biochemical response rate, and toxicity. RESULTS: No difference between the arms of the study was found in biochemical recurrence (93.4% at 60 months for arm A vs 85.3% for arm B; P = .3297). PFS at 60 months was 93.4% and 83.7% in arms A and B, respectively (P = .2532). Five-year survival was 93.3% (95% confidence interval, 83.1-97.45) in arm A versus 93.6% (83.8-97.55) in arm B; median PFS and OS have not been reached. Prostate-specific antigen level ≤0.2 ng/mL at 3 months after the end of treatment was seen in 81.25% of patients in arm A compared with 90.48% of patients in arm B (P = .2028). BRFS was not significantly different between treatment arms. Diarrhea was the main nonhematologic toxicity. Long-term follow-up has not yet been enough to meet median PFS and OS. CONCLUSIONS: Concurrent weekly docetaxel can be administered safely with standard doses of RT without a significant increase in the toxicity profile. No statistically significant differences for 5-year BRFS, PFS, and OS have been observed when docetaxel was added to conventional treatment.",high,progression-free survival,5-year,93.40%,ADT + Std EBRT,high-risk
30321689,Phase 2 Randomized Study of Radiation Therapy and 3-Year Androgen Deprivation With or Without Concurrent Weekly Docetaxel in High-Risk Localized Prostate Cancer Patients.,"PURPOSE: Docetaxel improves survival in patients with metastatic prostate cancer. This randomized phase 2 trial aimed to assess the activity of weekly docetaxel with radiation therapy (RT) plus androgen deprivation in patients with high-risk localized prostate cancer. The study examined the benefit of 9 weekly docetaxel administrations to RT plus 3 years of luteinizing hormone-releasing hormone analogues. METHODS AND MATERIALS: A total of 132 patients were recruited for the study. Patients' characteristics included T3-T4 stage (81.1%), Gleason score ≥8 (77.3%), prostate-specific antigen level >20 ng/mL (28.9%), and pN+ (18.2%). All patients included in the trial received either the standard-of-care control arm with luteinizing hormone-releasing hormone analogues plus RT (arm A) or the experimental arm (RT + 9 weekly cycles of docetaxel + 3 years of androgen deprivation therapy, arm B). The primary objective was to achieve a high percentage of patients who were free of biochemical recurrence within 5 years of randomization. Secondary endpoints included biochemical recurrence-free survival (BRFS), progression-free survival (PFS), overall survival (OS), clinical response rate, biochemical response rate, and toxicity. RESULTS: No difference between the arms of the study was found in biochemical recurrence (93.4% at 60 months for arm A vs 85.3% for arm B; P = .3297). PFS at 60 months was 93.4% and 83.7% in arms A and B, respectively (P = .2532). Five-year survival was 93.3% (95% confidence interval, 83.1-97.45) in arm A versus 93.6% (83.8-97.55) in arm B; median PFS and OS have not been reached. Prostate-specific antigen level ≤0.2 ng/mL at 3 months after the end of treatment was seen in 81.25% of patients in arm A compared with 90.48% of patients in arm B (P = .2028). BRFS was not significantly different between treatment arms. Diarrhea was the main nonhematologic toxicity. Long-term follow-up has not yet been enough to meet median PFS and OS. CONCLUSIONS: Concurrent weekly docetaxel can be administered safely with standard doses of RT without a significant increase in the toxicity profile. No statistically significant differences for 5-year BRFS, PFS, and OS have been observed when docetaxel was added to conventional treatment.",high,overall survival,5-year,93.60%,other,high-risk
31390585,Practice Patterns and Outcomes Among Patients With N0M0 Prostate Cancer and a Very High Prostate-Specific Antigen Level.,"BACKGROUND: Management of patients with a very high prostate-specific antigen (PSA) level (≥98.0 ng/mL) but clinically localized (N0M0) prostate cancer is challenging. This study sought to determine practice patterns and outcomes among these patients. PATIENTS AND METHODS: A total of 748,825 patients with prostate cancer from 2004 through 2012 were identified using the National Cancer Database. These patients were subdivided by PSA level (0-9.9, 10.0-19.9, 20.0-39.9, 40.0-59.9, 60.0-79.9, 80.0-97.9, and ≥98.0 ng/mL), nodal status (N0 vs N1), and distant metastases (M0 vs M1). Rates of locoregional treatment and 5-year overall survival (OS) in each group were determined. Survival was compared using Cox regression after adjusting for multiple patient-specific factors. RESULTS: The rate of locoregional treatment for patients with N0M0 disease and PSA level ≥98.0 ng/mL was significantly lower than for those with N1M0 disease (52.6% vs 60.4%; P<.001) or N0M0 disease and PSA level <98.0 ng/mL (52.6% vs 86.6%; P<.001). The 5-year OS rate was similar for patients with N1M0 disease and those with N0M0 disease and a very high PSA level (63.2% vs 59.1%; adjusted hazard ratio [aHR], 0.91; P=.063). The survival benefit associated with locoregional treatment was higher among those with N0M0 disease and a very high PSA level than among those with N1M0 disease (aHR, 0.28 vs 0.44; P<.001). CONCLUSIONS: Patients with clinical N0M0 disease and a very high PSA level (≥98.0 ng/mL) have outcomes similar to those with N1 disease but receive locoregional treatment at a lower rate. Future work is needed to investigate the utility of locoregional treatment in this population.",high,overall survival,5-year,59.10%,other,high-risk
31390585,Practice Patterns and Outcomes Among Patients With N0M0 Prostate Cancer and a Very High Prostate-Specific Antigen Level.,"BACKGROUND: Management of patients with a very high prostate-specific antigen (PSA) level (≥98.0 ng/mL) but clinically localized (N0M0) prostate cancer is challenging. This study sought to determine practice patterns and outcomes among these patients. PATIENTS AND METHODS: A total of 748,825 patients with prostate cancer from 2004 through 2012 were identified using the National Cancer Database. These patients were subdivided by PSA level (0-9.9, 10.0-19.9, 20.0-39.9, 40.0-59.9, 60.0-79.9, 80.0-97.9, and ≥98.0 ng/mL), nodal status (N0 vs N1), and distant metastases (M0 vs M1). Rates of locoregional treatment and 5-year overall survival (OS) in each group were determined. Survival was compared using Cox regression after adjusting for multiple patient-specific factors. RESULTS: The rate of locoregional treatment for patients with N0M0 disease and PSA level ≥98.0 ng/mL was significantly lower than for those with N1M0 disease (52.6% vs 60.4%; P<.001) or N0M0 disease and PSA level <98.0 ng/mL (52.6% vs 86.6%; P<.001). The 5-year OS rate was similar for patients with N1M0 disease and those with N0M0 disease and a very high PSA level (63.2% vs 59.1%; adjusted hazard ratio [aHR], 0.91; P=.063). The survival benefit associated with locoregional treatment was higher among those with N0M0 disease and a very high PSA level than among those with N1M0 disease (aHR, 0.28 vs 0.44; P<.001). CONCLUSIONS: Patients with clinical N0M0 disease and a very high PSA level (≥98.0 ng/mL) have outcomes similar to those with N1 disease but receive locoregional treatment at a lower rate. Future work is needed to investigate the utility of locoregional treatment in this population.",high,overall survival,5-year,63.20%,other,high-risk
30935044,Predictive Factors and Oncologic Outcome of Downgrade to Pathologic Gleason Score 6−7 after Radical Prostatectomy in Patients with Biopsy Gleason Score 8−10.,"Gleason score (GS) 8−10 is associated with adverse outcomes in prostate cancer (PCa). However, biopsy GS (bGS) may be upgraded or downgraded post-radical prostatectomy (RP). We aimed to investigate predictive factors and oncologic outcomes of downgrade to pathologic GS (pGS) 6−7 after RP in PCa patients with bGSs 8−10. We retrospectively reviewed clinical data of patients with bGS ≥ 8 undergoing RP. pGS downgrade was defined as a pGS ≤ 7 from bGS ≥ 8 post-RP. Univariate and multivariate cox regression analysis, logistic regression analysis, and Kaplan−Meier curves were used to analyze pGS downgrade and biochemical recurrence (BCR). Of 860 patients, 623 and 237 had bGS 8 and bGS ≥ 9, respectively. Post-RP, 332 patients were downgraded to pGS ≤ 7; of these, 284 and 48 had bGS 8 and bGS ≥ 9, respectively. Prostate-specific antigen (PSA) levels; clinical stage; and adverse pathologic features such as extracapsular extension, seminal vesicle invasion and positive surgical margin were significantly different between patients with pGS ≤ 7 and pGS ≥ 8. Furthermore, bGS 8 (odds ratio (OR): 0.349, p < 0.001), PSA level < 10 ng/mL (OR: 0.634, p = 0.004), and ≤cT3a (OR: 0.400, p < 0.001) were identified as significant predictors of pGS downgrade. pGS downgrade was a significant positive predictor of BCR following RP in patients with high bGS (vs. pGS 8, hazard radio (HR): 1.699, p < 0.001; vs. pGS ≥ 9, HR: 1.765, p < 0.001). In addition, the 5-year BCR-free survival rate in patients with pGS downgrade significantly differed from that in patients with bGS 8 and ≥ 9 (52.9% vs. 40.7%, p < 0.001). Among patients with bGS ≥ 8, those with bGS 8, PSA level < 10 ng/mL, and ≤cT3a may achieve pGS downgrade after RP. These patients may have fewer adverse pathologic features and show a favorable prognosis; thus we suggest that active treatment is needed in these patients. In addition, patients with high-grade bGS should be managed aggressively, even if they show pGS downgrade.",high,biochemical recurrence-free survival,5-year,40.70%,Radical Prostatectomy,high-risk
30935044,Predictive Factors and Oncologic Outcome of Downgrade to Pathologic Gleason Score 6−7 after Radical Prostatectomy in Patients with Biopsy Gleason Score 8−10.,"Gleason score (GS) 8−10 is associated with adverse outcomes in prostate cancer (PCa). However, biopsy GS (bGS) may be upgraded or downgraded post-radical prostatectomy (RP). We aimed to investigate predictive factors and oncologic outcomes of downgrade to pathologic GS (pGS) 6−7 after RP in PCa patients with bGSs 8−10. We retrospectively reviewed clinical data of patients with bGS ≥ 8 undergoing RP. pGS downgrade was defined as a pGS ≤ 7 from bGS ≥ 8 post-RP. Univariate and multivariate cox regression analysis, logistic regression analysis, and Kaplan−Meier curves were used to analyze pGS downgrade and biochemical recurrence (BCR). Of 860 patients, 623 and 237 had bGS 8 and bGS ≥ 9, respectively. Post-RP, 332 patients were downgraded to pGS ≤ 7; of these, 284 and 48 had bGS 8 and bGS ≥ 9, respectively. Prostate-specific antigen (PSA) levels; clinical stage; and adverse pathologic features such as extracapsular extension, seminal vesicle invasion and positive surgical margin were significantly different between patients with pGS ≤ 7 and pGS ≥ 8. Furthermore, bGS 8 (odds ratio (OR): 0.349, p < 0.001), PSA level < 10 ng/mL (OR: 0.634, p = 0.004), and ≤cT3a (OR: 0.400, p < 0.001) were identified as significant predictors of pGS downgrade. pGS downgrade was a significant positive predictor of BCR following RP in patients with high bGS (vs. pGS 8, hazard radio (HR): 1.699, p < 0.001; vs. pGS ≥ 9, HR: 1.765, p < 0.001). In addition, the 5-year BCR-free survival rate in patients with pGS downgrade significantly differed from that in patients with bGS 8 and ≥ 9 (52.9% vs. 40.7%, p < 0.001). Among patients with bGS ≥ 8, those with bGS 8, PSA level < 10 ng/mL, and ≤cT3a may achieve pGS downgrade after RP. These patients may have fewer adverse pathologic features and show a favorable prognosis; thus we suggest that active treatment is needed in these patients. In addition, patients with high-grade bGS should be managed aggressively, even if they show pGS downgrade.",high,biochemical recurrence-free survival,5-year,52.90%,Radical Prostatectomy,high-risk
30274702,Primary Whole-gland Cryoablation for Prostate Cancer: Biochemical Failure and Clinical Recurrence at 5.6 Years of Follow-up.,"We retrospectively evaluated complications and functional and oncologic outcomes of 94 consecutive men who underwent primary whole-gland cryoablation for localized prostate cancer (PCa) from 2002 to 2012. Kaplan-Meier and multivariable Cox regression analyses were performed using a landmark starting at 6 mo of follow-up. In total, 75% patients had D'Amico intermediate- (48%) or high- (27%) risk PCa. Median follow-up was 5.6 yr. Median time to prostate-specific antigen (PSA) nadir was 3.3 mo, and 70 patients reached PSA <0.2ng/ml postcryoablation. The 90-d high-grade (Clavien Grade IIIa) complication rate was 3%, with no rectal fistulas reported. Continence and potency rates were 96% and 11%, respectively. The 5-yr biochemical failure-free survival (PSA nadir+2ng/ml) was 81% overall and 89% for low-, 78% for intermediate-, and 80% for high-risk PCa (p=0.46). The median follow-up was 5.6 and 5.1 yr for patients without biochemical failure and with biochemical failure, respectively. The 5-yr clinical recurrence-free survival was 83% overall and 94% for low-, 84% for intermediate-, and 69% for high-risk PCa (p=0.046). Failure to reach PSA nadir <0.2ng/ml within 6 mo postcryoablation was an independent predictor for biochemical failure (p=0.006) and clinical recurrence (p=0.03). The 5-yr metastases-free survival was 95%. Main limitation is retrospective evaluation. Primary whole-gland cryoablation for PCa provides acceptable medium-term oncologic outcomes and could be an alternative for radiation therapy or radical prostatectomy. PATIENT SUMMARY: Cryoablation is a safe, minimally-invasive procedure that uses cold temperatures delivered via probes through the skin to kill prostate cancer (PCa) cells. Whole-gland cryoablation may offer an alternative treatment option to surgery and radiotherapy. We found that patients had good cancer outcomes 5 yr after whole-gland cryoablation, and those with a prostate-specific antigen value ≥0.2ng/ml within 6 mo after treatment were more likely to have PCa recurrence.",high,clinical recurrence-free survival,5-year,69%,Cryotherapy,high-risk
30274702,Primary Whole-gland Cryoablation for Prostate Cancer: Biochemical Failure and Clinical Recurrence at 5.6 Years of Follow-up.,"We retrospectively evaluated complications and functional and oncologic outcomes of 94 consecutive men who underwent primary whole-gland cryoablation for localized prostate cancer (PCa) from 2002 to 2012. Kaplan-Meier and multivariable Cox regression analyses were performed using a landmark starting at 6 mo of follow-up. In total, 75% patients had D'Amico intermediate- (48%) or high- (27%) risk PCa. Median follow-up was 5.6 yr. Median time to prostate-specific antigen (PSA) nadir was 3.3 mo, and 70 patients reached PSA <0.2ng/ml postcryoablation. The 90-d high-grade (Clavien Grade IIIa) complication rate was 3%, with no rectal fistulas reported. Continence and potency rates were 96% and 11%, respectively. The 5-yr biochemical failure-free survival (PSA nadir+2ng/ml) was 81% overall and 89% for low-, 78% for intermediate-, and 80% for high-risk PCa (p=0.46). The median follow-up was 5.6 and 5.1 yr for patients without biochemical failure and with biochemical failure, respectively. The 5-yr clinical recurrence-free survival was 83% overall and 94% for low-, 84% for intermediate-, and 69% for high-risk PCa (p=0.046). Failure to reach PSA nadir <0.2ng/ml within 6 mo postcryoablation was an independent predictor for biochemical failure (p=0.006) and clinical recurrence (p=0.03). The 5-yr metastases-free survival was 95%. Main limitation is retrospective evaluation. Primary whole-gland cryoablation for PCa provides acceptable medium-term oncologic outcomes and could be an alternative for radiation therapy or radical prostatectomy. PATIENT SUMMARY: Cryoablation is a safe, minimally-invasive procedure that uses cold temperatures delivered via probes through the skin to kill prostate cancer (PCa) cells. Whole-gland cryoablation may offer an alternative treatment option to surgery and radiotherapy. We found that patients had good cancer outcomes 5 yr after whole-gland cryoablation, and those with a prostate-specific antigen value ≥0.2ng/ml within 6 mo after treatment were more likely to have PCa recurrence.",intermediate,biochemical failure-free survival,5-year,78%,Cryotherapy,intermediate-risk
30274702,Primary Whole-gland Cryoablation for Prostate Cancer: Biochemical Failure and Clinical Recurrence at 5.6 Years of Follow-up.,"We retrospectively evaluated complications and functional and oncologic outcomes of 94 consecutive men who underwent primary whole-gland cryoablation for localized prostate cancer (PCa) from 2002 to 2012. Kaplan-Meier and multivariable Cox regression analyses were performed using a landmark starting at 6 mo of follow-up. In total, 75% patients had D'Amico intermediate- (48%) or high- (27%) risk PCa. Median follow-up was 5.6 yr. Median time to prostate-specific antigen (PSA) nadir was 3.3 mo, and 70 patients reached PSA <0.2ng/ml postcryoablation. The 90-d high-grade (Clavien Grade IIIa) complication rate was 3%, with no rectal fistulas reported. Continence and potency rates were 96% and 11%, respectively. The 5-yr biochemical failure-free survival (PSA nadir+2ng/ml) was 81% overall and 89% for low-, 78% for intermediate-, and 80% for high-risk PCa (p=0.46). The median follow-up was 5.6 and 5.1 yr for patients without biochemical failure and with biochemical failure, respectively. The 5-yr clinical recurrence-free survival was 83% overall and 94% for low-, 84% for intermediate-, and 69% for high-risk PCa (p=0.046). Failure to reach PSA nadir <0.2ng/ml within 6 mo postcryoablation was an independent predictor for biochemical failure (p=0.006) and clinical recurrence (p=0.03). The 5-yr metastases-free survival was 95%. Main limitation is retrospective evaluation. Primary whole-gland cryoablation for PCa provides acceptable medium-term oncologic outcomes and could be an alternative for radiation therapy or radical prostatectomy. PATIENT SUMMARY: Cryoablation is a safe, minimally-invasive procedure that uses cold temperatures delivered via probes through the skin to kill prostate cancer (PCa) cells. Whole-gland cryoablation may offer an alternative treatment option to surgery and radiotherapy. We found that patients had good cancer outcomes 5 yr after whole-gland cryoablation, and those with a prostate-specific antigen value ≥0.2ng/ml within 6 mo after treatment were more likely to have PCa recurrence.",high,biochemical failure-free survival,5-year,80%,Cryotherapy,high-risk
30274702,Primary Whole-gland Cryoablation for Prostate Cancer: Biochemical Failure and Clinical Recurrence at 5.6 Years of Follow-up.,"We retrospectively evaluated complications and functional and oncologic outcomes of 94 consecutive men who underwent primary whole-gland cryoablation for localized prostate cancer (PCa) from 2002 to 2012. Kaplan-Meier and multivariable Cox regression analyses were performed using a landmark starting at 6 mo of follow-up. In total, 75% patients had D'Amico intermediate- (48%) or high- (27%) risk PCa. Median follow-up was 5.6 yr. Median time to prostate-specific antigen (PSA) nadir was 3.3 mo, and 70 patients reached PSA <0.2ng/ml postcryoablation. The 90-d high-grade (Clavien Grade IIIa) complication rate was 3%, with no rectal fistulas reported. Continence and potency rates were 96% and 11%, respectively. The 5-yr biochemical failure-free survival (PSA nadir+2ng/ml) was 81% overall and 89% for low-, 78% for intermediate-, and 80% for high-risk PCa (p=0.46). The median follow-up was 5.6 and 5.1 yr for patients without biochemical failure and with biochemical failure, respectively. The 5-yr clinical recurrence-free survival was 83% overall and 94% for low-, 84% for intermediate-, and 69% for high-risk PCa (p=0.046). Failure to reach PSA nadir <0.2ng/ml within 6 mo postcryoablation was an independent predictor for biochemical failure (p=0.006) and clinical recurrence (p=0.03). The 5-yr metastases-free survival was 95%. Main limitation is retrospective evaluation. Primary whole-gland cryoablation for PCa provides acceptable medium-term oncologic outcomes and could be an alternative for radiation therapy or radical prostatectomy. PATIENT SUMMARY: Cryoablation is a safe, minimally-invasive procedure that uses cold temperatures delivered via probes through the skin to kill prostate cancer (PCa) cells. Whole-gland cryoablation may offer an alternative treatment option to surgery and radiotherapy. We found that patients had good cancer outcomes 5 yr after whole-gland cryoablation, and those with a prostate-specific antigen value ≥0.2ng/ml within 6 mo after treatment were more likely to have PCa recurrence.",intermediate,clinical recurrence-free survival,5-year,84%,Cryotherapy,intermediate-risk
30274702,Primary Whole-gland Cryoablation for Prostate Cancer: Biochemical Failure and Clinical Recurrence at 5.6 Years of Follow-up.,"We retrospectively evaluated complications and functional and oncologic outcomes of 94 consecutive men who underwent primary whole-gland cryoablation for localized prostate cancer (PCa) from 2002 to 2012. Kaplan-Meier and multivariable Cox regression analyses were performed using a landmark starting at 6 mo of follow-up. In total, 75% patients had D'Amico intermediate- (48%) or high- (27%) risk PCa. Median follow-up was 5.6 yr. Median time to prostate-specific antigen (PSA) nadir was 3.3 mo, and 70 patients reached PSA <0.2ng/ml postcryoablation. The 90-d high-grade (Clavien Grade IIIa) complication rate was 3%, with no rectal fistulas reported. Continence and potency rates were 96% and 11%, respectively. The 5-yr biochemical failure-free survival (PSA nadir+2ng/ml) was 81% overall and 89% for low-, 78% for intermediate-, and 80% for high-risk PCa (p=0.46). The median follow-up was 5.6 and 5.1 yr for patients without biochemical failure and with biochemical failure, respectively. The 5-yr clinical recurrence-free survival was 83% overall and 94% for low-, 84% for intermediate-, and 69% for high-risk PCa (p=0.046). Failure to reach PSA nadir <0.2ng/ml within 6 mo postcryoablation was an independent predictor for biochemical failure (p=0.006) and clinical recurrence (p=0.03). The 5-yr metastases-free survival was 95%. Main limitation is retrospective evaluation. Primary whole-gland cryoablation for PCa provides acceptable medium-term oncologic outcomes and could be an alternative for radiation therapy or radical prostatectomy. PATIENT SUMMARY: Cryoablation is a safe, minimally-invasive procedure that uses cold temperatures delivered via probes through the skin to kill prostate cancer (PCa) cells. Whole-gland cryoablation may offer an alternative treatment option to surgery and radiotherapy. We found that patients had good cancer outcomes 5 yr after whole-gland cryoablation, and those with a prostate-specific antigen value ≥0.2ng/ml within 6 mo after treatment were more likely to have PCa recurrence.",low,biochemical failure-free survival,5-year,89%,Cryotherapy,low-risk
30274702,Primary Whole-gland Cryoablation for Prostate Cancer: Biochemical Failure and Clinical Recurrence at 5.6 Years of Follow-up.,"We retrospectively evaluated complications and functional and oncologic outcomes of 94 consecutive men who underwent primary whole-gland cryoablation for localized prostate cancer (PCa) from 2002 to 2012. Kaplan-Meier and multivariable Cox regression analyses were performed using a landmark starting at 6 mo of follow-up. In total, 75% patients had D'Amico intermediate- (48%) or high- (27%) risk PCa. Median follow-up was 5.6 yr. Median time to prostate-specific antigen (PSA) nadir was 3.3 mo, and 70 patients reached PSA <0.2ng/ml postcryoablation. The 90-d high-grade (Clavien Grade IIIa) complication rate was 3%, with no rectal fistulas reported. Continence and potency rates were 96% and 11%, respectively. The 5-yr biochemical failure-free survival (PSA nadir+2ng/ml) was 81% overall and 89% for low-, 78% for intermediate-, and 80% for high-risk PCa (p=0.46). The median follow-up was 5.6 and 5.1 yr for patients without biochemical failure and with biochemical failure, respectively. The 5-yr clinical recurrence-free survival was 83% overall and 94% for low-, 84% for intermediate-, and 69% for high-risk PCa (p=0.046). Failure to reach PSA nadir <0.2ng/ml within 6 mo postcryoablation was an independent predictor for biochemical failure (p=0.006) and clinical recurrence (p=0.03). The 5-yr metastases-free survival was 95%. Main limitation is retrospective evaluation. Primary whole-gland cryoablation for PCa provides acceptable medium-term oncologic outcomes and could be an alternative for radiation therapy or radical prostatectomy. PATIENT SUMMARY: Cryoablation is a safe, minimally-invasive procedure that uses cold temperatures delivered via probes through the skin to kill prostate cancer (PCa) cells. Whole-gland cryoablation may offer an alternative treatment option to surgery and radiotherapy. We found that patients had good cancer outcomes 5 yr after whole-gland cryoablation, and those with a prostate-specific antigen value ≥0.2ng/ml within 6 mo after treatment were more likely to have PCa recurrence.",low,clinical recurrence-free survival,5-year,94%,Cryotherapy,low-risk
30986263,"Prostate cancer treatment with Irreversible Electroporation (IRE): Safety, efficacy and clinical experience in 471 treatments.","BACKGROUND: Irreversible Electroporation (IRE) is a novel image-guided tissue ablation technology that induces cell death via very short but strong pulsed electric fields. IRE has been shown to have preserving properties towards vessels and nerves and the extracellular matrix. This makes IRE an ideal candidate to treat prostate cancer (PCa) where other treatment modalities frequently unselectively destroy surrounding structures inducing severe side effects like incontinence or impotence. We report the retrospective assessment of 471 IRE treatments in 429 patients of all grades and stages of PCa with 6-year maximum follow-up time. MATERIAL AND FINDINGS: The patient cohort consisted of low (25), intermediate (88) and high-risk cancers (312). All had multi-parametric magnetic resonance imaging, and 199 men had additional 3D-mapping biopsy for diagnostic work-up prior to IRE. Patients were treated either focally (123), sub-whole-gland (154), whole-gland (134) or for recurrent disease (63) after previous radical prostatectomy, radiation therapy, etc. Adverse effects were mild (19.7%), moderate (3.7%) and severe (1.4%), never life-threatening. Urinary continence was preserved in all cases. IRE-induced erectile dysfunction persisted in 3% of the evaluated cases 12 months post treatment. Mean transient IIEF-5-Score reduction was 33% within 12-month post IRE follow-up and 15% after 12 months. Recurrences within the follow-up period occurred in 10% of the treated men, 23 in or adjacent to the treatment field and 18 outside the treatment field (residuals). Including residuals for worst case analysis, Kaplan Maier estimation on recurrence rate at 5 years resulted in 5.6% (CI95: 1.8-16.93) for Gleason 6, 14.6% (CI95: 8.8-23.7) for Gleason 7 and 39.5% (CI95: 23.5-61.4) for Gleason 8-10. CONCLUSION: The results indicate comparable efficacy of IRE to standard radical prostatectomy in terms of 5-year recurrence rates and better preservation of urogenital function, proving the safety and suitability of IRE for PCa treatment. The data also shows that IRE, besides focal therapy of early PCa, can also be used for whole-gland ablations, in patients with recurrent PCa, and as a problem-solver for local tumor control in T4-cancers not amenable to surgery and radiation therapy anymore.",high,recurrence rate,5-year,39.50%,other,high-risk
31258727,Prostate specific antigen (PSA) persistence 6 weeks after radical prostatectomy and pelvic lymph node dissection as predictive factor of radiographic progression in node-positive prostate cancer patients.,"Purpose: To evaluate the prognostic value of early postoperative prostate specific antigen (PSA) levels after radical prostatectomy (RP) and pelvic lymph node dissection (PLND) in prostate cancer patients with lymph node invasion (LNI). Materials and Methods: The retrospective analysis involved 96 patients who had a diagnosis of LNI with available data on the first PSA level at postoperative 6 weeks after RP and PLND between 2002 and 2014 at our institution. PSA persistence was defined as PSA ≥ 0.1 ng/ml at 6 weeks after surgery. Radiographic progression was defined as positive imaging during follow-up after the onset of biochemical recurrence, consisting of a bone scan and/or computed tomography (CT) and/or magnetic resonance imaging and/or 18F-(2-deoxy-2-fluoro-D-glucose positron emission tomography/CT scan. Comparative analysis of patients with and without PSA persistence was done, and Kaplan-Meier curve analysis with log-rank test and Cox proportional hazard regression models assessed radiographic progression free survival (PFS). Results: Fifty two (54.2%) patients displayed PSA persistence. Kaplan-Meier curve analysis showed significantly decreased 5-year radiographic PFS (64.2% vs. 93.2%, log-rank, p=0.009) in the PSA persistence group compared to the no PSA persistence group. In a multivariate analysis, PSA persistence was a statistically significant predictor of radiographic PFS. Conclusions: Early assessment of PSA after surgery is important for predicting radiographic progression in node-positive prostate cancer patients. Risk stratification based on the early PSA value after surgery would be helpful to identify patients who may benefit from early adjuvant therapies.",high,radiographic progression free survival,5-year,64.20%,Radical Prostatectomy,high-risk
31258727,Prostate specific antigen (PSA) persistence 6 weeks after radical prostatectomy and pelvic lymph node dissection as predictive factor of radiographic progression in node-positive prostate cancer patients.,"Purpose: To evaluate the prognostic value of early postoperative prostate specific antigen (PSA) levels after radical prostatectomy (RP) and pelvic lymph node dissection (PLND) in prostate cancer patients with lymph node invasion (LNI). Materials and Methods: The retrospective analysis involved 96 patients who had a diagnosis of LNI with available data on the first PSA level at postoperative 6 weeks after RP and PLND between 2002 and 2014 at our institution. PSA persistence was defined as PSA ≥ 0.1 ng/ml at 6 weeks after surgery. Radiographic progression was defined as positive imaging during follow-up after the onset of biochemical recurrence, consisting of a bone scan and/or computed tomography (CT) and/or magnetic resonance imaging and/or 18F-(2-deoxy-2-fluoro-D-glucose positron emission tomography/CT scan. Comparative analysis of patients with and without PSA persistence was done, and Kaplan-Meier curve analysis with log-rank test and Cox proportional hazard regression models assessed radiographic progression free survival (PFS). Results: Fifty two (54.2%) patients displayed PSA persistence. Kaplan-Meier curve analysis showed significantly decreased 5-year radiographic PFS (64.2% vs. 93.2%, log-rank, p=0.009) in the PSA persistence group compared to the no PSA persistence group. In a multivariate analysis, PSA persistence was a statistically significant predictor of radiographic PFS. Conclusions: Early assessment of PSA after surgery is important for predicting radiographic progression in node-positive prostate cancer patients. Risk stratification based on the early PSA value after surgery would be helpful to identify patients who may benefit from early adjuvant therapies.",high,radiographic progression free survival,5-year,93.20%,Radical Prostatectomy,high-risk
30992160,Prostate-only Versus Whole-pelvis Radiation with or Without a Brachytherapy Boost for Gleason Grade Group 5 Prostate Cancer: A Retrospective Analysis.,"BACKGROUND: The role of elective whole-pelvis radiotherapy (WPRT) remains controversial. Few studies have investigated it in Gleason grade group (GG) 5 prostate cancer (PCa), known to have a high risk of nodal metastases. OBJECTIVE: To assess the impact of WPRT on patients with GG 5 PCa treated with external-beam radiotherapy (EBRT) or EBRT with a brachytherapy boost (EBRT+BT). DESIGN, SETTING, AND PARTICIPANTS: We identified 1170 patients with biopsy-proven GG 5 PCa from 11 centers in the United States and one in Norway treated between 2000 and 2013 (734 with EBRT and 436 with EBRT+BT). OUTCOME MEASUREMENTS AND STATISTICAL ANALYSIS: Biochemical recurrence-free survival (bRFS), distant metastasis-free survival (DMFS), and prostate cancer-specific survival (PCSS) were compared using Cox proportional hazards models with propensity score adjustment. RESULTS AND LIMITATIONS: A total of 299 EBRT patients (41%) and 320 EBRT+BT patients (73%) received WPRT. The adjusted 5-yr bRFS rates with WPRT in the EBRT and EBRT+BT groups were 66% and 88%, respectively. Without WPRT, these rates for the EBRT and EBRT+BT groups were 58% and 78%, respectively. The median follow-up was 5.6yr. WPRT was associated with improved bRFS among patients treated with EBRT+BT (hazard ratio [HR] 0.5, 95% confidence interval [CI] 0.2-0.9, p=0.02), but no evidence for improvement was found in those treated with EBRT (HR 0.8, 95% CI 0.6-1.2, p=0.4). WPRT was not significantly associated with improved DMFS or PCSS in the EBRT group (HR 1.1, 95% CI 0.7-1.7, p=0.8 for DMFS and HR 0.7, 95% CI 0.4-1.1, p=0.1 for PCSS), or in the EBRT+BT group (HR 0.6, 95% CI 0.3-1.4, p=0.2 for DMFS and HR 0.5 95% CI 0.2-1.2, p=0.1 for PCSS). CONCLUSIONS: WPRT was not associated with improved PCSS or DMFS in patients with GG 5 PCa who received either EBRT or EBRT+BT. However, WPRT was associated with a significant improvement in bRFS among patients receiving EBRT+BT. Strategies to optimize WPRT, potentially with the use of advanced imaging techniques to identify occult nodal disease, are warranted. PATIENT SUMMARY: When men with a high Gleason grade prostate cancer receive radiation with external radiation and brachytherapy, the addition of radiation to the pelvis results in a longer duration of prostate-specific antigen control. However, we did not find a difference in their survival from prostate cancer or in their survival without metastatic disease. We also did not find a benefit for radiation to the pelvis in men who received radiation without brachytherapy.",high,biochemical recurrence-free survival,5-year,58%,Radiotherapy,high-risk
30992160,Prostate-only Versus Whole-pelvis Radiation with or Without a Brachytherapy Boost for Gleason Grade Group 5 Prostate Cancer: A Retrospective Analysis.,"BACKGROUND: The role of elective whole-pelvis radiotherapy (WPRT) remains controversial. Few studies have investigated it in Gleason grade group (GG) 5 prostate cancer (PCa), known to have a high risk of nodal metastases. OBJECTIVE: To assess the impact of WPRT on patients with GG 5 PCa treated with external-beam radiotherapy (EBRT) or EBRT with a brachytherapy boost (EBRT+BT). DESIGN, SETTING, AND PARTICIPANTS: We identified 1170 patients with biopsy-proven GG 5 PCa from 11 centers in the United States and one in Norway treated between 2000 and 2013 (734 with EBRT and 436 with EBRT+BT). OUTCOME MEASUREMENTS AND STATISTICAL ANALYSIS: Biochemical recurrence-free survival (bRFS), distant metastasis-free survival (DMFS), and prostate cancer-specific survival (PCSS) were compared using Cox proportional hazards models with propensity score adjustment. RESULTS AND LIMITATIONS: A total of 299 EBRT patients (41%) and 320 EBRT+BT patients (73%) received WPRT. The adjusted 5-yr bRFS rates with WPRT in the EBRT and EBRT+BT groups were 66% and 88%, respectively. Without WPRT, these rates for the EBRT and EBRT+BT groups were 58% and 78%, respectively. The median follow-up was 5.6yr. WPRT was associated with improved bRFS among patients treated with EBRT+BT (hazard ratio [HR] 0.5, 95% confidence interval [CI] 0.2-0.9, p=0.02), but no evidence for improvement was found in those treated with EBRT (HR 0.8, 95% CI 0.6-1.2, p=0.4). WPRT was not significantly associated with improved DMFS or PCSS in the EBRT group (HR 1.1, 95% CI 0.7-1.7, p=0.8 for DMFS and HR 0.7, 95% CI 0.4-1.1, p=0.1 for PCSS), or in the EBRT+BT group (HR 0.6, 95% CI 0.3-1.4, p=0.2 for DMFS and HR 0.5 95% CI 0.2-1.2, p=0.1 for PCSS). CONCLUSIONS: WPRT was not associated with improved PCSS or DMFS in patients with GG 5 PCa who received either EBRT or EBRT+BT. However, WPRT was associated with a significant improvement in bRFS among patients receiving EBRT+BT. Strategies to optimize WPRT, potentially with the use of advanced imaging techniques to identify occult nodal disease, are warranted. PATIENT SUMMARY: When men with a high Gleason grade prostate cancer receive radiation with external radiation and brachytherapy, the addition of radiation to the pelvis results in a longer duration of prostate-specific antigen control. However, we did not find a difference in their survival from prostate cancer or in their survival without metastatic disease. We also did not find a benefit for radiation to the pelvis in men who received radiation without brachytherapy.",high,biochemical recurrence-free survival,5-year,66%,Radiotherapy,high-risk
30992160,Prostate-only Versus Whole-pelvis Radiation with or Without a Brachytherapy Boost for Gleason Grade Group 5 Prostate Cancer: A Retrospective Analysis.,"BACKGROUND: The role of elective whole-pelvis radiotherapy (WPRT) remains controversial. Few studies have investigated it in Gleason grade group (GG) 5 prostate cancer (PCa), known to have a high risk of nodal metastases. OBJECTIVE: To assess the impact of WPRT on patients with GG 5 PCa treated with external-beam radiotherapy (EBRT) or EBRT with a brachytherapy boost (EBRT+BT). DESIGN, SETTING, AND PARTICIPANTS: We identified 1170 patients with biopsy-proven GG 5 PCa from 11 centers in the United States and one in Norway treated between 2000 and 2013 (734 with EBRT and 436 with EBRT+BT). OUTCOME MEASUREMENTS AND STATISTICAL ANALYSIS: Biochemical recurrence-free survival (bRFS), distant metastasis-free survival (DMFS), and prostate cancer-specific survival (PCSS) were compared using Cox proportional hazards models with propensity score adjustment. RESULTS AND LIMITATIONS: A total of 299 EBRT patients (41%) and 320 EBRT+BT patients (73%) received WPRT. The adjusted 5-yr bRFS rates with WPRT in the EBRT and EBRT+BT groups were 66% and 88%, respectively. Without WPRT, these rates for the EBRT and EBRT+BT groups were 58% and 78%, respectively. The median follow-up was 5.6yr. WPRT was associated with improved bRFS among patients treated with EBRT+BT (hazard ratio [HR] 0.5, 95% confidence interval [CI] 0.2-0.9, p=0.02), but no evidence for improvement was found in those treated with EBRT (HR 0.8, 95% CI 0.6-1.2, p=0.4). WPRT was not significantly associated with improved DMFS or PCSS in the EBRT group (HR 1.1, 95% CI 0.7-1.7, p=0.8 for DMFS and HR 0.7, 95% CI 0.4-1.1, p=0.1 for PCSS), or in the EBRT+BT group (HR 0.6, 95% CI 0.3-1.4, p=0.2 for DMFS and HR 0.5 95% CI 0.2-1.2, p=0.1 for PCSS). CONCLUSIONS: WPRT was not associated with improved PCSS or DMFS in patients with GG 5 PCa who received either EBRT or EBRT+BT. However, WPRT was associated with a significant improvement in bRFS among patients receiving EBRT+BT. Strategies to optimize WPRT, potentially with the use of advanced imaging techniques to identify occult nodal disease, are warranted. PATIENT SUMMARY: When men with a high Gleason grade prostate cancer receive radiation with external radiation and brachytherapy, the addition of radiation to the pelvis results in a longer duration of prostate-specific antigen control. However, we did not find a difference in their survival from prostate cancer or in their survival without metastatic disease. We also did not find a benefit for radiation to the pelvis in men who received radiation without brachytherapy.",high,biochemical recurrence-free survival,5-year,78%,EBRT + LDR Brachy,high-risk
30992160,Prostate-only Versus Whole-pelvis Radiation with or Without a Brachytherapy Boost for Gleason Grade Group 5 Prostate Cancer: A Retrospective Analysis.,"BACKGROUND: The role of elective whole-pelvis radiotherapy (WPRT) remains controversial. Few studies have investigated it in Gleason grade group (GG) 5 prostate cancer (PCa), known to have a high risk of nodal metastases. OBJECTIVE: To assess the impact of WPRT on patients with GG 5 PCa treated with external-beam radiotherapy (EBRT) or EBRT with a brachytherapy boost (EBRT+BT). DESIGN, SETTING, AND PARTICIPANTS: We identified 1170 patients with biopsy-proven GG 5 PCa from 11 centers in the United States and one in Norway treated between 2000 and 2013 (734 with EBRT and 436 with EBRT+BT). OUTCOME MEASUREMENTS AND STATISTICAL ANALYSIS: Biochemical recurrence-free survival (bRFS), distant metastasis-free survival (DMFS), and prostate cancer-specific survival (PCSS) were compared using Cox proportional hazards models with propensity score adjustment. RESULTS AND LIMITATIONS: A total of 299 EBRT patients (41%) and 320 EBRT+BT patients (73%) received WPRT. The adjusted 5-yr bRFS rates with WPRT in the EBRT and EBRT+BT groups were 66% and 88%, respectively. Without WPRT, these rates for the EBRT and EBRT+BT groups were 58% and 78%, respectively. The median follow-up was 5.6yr. WPRT was associated with improved bRFS among patients treated with EBRT+BT (hazard ratio [HR] 0.5, 95% confidence interval [CI] 0.2-0.9, p=0.02), but no evidence for improvement was found in those treated with EBRT (HR 0.8, 95% CI 0.6-1.2, p=0.4). WPRT was not significantly associated with improved DMFS or PCSS in the EBRT group (HR 1.1, 95% CI 0.7-1.7, p=0.8 for DMFS and HR 0.7, 95% CI 0.4-1.1, p=0.1 for PCSS), or in the EBRT+BT group (HR 0.6, 95% CI 0.3-1.4, p=0.2 for DMFS and HR 0.5 95% CI 0.2-1.2, p=0.1 for PCSS). CONCLUSIONS: WPRT was not associated with improved PCSS or DMFS in patients with GG 5 PCa who received either EBRT or EBRT+BT. However, WPRT was associated with a significant improvement in bRFS among patients receiving EBRT+BT. Strategies to optimize WPRT, potentially with the use of advanced imaging techniques to identify occult nodal disease, are warranted. PATIENT SUMMARY: When men with a high Gleason grade prostate cancer receive radiation with external radiation and brachytherapy, the addition of radiation to the pelvis results in a longer duration of prostate-specific antigen control. However, we did not find a difference in their survival from prostate cancer or in their survival without metastatic disease. We also did not find a benefit for radiation to the pelvis in men who received radiation without brachytherapy.",high,biochemical recurrence-free survival,5-year,88%,EBRT + LDR Brachy,high-risk
31182119,Radiotherapy with or without androgen deprivation therapy in intermediate risk prostate cancer?,"OBJECTIVE: Androgen deprivation therapy (ADT) is beneficial for unfavorable intermediate-risk (IR) prostate cancer patients receiving curative radiotherapy (RT). However, for favorable IR patients the latest NCCN guidelines recommends RT alone. We retrospectively studied treatment patterns and outcomes of patients with IR prostate cancer in our institution over the past two decades. MATERIALS AND METHODS: Three hundred seventy-three IR prostate cancer patients treated with definitive RT between 5/2002-5/2016 were identified in an institutional review board approved database. All patients received conformal RT to the prostate while the vast majority did not receive nodal radiation. ADT was commenced 2 months prior to RT and was continued for 4 months after RT. RESULTS: Compared to RT alone, patients receiving combined RT+ ADT had more positive biopsy cores, higher pre-radiation PSA, more IR factors, and were more likely to receive pelvic lymph node radiation. However, there were no differences in failure either biochemical, local or distal, nor on survival between the favorable RT alone and the unfavorable RT+ ADT cohorts, suggesting a beneficial role for ADT. On multivariate analysis, patients 70 years or younger receiving RT alone were at increased risk for biochemical failure during a 6-year follow-up (HR 3.06, P = 0.025). Biochemical relapse free survival in patients ≤70 years who received RT alone was 82.1% vs 94.0% for RT + ADT (P = 0.030). There was no difference for combined treatment modality in patients > 70 years (P = 0.87). CONCLUSIONS: Men 70 years or younger with favorable IR prostate cancer treated with RT alone to 78 Gy are at increased risk of biochemical failure. Short term ADT should be considered in this cohort of men.",intermediate,biochemical relapse free survival,6-year,82.10%,Radiotherapy,intermediate-risk
31182119,Radiotherapy with or without androgen deprivation therapy in intermediate risk prostate cancer?,"OBJECTIVE: Androgen deprivation therapy (ADT) is beneficial for unfavorable intermediate-risk (IR) prostate cancer patients receiving curative radiotherapy (RT). However, for favorable IR patients the latest NCCN guidelines recommends RT alone. We retrospectively studied treatment patterns and outcomes of patients with IR prostate cancer in our institution over the past two decades. MATERIALS AND METHODS: Three hundred seventy-three IR prostate cancer patients treated with definitive RT between 5/2002-5/2016 were identified in an institutional review board approved database. All patients received conformal RT to the prostate while the vast majority did not receive nodal radiation. ADT was commenced 2 months prior to RT and was continued for 4 months after RT. RESULTS: Compared to RT alone, patients receiving combined RT+ ADT had more positive biopsy cores, higher pre-radiation PSA, more IR factors, and were more likely to receive pelvic lymph node radiation. However, there were no differences in failure either biochemical, local or distal, nor on survival between the favorable RT alone and the unfavorable RT+ ADT cohorts, suggesting a beneficial role for ADT. On multivariate analysis, patients 70 years or younger receiving RT alone were at increased risk for biochemical failure during a 6-year follow-up (HR 3.06, P = 0.025). Biochemical relapse free survival in patients ≤70 years who received RT alone was 82.1% vs 94.0% for RT + ADT (P = 0.030). There was no difference for combined treatment modality in patients > 70 years (P = 0.87). CONCLUSIONS: Men 70 years or younger with favorable IR prostate cancer treated with RT alone to 78 Gy are at increased risk of biochemical failure. Short term ADT should be considered in this cohort of men.",intermediate,biochemical relapse free survival,6-year,94.00%,ADT + Std EBRT,intermediate-risk
31522882,Results of 15 Gy HDR-BT boost plus EBRT in intermediate-risk prostate cancer: Analysis of over 500 patients.,"PURPOSE/OBJECTIVE: To report biochemical control associated with single fraction 15 Gy high-dose-rate brachytherapy (HDR-BT) boost followed by external beam radiation (EBRT) in patients with intermediate-risk prostate cancer. MATERIALS AND METHODS: A retrospective chart review of all patients with intermediate-risk disease treated with a real-time ultrasound-based 15 Gy HDR-BT boost followed by EBRT between 2009 and 2016 at a single quaternary cancer center was performed. Freedom from biochemical failure (FFBF), cumulative incidence of androgen deprivation therapy use for biochemical or clinical failure post-treatment (CI of ADT) and metastasis-free survival (MFS) outcomes were measured. RESULTS: 518 patients met the inclusion criteria for this study. Median age at HDR-BT was 67 years (IQR 61-72). 506 (98%) had complete pathologic information available. Of these, 146 (28%) had favorable (FIR) and 360 (69%) had unfavorable (UIR) intermediate-risk disease. 83 (16%) received short course hormones with EBRT + HDR. Median overall follow-up was 5.2 years. FFBF was 91 (88-94)% at 5 years. Five-year FFBF was 94 (89-99)% and 89 (85-94)% in FIR and UIR patients, respectively (p = 0.045). CI of ADT was 4 (2-6)% at 5 years. Five-year CI of ADT was 1 (0-3)% and 5 (2-8)% in FIR and UIR patients, respectively (p = 0.085). MFS was 97 (95-98)% at 5 years. Five-year MFS was 100 (N/A-100)% and 95 (92-98)% in FIR and UIR patients, respectively (p = 0.020). CONCLUSION: In this large cohort of intermediate-risk prostate cancer patients, 15 Gy HDR-BT boost plus EBRT results in durable biochemical control and low rates of ADT use for biochemical failure.",intermediate,biochemical recurrence-free survival,5-year,89%,ADT + EBRT + HDR Brachy,intermediate-risk
31522882,Results of 15 Gy HDR-BT boost plus EBRT in intermediate-risk prostate cancer: Analysis of over 500 patients.,"PURPOSE/OBJECTIVE: To report biochemical control associated with single fraction 15 Gy high-dose-rate brachytherapy (HDR-BT) boost followed by external beam radiation (EBRT) in patients with intermediate-risk prostate cancer. MATERIALS AND METHODS: A retrospective chart review of all patients with intermediate-risk disease treated with a real-time ultrasound-based 15 Gy HDR-BT boost followed by EBRT between 2009 and 2016 at a single quaternary cancer center was performed. Freedom from biochemical failure (FFBF), cumulative incidence of androgen deprivation therapy use for biochemical or clinical failure post-treatment (CI of ADT) and metastasis-free survival (MFS) outcomes were measured. RESULTS: 518 patients met the inclusion criteria for this study. Median age at HDR-BT was 67 years (IQR 61-72). 506 (98%) had complete pathologic information available. Of these, 146 (28%) had favorable (FIR) and 360 (69%) had unfavorable (UIR) intermediate-risk disease. 83 (16%) received short course hormones with EBRT + HDR. Median overall follow-up was 5.2 years. FFBF was 91 (88-94)% at 5 years. Five-year FFBF was 94 (89-99)% and 89 (85-94)% in FIR and UIR patients, respectively (p = 0.045). CI of ADT was 4 (2-6)% at 5 years. Five-year CI of ADT was 1 (0-3)% and 5 (2-8)% in FIR and UIR patients, respectively (p = 0.085). MFS was 97 (95-98)% at 5 years. Five-year MFS was 100 (N/A-100)% and 95 (92-98)% in FIR and UIR patients, respectively (p = 0.020). CONCLUSION: In this large cohort of intermediate-risk prostate cancer patients, 15 Gy HDR-BT boost plus EBRT results in durable biochemical control and low rates of ADT use for biochemical failure.",intermediate,biochemical recurrence-free survival,5-year,94%,ADT + EBRT + HDR Brachy,intermediate-risk
31522882,Results of 15 Gy HDR-BT boost plus EBRT in intermediate-risk prostate cancer: Analysis of over 500 patients.,"PURPOSE/OBJECTIVE: To report biochemical control associated with single fraction 15 Gy high-dose-rate brachytherapy (HDR-BT) boost followed by external beam radiation (EBRT) in patients with intermediate-risk prostate cancer. MATERIALS AND METHODS: A retrospective chart review of all patients with intermediate-risk disease treated with a real-time ultrasound-based 15 Gy HDR-BT boost followed by EBRT between 2009 and 2016 at a single quaternary cancer center was performed. Freedom from biochemical failure (FFBF), cumulative incidence of androgen deprivation therapy use for biochemical or clinical failure post-treatment (CI of ADT) and metastasis-free survival (MFS) outcomes were measured. RESULTS: 518 patients met the inclusion criteria for this study. Median age at HDR-BT was 67 years (IQR 61-72). 506 (98%) had complete pathologic information available. Of these, 146 (28%) had favorable (FIR) and 360 (69%) had unfavorable (UIR) intermediate-risk disease. 83 (16%) received short course hormones with EBRT + HDR. Median overall follow-up was 5.2 years. FFBF was 91 (88-94)% at 5 years. Five-year FFBF was 94 (89-99)% and 89 (85-94)% in FIR and UIR patients, respectively (p = 0.045). CI of ADT was 4 (2-6)% at 5 years. Five-year CI of ADT was 1 (0-3)% and 5 (2-8)% in FIR and UIR patients, respectively (p = 0.085). MFS was 97 (95-98)% at 5 years. Five-year MFS was 100 (N/A-100)% and 95 (92-98)% in FIR and UIR patients, respectively (p = 0.020). CONCLUSION: In this large cohort of intermediate-risk prostate cancer patients, 15 Gy HDR-BT boost plus EBRT results in durable biochemical control and low rates of ADT use for biochemical failure.",intermediate,metastasis-free survival,5-year,95%,ADT + EBRT + HDR Brachy,intermediate-risk
31522882,Results of 15 Gy HDR-BT boost plus EBRT in intermediate-risk prostate cancer: Analysis of over 500 patients.,"PURPOSE/OBJECTIVE: To report biochemical control associated with single fraction 15 Gy high-dose-rate brachytherapy (HDR-BT) boost followed by external beam radiation (EBRT) in patients with intermediate-risk prostate cancer. MATERIALS AND METHODS: A retrospective chart review of all patients with intermediate-risk disease treated with a real-time ultrasound-based 15 Gy HDR-BT boost followed by EBRT between 2009 and 2016 at a single quaternary cancer center was performed. Freedom from biochemical failure (FFBF), cumulative incidence of androgen deprivation therapy use for biochemical or clinical failure post-treatment (CI of ADT) and metastasis-free survival (MFS) outcomes were measured. RESULTS: 518 patients met the inclusion criteria for this study. Median age at HDR-BT was 67 years (IQR 61-72). 506 (98%) had complete pathologic information available. Of these, 146 (28%) had favorable (FIR) and 360 (69%) had unfavorable (UIR) intermediate-risk disease. 83 (16%) received short course hormones with EBRT + HDR. Median overall follow-up was 5.2 years. FFBF was 91 (88-94)% at 5 years. Five-year FFBF was 94 (89-99)% and 89 (85-94)% in FIR and UIR patients, respectively (p = 0.045). CI of ADT was 4 (2-6)% at 5 years. Five-year CI of ADT was 1 (0-3)% and 5 (2-8)% in FIR and UIR patients, respectively (p = 0.085). MFS was 97 (95-98)% at 5 years. Five-year MFS was 100 (N/A-100)% and 95 (92-98)% in FIR and UIR patients, respectively (p = 0.020). CONCLUSION: In this large cohort of intermediate-risk prostate cancer patients, 15 Gy HDR-BT boost plus EBRT results in durable biochemical control and low rates of ADT use for biochemical failure.",intermediate,metastasis-free survival,5-year,100%,ADT + EBRT + HDR Brachy,intermediate-risk
30445172,SABR in High-Risk Prostate Cancer: Outcomes From 2 Prospective Clinical Trials With and Without Elective Nodal Irradiation.,"PURPOSE: There is limited data on stereotactic ablative radiation therapy (SABR) in high-risk prostate cancer (PCa), especially regarding the role of elective nodal irradiation (ENI). This study compares 2 prospective phase 2 trials using SABR in high-risk PCa, with and without ENI. METHODS AND MATERIALS: Patients had high-risk PCa. Those in trial 1 received 40 Gy in 5 fractions to the prostate and 30 Gy in 5 fractions to the seminal vesicles. Patients in trial 2 received 40 Gy in 5 fractions to the prostate and 25 Gy in 5 fractions to the pelvis and seminal vesicles. National Cancer Institute Common Terminology Criteria for Adverse Events toxicities were collected. Biochemical failure (BF) was defined as nadir + 2, and the 4-year prostate-specific antigen (PSA) response rate (4yPSARR) was <0.4 ng/mL. RESULTS: Sixty patients were included (trial 1, n = 30; trial 2, n = 30). Median follow-up was 5.6 years and 4.0 years. The median nadir PSA was 0.02 ng/mL for both trials. Six patients had BF, all from trial 1. The BF rate was 14.6% at 5 years in trial 1 and 0% in trial 2. Sixty-three percent of patients in trial 1 and 93% in trial 2 had a 4yPSARR. Two patients died in trial 1, 1 from metastatic disease. One patient in trial 2 died of other causes. No other patients developed metastatic disease, and 1 patient in trial 1 had castrate resistant PCa. Overall survival at 5 years was 93.2% and 96.7% (P = .86). There was significantly worse late gastrointestinal and sexual toxicity in trial 1, but there was no difference in late genitourinary toxicity. CONCLUSIONS: SABR in high-risk PCa yields biochemical control rates that may be comparable to that of other radiation therapy modalities. ENI using SABR is feasible and may lead to a significant improvement in biochemical control and in 4yPSARR, without an increase in late gastrointestinal or genitourinary toxicity. Longer follow-up would provide a better assessment of biochemical control. Well-conducted phase 3 trials are needed to fully establish the role of SABR and ENI in high-risk PCa.",high,overall survival,5-year,93.20%,Radiotherapy,high-risk
30445172,SABR in High-Risk Prostate Cancer: Outcomes From 2 Prospective Clinical Trials With and Without Elective Nodal Irradiation.,"PURPOSE: There is limited data on stereotactic ablative radiation therapy (SABR) in high-risk prostate cancer (PCa), especially regarding the role of elective nodal irradiation (ENI). This study compares 2 prospective phase 2 trials using SABR in high-risk PCa, with and without ENI. METHODS AND MATERIALS: Patients had high-risk PCa. Those in trial 1 received 40 Gy in 5 fractions to the prostate and 30 Gy in 5 fractions to the seminal vesicles. Patients in trial 2 received 40 Gy in 5 fractions to the prostate and 25 Gy in 5 fractions to the pelvis and seminal vesicles. National Cancer Institute Common Terminology Criteria for Adverse Events toxicities were collected. Biochemical failure (BF) was defined as nadir + 2, and the 4-year prostate-specific antigen (PSA) response rate (4yPSARR) was <0.4 ng/mL. RESULTS: Sixty patients were included (trial 1, n = 30; trial 2, n = 30). Median follow-up was 5.6 years and 4.0 years. The median nadir PSA was 0.02 ng/mL for both trials. Six patients had BF, all from trial 1. The BF rate was 14.6% at 5 years in trial 1 and 0% in trial 2. Sixty-three percent of patients in trial 1 and 93% in trial 2 had a 4yPSARR. Two patients died in trial 1, 1 from metastatic disease. One patient in trial 2 died of other causes. No other patients developed metastatic disease, and 1 patient in trial 1 had castrate resistant PCa. Overall survival at 5 years was 93.2% and 96.7% (P = .86). There was significantly worse late gastrointestinal and sexual toxicity in trial 1, but there was no difference in late genitourinary toxicity. CONCLUSIONS: SABR in high-risk PCa yields biochemical control rates that may be comparable to that of other radiation therapy modalities. ENI using SABR is feasible and may lead to a significant improvement in biochemical control and in 4yPSARR, without an increase in late gastrointestinal or genitourinary toxicity. Longer follow-up would provide a better assessment of biochemical control. Well-conducted phase 3 trials are needed to fully establish the role of SABR and ENI in high-risk PCa.",high,overall survival,5-year,96.70%,Radiotherapy,high-risk
31824859,Significance of Time Until PSA Recurrence After Radical Prostatectomy Without Neo- or Adjuvant Treatment to Clinical Progression and Cancer-Related Death in High-Risk Prostate Cancer Patients.,"Objective: The aim of our study was to evaluate the impact of time until biochemical recurrence (BCR) after radical prostatectomy (RP) without neo- or adjuvant treatment on clinical progression (CP) and cancer-related death (CRD) in high-risk prostate cancer (HRPCa) patients. Materials and methods: A total of 433 men with clinically HRPCa treated between 2001 and 2017 were identified. HRPCa was defined as clinical stage ≥T2c and/or biopsy Gleason score (GS) ≥8 and/or preoperative prostate specific antigen (PSA) value ≥20 ng/ml. Exclusion criteria were neo- or adjuvant treatment and incomplete pathological or follow-up data. BCR was defined as two consecutive PSA values ≥0.2 ng/ml after RP. CP was identified as skeletal lesions, local or loco-regional recurrence. CRD was defined as death from PCa. All men were divided into two groups according to BCR. The chi-square and t-tests were used to compare baseline characteristics between groups. Biochemical progression free survival (BPFS), clinical progression free survival (CPFS), and cancer-specific survival (CSS) rates were estimated using Kaplan-Meier analysis. Patients with detected BCR were analyzed for prediction of CP and CRD with respect to time until BCR. The impact of baseline parameters on BCR, CP, and CRD was assessed by Cox regression analysis. Results: BCR, CP, and CRD rates were 47.8% (207/433), 11.3% (49/433), and 5.5% (24/433), respectively. Median (quartiles) time of follow-up after RP was 64 (40-110) months. Ten-year BPFS rate was 34.2%; CPFS, 81%; and CSS, 90.1%. Men with detected BCR were analyzed for prediction of CP and CRD with respect to time until BCR. The most informative cutoff for time from RP until CP and CRD was ≤ 1 year (p < 0.008). According to this cutoff, men were divided into two groups: BCR detected within 1 year and after a 1-year period. Ten-year CPFS was 49.8% in men with early BCR vs. 81.1% in men with late BCR; CSS was 70.9 vs. 92.8% (p = 0.001). Multivariable analysis confirmed that time until BCR within 1 year predicts CP (p = 0.005) and CRD (p = 0.03). Conclusions: Early BCR is associated with poorer oncological outcomes. The presented results may help both to improve follow-up strategy and opt for more aggressive multimodal treatment of HRPCa in men with very early BCR.",high,biochemical progression free survival,10-year,34.20%,Radical Prostatectomy,high-risk
31824859,Significance of Time Until PSA Recurrence After Radical Prostatectomy Without Neo- or Adjuvant Treatment to Clinical Progression and Cancer-Related Death in High-Risk Prostate Cancer Patients.,"Objective: The aim of our study was to evaluate the impact of time until biochemical recurrence (BCR) after radical prostatectomy (RP) without neo- or adjuvant treatment on clinical progression (CP) and cancer-related death (CRD) in high-risk prostate cancer (HRPCa) patients. Materials and methods: A total of 433 men with clinically HRPCa treated between 2001 and 2017 were identified. HRPCa was defined as clinical stage ≥T2c and/or biopsy Gleason score (GS) ≥8 and/or preoperative prostate specific antigen (PSA) value ≥20 ng/ml. Exclusion criteria were neo- or adjuvant treatment and incomplete pathological or follow-up data. BCR was defined as two consecutive PSA values ≥0.2 ng/ml after RP. CP was identified as skeletal lesions, local or loco-regional recurrence. CRD was defined as death from PCa. All men were divided into two groups according to BCR. The chi-square and t-tests were used to compare baseline characteristics between groups. Biochemical progression free survival (BPFS), clinical progression free survival (CPFS), and cancer-specific survival (CSS) rates were estimated using Kaplan-Meier analysis. Patients with detected BCR were analyzed for prediction of CP and CRD with respect to time until BCR. The impact of baseline parameters on BCR, CP, and CRD was assessed by Cox regression analysis. Results: BCR, CP, and CRD rates were 47.8% (207/433), 11.3% (49/433), and 5.5% (24/433), respectively. Median (quartiles) time of follow-up after RP was 64 (40-110) months. Ten-year BPFS rate was 34.2%; CPFS, 81%; and CSS, 90.1%. Men with detected BCR were analyzed for prediction of CP and CRD with respect to time until BCR. The most informative cutoff for time from RP until CP and CRD was ≤ 1 year (p < 0.008). According to this cutoff, men were divided into two groups: BCR detected within 1 year and after a 1-year period. Ten-year CPFS was 49.8% in men with early BCR vs. 81.1% in men with late BCR; CSS was 70.9 vs. 92.8% (p = 0.001). Multivariable analysis confirmed that time until BCR within 1 year predicts CP (p = 0.005) and CRD (p = 0.03). Conclusions: Early BCR is associated with poorer oncological outcomes. The presented results may help both to improve follow-up strategy and opt for more aggressive multimodal treatment of HRPCa in men with very early BCR.",high,clinical progression free survival,10-year,49.80%,Radical Prostatectomy,high-risk
31824859,Significance of Time Until PSA Recurrence After Radical Prostatectomy Without Neo- or Adjuvant Treatment to Clinical Progression and Cancer-Related Death in High-Risk Prostate Cancer Patients.,"Objective: The aim of our study was to evaluate the impact of time until biochemical recurrence (BCR) after radical prostatectomy (RP) without neo- or adjuvant treatment on clinical progression (CP) and cancer-related death (CRD) in high-risk prostate cancer (HRPCa) patients. Materials and methods: A total of 433 men with clinically HRPCa treated between 2001 and 2017 were identified. HRPCa was defined as clinical stage ≥T2c and/or biopsy Gleason score (GS) ≥8 and/or preoperative prostate specific antigen (PSA) value ≥20 ng/ml. Exclusion criteria were neo- or adjuvant treatment and incomplete pathological or follow-up data. BCR was defined as two consecutive PSA values ≥0.2 ng/ml after RP. CP was identified as skeletal lesions, local or loco-regional recurrence. CRD was defined as death from PCa. All men were divided into two groups according to BCR. The chi-square and t-tests were used to compare baseline characteristics between groups. Biochemical progression free survival (BPFS), clinical progression free survival (CPFS), and cancer-specific survival (CSS) rates were estimated using Kaplan-Meier analysis. Patients with detected BCR were analyzed for prediction of CP and CRD with respect to time until BCR. The impact of baseline parameters on BCR, CP, and CRD was assessed by Cox regression analysis. Results: BCR, CP, and CRD rates were 47.8% (207/433), 11.3% (49/433), and 5.5% (24/433), respectively. Median (quartiles) time of follow-up after RP was 64 (40-110) months. Ten-year BPFS rate was 34.2%; CPFS, 81%; and CSS, 90.1%. Men with detected BCR were analyzed for prediction of CP and CRD with respect to time until BCR. The most informative cutoff for time from RP until CP and CRD was ≤ 1 year (p < 0.008). According to this cutoff, men were divided into two groups: BCR detected within 1 year and after a 1-year period. Ten-year CPFS was 49.8% in men with early BCR vs. 81.1% in men with late BCR; CSS was 70.9 vs. 92.8% (p = 0.001). Multivariable analysis confirmed that time until BCR within 1 year predicts CP (p = 0.005) and CRD (p = 0.03). Conclusions: Early BCR is associated with poorer oncological outcomes. The presented results may help both to improve follow-up strategy and opt for more aggressive multimodal treatment of HRPCa in men with very early BCR.",high,cancer-specific survival,10-year,70.90%,Radical Prostatectomy,high-risk
31824859,Significance of Time Until PSA Recurrence After Radical Prostatectomy Without Neo- or Adjuvant Treatment to Clinical Progression and Cancer-Related Death in High-Risk Prostate Cancer Patients.,"Objective: The aim of our study was to evaluate the impact of time until biochemical recurrence (BCR) after radical prostatectomy (RP) without neo- or adjuvant treatment on clinical progression (CP) and cancer-related death (CRD) in high-risk prostate cancer (HRPCa) patients. Materials and methods: A total of 433 men with clinically HRPCa treated between 2001 and 2017 were identified. HRPCa was defined as clinical stage ≥T2c and/or biopsy Gleason score (GS) ≥8 and/or preoperative prostate specific antigen (PSA) value ≥20 ng/ml. Exclusion criteria were neo- or adjuvant treatment and incomplete pathological or follow-up data. BCR was defined as two consecutive PSA values ≥0.2 ng/ml after RP. CP was identified as skeletal lesions, local or loco-regional recurrence. CRD was defined as death from PCa. All men were divided into two groups according to BCR. The chi-square and t-tests were used to compare baseline characteristics between groups. Biochemical progression free survival (BPFS), clinical progression free survival (CPFS), and cancer-specific survival (CSS) rates were estimated using Kaplan-Meier analysis. Patients with detected BCR were analyzed for prediction of CP and CRD with respect to time until BCR. The impact of baseline parameters on BCR, CP, and CRD was assessed by Cox regression analysis. Results: BCR, CP, and CRD rates were 47.8% (207/433), 11.3% (49/433), and 5.5% (24/433), respectively. Median (quartiles) time of follow-up after RP was 64 (40-110) months. Ten-year BPFS rate was 34.2%; CPFS, 81%; and CSS, 90.1%. Men with detected BCR were analyzed for prediction of CP and CRD with respect to time until BCR. The most informative cutoff for time from RP until CP and CRD was ≤ 1 year (p < 0.008). According to this cutoff, men were divided into two groups: BCR detected within 1 year and after a 1-year period. Ten-year CPFS was 49.8% in men with early BCR vs. 81.1% in men with late BCR; CSS was 70.9 vs. 92.8% (p = 0.001). Multivariable analysis confirmed that time until BCR within 1 year predicts CP (p = 0.005) and CRD (p = 0.03). Conclusions: Early BCR is associated with poorer oncological outcomes. The presented results may help both to improve follow-up strategy and opt for more aggressive multimodal treatment of HRPCa in men with very early BCR.",high,clinical progression free survival,10-year,81%,Radical Prostatectomy,high-risk
31824859,Significance of Time Until PSA Recurrence After Radical Prostatectomy Without Neo- or Adjuvant Treatment to Clinical Progression and Cancer-Related Death in High-Risk Prostate Cancer Patients.,"Objective: The aim of our study was to evaluate the impact of time until biochemical recurrence (BCR) after radical prostatectomy (RP) without neo- or adjuvant treatment on clinical progression (CP) and cancer-related death (CRD) in high-risk prostate cancer (HRPCa) patients. Materials and methods: A total of 433 men with clinically HRPCa treated between 2001 and 2017 were identified. HRPCa was defined as clinical stage ≥T2c and/or biopsy Gleason score (GS) ≥8 and/or preoperative prostate specific antigen (PSA) value ≥20 ng/ml. Exclusion criteria were neo- or adjuvant treatment and incomplete pathological or follow-up data. BCR was defined as two consecutive PSA values ≥0.2 ng/ml after RP. CP was identified as skeletal lesions, local or loco-regional recurrence. CRD was defined as death from PCa. All men were divided into two groups according to BCR. The chi-square and t-tests were used to compare baseline characteristics between groups. Biochemical progression free survival (BPFS), clinical progression free survival (CPFS), and cancer-specific survival (CSS) rates were estimated using Kaplan-Meier analysis. Patients with detected BCR were analyzed for prediction of CP and CRD with respect to time until BCR. The impact of baseline parameters on BCR, CP, and CRD was assessed by Cox regression analysis. Results: BCR, CP, and CRD rates were 47.8% (207/433), 11.3% (49/433), and 5.5% (24/433), respectively. Median (quartiles) time of follow-up after RP was 64 (40-110) months. Ten-year BPFS rate was 34.2%; CPFS, 81%; and CSS, 90.1%. Men with detected BCR were analyzed for prediction of CP and CRD with respect to time until BCR. The most informative cutoff for time from RP until CP and CRD was ≤ 1 year (p < 0.008). According to this cutoff, men were divided into two groups: BCR detected within 1 year and after a 1-year period. Ten-year CPFS was 49.8% in men with early BCR vs. 81.1% in men with late BCR; CSS was 70.9 vs. 92.8% (p = 0.001). Multivariable analysis confirmed that time until BCR within 1 year predicts CP (p = 0.005) and CRD (p = 0.03). Conclusions: Early BCR is associated with poorer oncological outcomes. The presented results may help both to improve follow-up strategy and opt for more aggressive multimodal treatment of HRPCa in men with very early BCR.",high,clinical progression free survival,10-year,81.10%,Radical Prostatectomy,high-risk
31824859,Significance of Time Until PSA Recurrence After Radical Prostatectomy Without Neo- or Adjuvant Treatment to Clinical Progression and Cancer-Related Death in High-Risk Prostate Cancer Patients.,"Objective: The aim of our study was to evaluate the impact of time until biochemical recurrence (BCR) after radical prostatectomy (RP) without neo- or adjuvant treatment on clinical progression (CP) and cancer-related death (CRD) in high-risk prostate cancer (HRPCa) patients. Materials and methods: A total of 433 men with clinically HRPCa treated between 2001 and 2017 were identified. HRPCa was defined as clinical stage ≥T2c and/or biopsy Gleason score (GS) ≥8 and/or preoperative prostate specific antigen (PSA) value ≥20 ng/ml. Exclusion criteria were neo- or adjuvant treatment and incomplete pathological or follow-up data. BCR was defined as two consecutive PSA values ≥0.2 ng/ml after RP. CP was identified as skeletal lesions, local or loco-regional recurrence. CRD was defined as death from PCa. All men were divided into two groups according to BCR. The chi-square and t-tests were used to compare baseline characteristics between groups. Biochemical progression free survival (BPFS), clinical progression free survival (CPFS), and cancer-specific survival (CSS) rates were estimated using Kaplan-Meier analysis. Patients with detected BCR were analyzed for prediction of CP and CRD with respect to time until BCR. The impact of baseline parameters on BCR, CP, and CRD was assessed by Cox regression analysis. Results: BCR, CP, and CRD rates were 47.8% (207/433), 11.3% (49/433), and 5.5% (24/433), respectively. Median (quartiles) time of follow-up after RP was 64 (40-110) months. Ten-year BPFS rate was 34.2%; CPFS, 81%; and CSS, 90.1%. Men with detected BCR were analyzed for prediction of CP and CRD with respect to time until BCR. The most informative cutoff for time from RP until CP and CRD was ≤ 1 year (p < 0.008). According to this cutoff, men were divided into two groups: BCR detected within 1 year and after a 1-year period. Ten-year CPFS was 49.8% in men with early BCR vs. 81.1% in men with late BCR; CSS was 70.9 vs. 92.8% (p = 0.001). Multivariable analysis confirmed that time until BCR within 1 year predicts CP (p = 0.005) and CRD (p = 0.03). Conclusions: Early BCR is associated with poorer oncological outcomes. The presented results may help both to improve follow-up strategy and opt for more aggressive multimodal treatment of HRPCa in men with very early BCR.",high,cancer-specific survival,10-year,90.10%,Radical Prostatectomy,high-risk
31824859,Significance of Time Until PSA Recurrence After Radical Prostatectomy Without Neo- or Adjuvant Treatment to Clinical Progression and Cancer-Related Death in High-Risk Prostate Cancer Patients.,"Objective: The aim of our study was to evaluate the impact of time until biochemical recurrence (BCR) after radical prostatectomy (RP) without neo- or adjuvant treatment on clinical progression (CP) and cancer-related death (CRD) in high-risk prostate cancer (HRPCa) patients. Materials and methods: A total of 433 men with clinically HRPCa treated between 2001 and 2017 were identified. HRPCa was defined as clinical stage ≥T2c and/or biopsy Gleason score (GS) ≥8 and/or preoperative prostate specific antigen (PSA) value ≥20 ng/ml. Exclusion criteria were neo- or adjuvant treatment and incomplete pathological or follow-up data. BCR was defined as two consecutive PSA values ≥0.2 ng/ml after RP. CP was identified as skeletal lesions, local or loco-regional recurrence. CRD was defined as death from PCa. All men were divided into two groups according to BCR. The chi-square and t-tests were used to compare baseline characteristics between groups. Biochemical progression free survival (BPFS), clinical progression free survival (CPFS), and cancer-specific survival (CSS) rates were estimated using Kaplan-Meier analysis. Patients with detected BCR were analyzed for prediction of CP and CRD with respect to time until BCR. The impact of baseline parameters on BCR, CP, and CRD was assessed by Cox regression analysis. Results: BCR, CP, and CRD rates were 47.8% (207/433), 11.3% (49/433), and 5.5% (24/433), respectively. Median (quartiles) time of follow-up after RP was 64 (40-110) months. Ten-year BPFS rate was 34.2%; CPFS, 81%; and CSS, 90.1%. Men with detected BCR were analyzed for prediction of CP and CRD with respect to time until BCR. The most informative cutoff for time from RP until CP and CRD was ≤ 1 year (p < 0.008). According to this cutoff, men were divided into two groups: BCR detected within 1 year and after a 1-year period. Ten-year CPFS was 49.8% in men with early BCR vs. 81.1% in men with late BCR; CSS was 70.9 vs. 92.8% (p = 0.001). Multivariable analysis confirmed that time until BCR within 1 year predicts CP (p = 0.005) and CRD (p = 0.03). Conclusions: Early BCR is associated with poorer oncological outcomes. The presented results may help both to improve follow-up strategy and opt for more aggressive multimodal treatment of HRPCa in men with very early BCR.",high,cancer-specific survival,10-year,92.80%,Radical Prostatectomy,high-risk
30238513,Simple risk assessment in prostate cancer patients treated with primary androgen deprivation therapy: The Korean Cancer Study of the Prostate risk classification.,"OBJECTIVES: To investigate the progression to castration-resistant prostate cancer after primary androgen deprivation therapy, and to build a simple risk prediction model for primary androgen deprivation therapy patients based on the Japan Cancer of the Prostate Risk Assessment criteria. METHODS: A total of 602 patients who received primary androgen deprivation therapy were entered into the Korean Cancer Study of the Prostate database. The effect of prognostic factors was determined by multivariate analysis. For each patient, the weight of all factors was totaled to give Korean Cancer Study-prostate scores; patients were divided into three risk groups according to their score. The probability of castration-resistant prostate cancer, cancer-specific survival and overall survival was estimated by Kaplan-Meier analysis. RESULTS: On multivariate analysis for castration-resistant prostate cancer, the significant variables were initial prostate-specific antigen (>40 ng/mL; 1 point), biopsy Gleason score (≥9; 1 point), clinical N1 (1 point), and non-regional lymph node (1 point), bone (1 point) and visceral (1 point) metastasis. The Korean Cancer Study-prostate scoring model was calculated on a scale of 0-6 (0: low, 1-2: intermediate, ≥3: high risk). The risk groups stratified castration-resistant prostate cancer (P < 0.0001), cancer-specific survival (P < 0.0001) and overall survival (P < 0.0001) by Kaplan-Meier curve. The Korean Cancer Study-prostate model predicted castration-resistant prostate cancer with a c-index of 0.7242, cancer-specific survival with a c-index of 0.7036 and overall survival with a c-index of 0.5890. The 5-year estimated castration-resistant prostate cancer/cancer-specific death rates were 10.3%/6.3% in the low-risk group, 48.4%/22.2% in the intermediate-risk group and 81.7%/53.1% in the high-risk group. CONCLUSIONS: The Korean Cancer Study-prostate risk classification, a modified Japan Cancer of the Prostate Risk Assessment model, is a simple scoring model for predicting oncological outcomes after primary androgen deprivation therapy.",intermediate,cancer-specific survival,5-year,22.20%,other,intermediate-risk
30238513,Simple risk assessment in prostate cancer patients treated with primary androgen deprivation therapy: The Korean Cancer Study of the Prostate risk classification.,"OBJECTIVES: To investigate the progression to castration-resistant prostate cancer after primary androgen deprivation therapy, and to build a simple risk prediction model for primary androgen deprivation therapy patients based on the Japan Cancer of the Prostate Risk Assessment criteria. METHODS: A total of 602 patients who received primary androgen deprivation therapy were entered into the Korean Cancer Study of the Prostate database. The effect of prognostic factors was determined by multivariate analysis. For each patient, the weight of all factors was totaled to give Korean Cancer Study-prostate scores; patients were divided into three risk groups according to their score. The probability of castration-resistant prostate cancer, cancer-specific survival and overall survival was estimated by Kaplan-Meier analysis. RESULTS: On multivariate analysis for castration-resistant prostate cancer, the significant variables were initial prostate-specific antigen (>40 ng/mL; 1 point), biopsy Gleason score (≥9; 1 point), clinical N1 (1 point), and non-regional lymph node (1 point), bone (1 point) and visceral (1 point) metastasis. The Korean Cancer Study-prostate scoring model was calculated on a scale of 0-6 (0: low, 1-2: intermediate, ≥3: high risk). The risk groups stratified castration-resistant prostate cancer (P < 0.0001), cancer-specific survival (P < 0.0001) and overall survival (P < 0.0001) by Kaplan-Meier curve. The Korean Cancer Study-prostate model predicted castration-resistant prostate cancer with a c-index of 0.7242, cancer-specific survival with a c-index of 0.7036 and overall survival with a c-index of 0.5890. The 5-year estimated castration-resistant prostate cancer/cancer-specific death rates were 10.3%/6.3% in the low-risk group, 48.4%/22.2% in the intermediate-risk group and 81.7%/53.1% in the high-risk group. CONCLUSIONS: The Korean Cancer Study-prostate risk classification, a modified Japan Cancer of the Prostate Risk Assessment model, is a simple scoring model for predicting oncological outcomes after primary androgen deprivation therapy.",high,cancer-specific survival,5-year,53.10%,other,high-risk
31748962,Spanish validation of Charlson index applied to prostate cancer.,"PURPOSE: Comorbidity assessment is essential in the triage of care for men with prostate cancer (PC). The aim of this study was to validate the Spanish version of the revised Charlson index (RCI) in PC. MATERIALS AND METHODS: 731 PC patients diagnosed from 1993 to 2008 were referred to our Radiation Oncology Department. The RCI classified patients into four categories RCI 0, RCI 1-2, RCI 3-4, and RCI 5 and higher. The Kaplan-Meier method and Cox proportional hazards modeling were used. We also analyzed the median age of patients who remained alive at the last control and those who died due to non-prostate cancer comorbidities. RESULTS: 636 patients were included median age: 70 years (44-85). The mean follow-up was 153.62 months, (6-288 months). Distribution of the D'Amico risk classification was 21%, 38.2%, and 40.8% for low, intermediate, and high risk, respectively. The RCI distribution categories were: 303 (46.7%) RCI 0, 102 (16%) RCI 1-2, 131 (20.6%) RCI 3-4, and 100 (15.7%) RCI 5 and higher. The probability of non-cause-specific mortality at 5 and 10 years was 2. 4% and 11.25% RCI 0, 3 and 14.1% RCI 1-2, 5.7% and 22.1% RCI 3-4, and 47% and 92% (RCI 5 and higher). The median age in the last control in patients alive or who had died by non-PC causes was 82.81 years (55.27-102). DISCUSSION: The RCI may be used to aid medical decision making in older Spanish men with PC, especially in those with a high RCI 5 and higher.",high,non-cause-specific mortality,10-year,92%,other,RCI 5 and higher
31748962,Spanish validation of Charlson index applied to prostate cancer.,"PURPOSE: Comorbidity assessment is essential in the triage of care for men with prostate cancer (PC). The aim of this study was to validate the Spanish version of the revised Charlson index (RCI) in PC. MATERIALS AND METHODS: 731 PC patients diagnosed from 1993 to 2008 were referred to our Radiation Oncology Department. The RCI classified patients into four categories RCI 0, RCI 1-2, RCI 3-4, and RCI 5 and higher. The Kaplan-Meier method and Cox proportional hazards modeling were used. We also analyzed the median age of patients who remained alive at the last control and those who died due to non-prostate cancer comorbidities. RESULTS: 636 patients were included median age: 70 years (44-85). The mean follow-up was 153.62 months, (6-288 months). Distribution of the D'Amico risk classification was 21%, 38.2%, and 40.8% for low, intermediate, and high risk, respectively. The RCI distribution categories were: 303 (46.7%) RCI 0, 102 (16%) RCI 1-2, 131 (20.6%) RCI 3-4, and 100 (15.7%) RCI 5 and higher. The probability of non-cause-specific mortality at 5 and 10 years was 2. 4% and 11.25% RCI 0, 3 and 14.1% RCI 1-2, 5.7% and 22.1% RCI 3-4, and 47% and 92% (RCI 5 and higher). The median age in the last control in patients alive or who had died by non-PC causes was 82.81 years (55.27-102). DISCUSSION: The RCI may be used to aid medical decision making in older Spanish men with PC, especially in those with a high RCI 5 and higher.",high,non-cause-specific mortality,5-year,47%,other,RCI 5 and higher
31281431,"Subtypes of minimal residual disease, association with Gleason score, risk and time to biochemical failure in pT2 prostate cancer treated with radical prostatectomy.","INTRODUCTION: The Gleason score is a strong prognostic factor for treatment failure in pathologically organ-confined prostate cancer (pT2) treated by radical prostatectomy (RP). However, within each Gleason score, there is clinical heterogeneity with respect to treatment outcome, even in patients with the same pathological stage and prostate-specific antigen (PSA) at diagnosis. This may be due to minimal residual disease (MRD) remaining after surgery. We hypothesise that the sub-type of MRD determines the risk of and timing of treatment failure, is a biological classification, and may explain in part clinical heterogeneity. We present a study of pT2 patients treated with RP, the subtypes of MRD for each Gleason score and clinical outcomes. PATIENTS AND METHODS: Patients with Gleason ≤6 (G6) or Gleason 7 (G7) pT2 cancer participated in the study. One month after surgery, blood was taken for circulating prostate cell (CPCs); mononuclear cells were obtained by differential gel centrifugation and identified using immunocytochemistry with anti-PSA. The detection of one CPC/sample was defined as a positive test. Touch-preparations from bone-marrow biopsies were used to detect micro-metastasis using immunocytochemistry with anti-PSA. Biochemical failure was defined as a PSA >0.2 ng/mL. Patients were classified as: Group A MRD negative (CPC and micro-metastasis negative), Group B (only micro-metastasis positive) and Group C (CPC positive). Biochemical failure-free survival (BFFS) using Kaplan-Meier and time to failure using Restricted Mean Survival Time (RMST) after 10 years of follow-up were calculated for each group based on the Gleason score. RESULTS: Of a cohort of 253 men, four were excluded for having Gleason 8 or 9 prostate cancer, leaving a study group of 249 men of whom 52 had G7 prostate cancer. G7 patients had a higher frequency of MRD (69% versus 36%) and worse prognosis. G6 and G7 patients negative for MRD had similar BBFS rates, 98% at 10 years, time to failure 9.9 years. Group C, G6 patients had a higher BFFS and longer time to failure compared to G7 patients (19% versus 5% and 7 versus 3 years). Group B showed similar results up to 5 years, thereafter G6 had a lower BFFS 63% versus 90%. CONCLUSIONS: G7 and G6 pT2 patients have different patterns of MRD and relapse. Risk stratification using MRD sub-types may help to define the need for adjuvant therapy. This needs confirmation with large randomised long-term trials.",low,biochemical failure-free survival,10-year,63%,Radical Prostatectomy,low-risk
31281431,"Subtypes of minimal residual disease, association with Gleason score, risk and time to biochemical failure in pT2 prostate cancer treated with radical prostatectomy.","INTRODUCTION: The Gleason score is a strong prognostic factor for treatment failure in pathologically organ-confined prostate cancer (pT2) treated by radical prostatectomy (RP). However, within each Gleason score, there is clinical heterogeneity with respect to treatment outcome, even in patients with the same pathological stage and prostate-specific antigen (PSA) at diagnosis. This may be due to minimal residual disease (MRD) remaining after surgery. We hypothesise that the sub-type of MRD determines the risk of and timing of treatment failure, is a biological classification, and may explain in part clinical heterogeneity. We present a study of pT2 patients treated with RP, the subtypes of MRD for each Gleason score and clinical outcomes. PATIENTS AND METHODS: Patients with Gleason ≤6 (G6) or Gleason 7 (G7) pT2 cancer participated in the study. One month after surgery, blood was taken for circulating prostate cell (CPCs); mononuclear cells were obtained by differential gel centrifugation and identified using immunocytochemistry with anti-PSA. The detection of one CPC/sample was defined as a positive test. Touch-preparations from bone-marrow biopsies were used to detect micro-metastasis using immunocytochemistry with anti-PSA. Biochemical failure was defined as a PSA >0.2 ng/mL. Patients were classified as: Group A MRD negative (CPC and micro-metastasis negative), Group B (only micro-metastasis positive) and Group C (CPC positive). Biochemical failure-free survival (BFFS) using Kaplan-Meier and time to failure using Restricted Mean Survival Time (RMST) after 10 years of follow-up were calculated for each group based on the Gleason score. RESULTS: Of a cohort of 253 men, four were excluded for having Gleason 8 or 9 prostate cancer, leaving a study group of 249 men of whom 52 had G7 prostate cancer. G7 patients had a higher frequency of MRD (69% versus 36%) and worse prognosis. G6 and G7 patients negative for MRD had similar BBFS rates, 98% at 10 years, time to failure 9.9 years. Group C, G6 patients had a higher BFFS and longer time to failure compared to G7 patients (19% versus 5% and 7 versus 3 years). Group B showed similar results up to 5 years, thereafter G6 had a lower BFFS 63% versus 90%. CONCLUSIONS: G7 and G6 pT2 patients have different patterns of MRD and relapse. Risk stratification using MRD sub-types may help to define the need for adjuvant therapy. This needs confirmation with large randomised long-term trials.",intermediate,biochemical failure-free survival,10-year,90%,Radical Prostatectomy,intermediate-risk
31281431,"Subtypes of minimal residual disease, association with Gleason score, risk and time to biochemical failure in pT2 prostate cancer treated with radical prostatectomy.","INTRODUCTION: The Gleason score is a strong prognostic factor for treatment failure in pathologically organ-confined prostate cancer (pT2) treated by radical prostatectomy (RP). However, within each Gleason score, there is clinical heterogeneity with respect to treatment outcome, even in patients with the same pathological stage and prostate-specific antigen (PSA) at diagnosis. This may be due to minimal residual disease (MRD) remaining after surgery. We hypothesise that the sub-type of MRD determines the risk of and timing of treatment failure, is a biological classification, and may explain in part clinical heterogeneity. We present a study of pT2 patients treated with RP, the subtypes of MRD for each Gleason score and clinical outcomes. PATIENTS AND METHODS: Patients with Gleason ≤6 (G6) or Gleason 7 (G7) pT2 cancer participated in the study. One month after surgery, blood was taken for circulating prostate cell (CPCs); mononuclear cells were obtained by differential gel centrifugation and identified using immunocytochemistry with anti-PSA. The detection of one CPC/sample was defined as a positive test. Touch-preparations from bone-marrow biopsies were used to detect micro-metastasis using immunocytochemistry with anti-PSA. Biochemical failure was defined as a PSA >0.2 ng/mL. Patients were classified as: Group A MRD negative (CPC and micro-metastasis negative), Group B (only micro-metastasis positive) and Group C (CPC positive). Biochemical failure-free survival (BFFS) using Kaplan-Meier and time to failure using Restricted Mean Survival Time (RMST) after 10 years of follow-up were calculated for each group based on the Gleason score. RESULTS: Of a cohort of 253 men, four were excluded for having Gleason 8 or 9 prostate cancer, leaving a study group of 249 men of whom 52 had G7 prostate cancer. G7 patients had a higher frequency of MRD (69% versus 36%) and worse prognosis. G6 and G7 patients negative for MRD had similar BBFS rates, 98% at 10 years, time to failure 9.9 years. Group C, G6 patients had a higher BFFS and longer time to failure compared to G7 patients (19% versus 5% and 7 versus 3 years). Group B showed similar results up to 5 years, thereafter G6 had a lower BFFS 63% versus 90%. CONCLUSIONS: G7 and G6 pT2 patients have different patterns of MRD and relapse. Risk stratification using MRD sub-types may help to define the need for adjuvant therapy. This needs confirmation with large randomised long-term trials.",intermediate,biochemical failure-free survival,10-year,98%,Radical Prostatectomy,intermediate-risk
31281431,"Subtypes of minimal residual disease, association with Gleason score, risk and time to biochemical failure in pT2 prostate cancer treated with radical prostatectomy.","INTRODUCTION: The Gleason score is a strong prognostic factor for treatment failure in pathologically organ-confined prostate cancer (pT2) treated by radical prostatectomy (RP). However, within each Gleason score, there is clinical heterogeneity with respect to treatment outcome, even in patients with the same pathological stage and prostate-specific antigen (PSA) at diagnosis. This may be due to minimal residual disease (MRD) remaining after surgery. We hypothesise that the sub-type of MRD determines the risk of and timing of treatment failure, is a biological classification, and may explain in part clinical heterogeneity. We present a study of pT2 patients treated with RP, the subtypes of MRD for each Gleason score and clinical outcomes. PATIENTS AND METHODS: Patients with Gleason ≤6 (G6) or Gleason 7 (G7) pT2 cancer participated in the study. One month after surgery, blood was taken for circulating prostate cell (CPCs); mononuclear cells were obtained by differential gel centrifugation and identified using immunocytochemistry with anti-PSA. The detection of one CPC/sample was defined as a positive test. Touch-preparations from bone-marrow biopsies were used to detect micro-metastasis using immunocytochemistry with anti-PSA. Biochemical failure was defined as a PSA >0.2 ng/mL. Patients were classified as: Group A MRD negative (CPC and micro-metastasis negative), Group B (only micro-metastasis positive) and Group C (CPC positive). Biochemical failure-free survival (BFFS) using Kaplan-Meier and time to failure using Restricted Mean Survival Time (RMST) after 10 years of follow-up were calculated for each group based on the Gleason score. RESULTS: Of a cohort of 253 men, four were excluded for having Gleason 8 or 9 prostate cancer, leaving a study group of 249 men of whom 52 had G7 prostate cancer. G7 patients had a higher frequency of MRD (69% versus 36%) and worse prognosis. G6 and G7 patients negative for MRD had similar BBFS rates, 98% at 10 years, time to failure 9.9 years. Group C, G6 patients had a higher BFFS and longer time to failure compared to G7 patients (19% versus 5% and 7 versus 3 years). Group B showed similar results up to 5 years, thereafter G6 had a lower BFFS 63% versus 90%. CONCLUSIONS: G7 and G6 pT2 patients have different patterns of MRD and relapse. Risk stratification using MRD sub-types may help to define the need for adjuvant therapy. This needs confirmation with large randomised long-term trials.",low,biochemical failure-free survival,10-year,98%,Radical Prostatectomy,low-risk
31653563,Survival outcomes of radical prostatectomy vs. external beam radiation therapy in prostate cancer patients with Gleason Score 9-10 at biopsy: A population-based analysis.,"PURPOSE: Gleason Score (GS) 9-10 prostate cancer is associated with particularly adverse oncological outcomes and the optimal treatment is unknown. Therefore, cancer-specific mortality (CSM) rates after radical prostatectomy (RP) ± adjuvant radiation therapy (aRT) vs. external beam radiation therapy (EBRT) were tested. METHODS: Within the Surveillance, Epidemiology, and End Results database (2004-2015), 17,897 clinically localized prostate cancer patients with biopsy GS 9-10 were identified who either received RP ± aRT or EBRT. Temporal trends, cumulative incidence plots and multivariable competing-risks regression analyses were used after propensity score matching. Sensitivity analyses were performed according to primary treatment type (RP only vs. EBRT). RESULTS: Of all, 8,890 (49.7%) underwent EBRT vs. 9,007 (50.3%) underwent RP. Of those, 2,584 (28.7%) received aRT. No significant change in treatment assignment was recorded over time. In cumulative incidence smoothed plots, 10 year CSM rates were 19.9% vs. 19.6% (P = 0.3) and 10 year other-cause mortalityrates were 11.5% vs. 31.2%, respectively, in RP vs. EBRT patients (P < 0.001). In multivariable competing-risks regression analyses, RP did not reach independent predictor status of lower CSM (hazard ratio (HR): 0.93, P = 0.2). In sensitivity analyses within RP only vs. EBRT patients, RP represented an independent predictor of lower CSM (HR: 0.76, P < 0.001). CONCLUSIONS: In biopsy GS 9-10 patients, no CSM differences were observed after RP ± aRT vs. EBRT. However, in patients in whom RP did not have to be combined with aRT, RP seems to be associated with a minor improvement in cancer-specific survival compared to EBRT. This applied to the majority of GS 9-10 RP patients.",high,other-cause mortality,10-year,31.20%,Radiotherapy,high-risk
31152322,Ten-year outcomes of high-dose intensity-modulated radiation therapy for nonmetastatic prostate cancer with unfavorable risk: early initiation of salvage therapy may replace long-term adjuvant androgen deprivation.,"BACKGROUND: The optimal timing of salvage androgen deprivation therapy (ADT) following definitive radiation therapy for prostate cancer (PCa) is unknown. This study evaluated the efficacy of early initiation of salvage-ADT (S-ADT) based on predetermined timing among patients with unfavorable PCa treated with high-dose intensity-modulated radiation therapy (IMRT). MATERIALS AND METHODS: High-risk (HR) and very-high-risk (VHR) PCa patients treated with IMRT at our institution between September 2000 and December 2010 were analyzed retrospectively. Treatment consisted of high-dose IMRT (78 Gy/39 fractions) combined with 6 months of neoadjuvant-ADT (NA-ADT). S-ADT was initiated when prostate-specific antigen levels exceeded 4.0 ng/mL. RESULTS: In total, 268 (184 HR and 84 VHR) patients were analyzed. The median follow-up period was 114.4 months. The 10-year overall survival (OS), PCa-specific survival (PCSS), biochemical failure (BF), and clinical failure (CF) rates were 82.8%, 97.1%, 27.3%, and 12.8% among the HR PCa patients and 79.4%, 87.9%, 56.2%, and 26.7% among the VHR PCa patients (p = 0.839, = 0.0377, < 0.001, and < 0.001), respectively. The 10-year cumulative incidence rates of urinary and rectal (grades 2-3) toxicities were 22.6% and 5.8%, respectively. No grade 4 or higher toxicities were observed. CONCLUSION: High-dose IMRT combined with short-term NA-ADT resulted in long-term disease-free status, with acceptable morbidity among approximately three-fourths of the HR PCa patients and nearly half of the VHR PCa patients. Moreover, excellent survival outcomes were achieved by the early S-ADT initiation. This approach may be a promising alternative to uniform provision of long-term ADT.",high,clinical failure,10-year,26.70%,ADT + Hypofx EBRT,high-risk
31152322,Ten-year outcomes of high-dose intensity-modulated radiation therapy for nonmetastatic prostate cancer with unfavorable risk: early initiation of salvage therapy may replace long-term adjuvant androgen deprivation.,"BACKGROUND: The optimal timing of salvage androgen deprivation therapy (ADT) following definitive radiation therapy for prostate cancer (PCa) is unknown. This study evaluated the efficacy of early initiation of salvage-ADT (S-ADT) based on predetermined timing among patients with unfavorable PCa treated with high-dose intensity-modulated radiation therapy (IMRT). MATERIALS AND METHODS: High-risk (HR) and very-high-risk (VHR) PCa patients treated with IMRT at our institution between September 2000 and December 2010 were analyzed retrospectively. Treatment consisted of high-dose IMRT (78 Gy/39 fractions) combined with 6 months of neoadjuvant-ADT (NA-ADT). S-ADT was initiated when prostate-specific antigen levels exceeded 4.0 ng/mL. RESULTS: In total, 268 (184 HR and 84 VHR) patients were analyzed. The median follow-up period was 114.4 months. The 10-year overall survival (OS), PCa-specific survival (PCSS), biochemical failure (BF), and clinical failure (CF) rates were 82.8%, 97.1%, 27.3%, and 12.8% among the HR PCa patients and 79.4%, 87.9%, 56.2%, and 26.7% among the VHR PCa patients (p = 0.839, = 0.0377, < 0.001, and < 0.001), respectively. The 10-year cumulative incidence rates of urinary and rectal (grades 2-3) toxicities were 22.6% and 5.8%, respectively. No grade 4 or higher toxicities were observed. CONCLUSION: High-dose IMRT combined with short-term NA-ADT resulted in long-term disease-free status, with acceptable morbidity among approximately three-fourths of the HR PCa patients and nearly half of the VHR PCa patients. Moreover, excellent survival outcomes were achieved by the early S-ADT initiation. This approach may be a promising alternative to uniform provision of long-term ADT.",high,biochemical failure,10-year,27.30%,ADT + Hypofx EBRT,high-risk
31152322,Ten-year outcomes of high-dose intensity-modulated radiation therapy for nonmetastatic prostate cancer with unfavorable risk: early initiation of salvage therapy may replace long-term adjuvant androgen deprivation.,"BACKGROUND: The optimal timing of salvage androgen deprivation therapy (ADT) following definitive radiation therapy for prostate cancer (PCa) is unknown. This study evaluated the efficacy of early initiation of salvage-ADT (S-ADT) based on predetermined timing among patients with unfavorable PCa treated with high-dose intensity-modulated radiation therapy (IMRT). MATERIALS AND METHODS: High-risk (HR) and very-high-risk (VHR) PCa patients treated with IMRT at our institution between September 2000 and December 2010 were analyzed retrospectively. Treatment consisted of high-dose IMRT (78 Gy/39 fractions) combined with 6 months of neoadjuvant-ADT (NA-ADT). S-ADT was initiated when prostate-specific antigen levels exceeded 4.0 ng/mL. RESULTS: In total, 268 (184 HR and 84 VHR) patients were analyzed. The median follow-up period was 114.4 months. The 10-year overall survival (OS), PCa-specific survival (PCSS), biochemical failure (BF), and clinical failure (CF) rates were 82.8%, 97.1%, 27.3%, and 12.8% among the HR PCa patients and 79.4%, 87.9%, 56.2%, and 26.7% among the VHR PCa patients (p = 0.839, = 0.0377, < 0.001, and < 0.001), respectively. The 10-year cumulative incidence rates of urinary and rectal (grades 2-3) toxicities were 22.6% and 5.8%, respectively. No grade 4 or higher toxicities were observed. CONCLUSION: High-dose IMRT combined with short-term NA-ADT resulted in long-term disease-free status, with acceptable morbidity among approximately three-fourths of the HR PCa patients and nearly half of the VHR PCa patients. Moreover, excellent survival outcomes were achieved by the early S-ADT initiation. This approach may be a promising alternative to uniform provision of long-term ADT.",high,biochemical failure,10-year,56.20%,ADT + Hypofx EBRT,high-risk
31152322,Ten-year outcomes of high-dose intensity-modulated radiation therapy for nonmetastatic prostate cancer with unfavorable risk: early initiation of salvage therapy may replace long-term adjuvant androgen deprivation.,"BACKGROUND: The optimal timing of salvage androgen deprivation therapy (ADT) following definitive radiation therapy for prostate cancer (PCa) is unknown. This study evaluated the efficacy of early initiation of salvage-ADT (S-ADT) based on predetermined timing among patients with unfavorable PCa treated with high-dose intensity-modulated radiation therapy (IMRT). MATERIALS AND METHODS: High-risk (HR) and very-high-risk (VHR) PCa patients treated with IMRT at our institution between September 2000 and December 2010 were analyzed retrospectively. Treatment consisted of high-dose IMRT (78 Gy/39 fractions) combined with 6 months of neoadjuvant-ADT (NA-ADT). S-ADT was initiated when prostate-specific antigen levels exceeded 4.0 ng/mL. RESULTS: In total, 268 (184 HR and 84 VHR) patients were analyzed. The median follow-up period was 114.4 months. The 10-year overall survival (OS), PCa-specific survival (PCSS), biochemical failure (BF), and clinical failure (CF) rates were 82.8%, 97.1%, 27.3%, and 12.8% among the HR PCa patients and 79.4%, 87.9%, 56.2%, and 26.7% among the VHR PCa patients (p = 0.839, = 0.0377, < 0.001, and < 0.001), respectively. The 10-year cumulative incidence rates of urinary and rectal (grades 2-3) toxicities were 22.6% and 5.8%, respectively. No grade 4 or higher toxicities were observed. CONCLUSION: High-dose IMRT combined with short-term NA-ADT resulted in long-term disease-free status, with acceptable morbidity among approximately three-fourths of the HR PCa patients and nearly half of the VHR PCa patients. Moreover, excellent survival outcomes were achieved by the early S-ADT initiation. This approach may be a promising alternative to uniform provision of long-term ADT.",high,overall survival,10-year,79.40%,ADT + Hypofx EBRT,high-risk
31152322,Ten-year outcomes of high-dose intensity-modulated radiation therapy for nonmetastatic prostate cancer with unfavorable risk: early initiation of salvage therapy may replace long-term adjuvant androgen deprivation.,"BACKGROUND: The optimal timing of salvage androgen deprivation therapy (ADT) following definitive radiation therapy for prostate cancer (PCa) is unknown. This study evaluated the efficacy of early initiation of salvage-ADT (S-ADT) based on predetermined timing among patients with unfavorable PCa treated with high-dose intensity-modulated radiation therapy (IMRT). MATERIALS AND METHODS: High-risk (HR) and very-high-risk (VHR) PCa patients treated with IMRT at our institution between September 2000 and December 2010 were analyzed retrospectively. Treatment consisted of high-dose IMRT (78 Gy/39 fractions) combined with 6 months of neoadjuvant-ADT (NA-ADT). S-ADT was initiated when prostate-specific antigen levels exceeded 4.0 ng/mL. RESULTS: In total, 268 (184 HR and 84 VHR) patients were analyzed. The median follow-up period was 114.4 months. The 10-year overall survival (OS), PCa-specific survival (PCSS), biochemical failure (BF), and clinical failure (CF) rates were 82.8%, 97.1%, 27.3%, and 12.8% among the HR PCa patients and 79.4%, 87.9%, 56.2%, and 26.7% among the VHR PCa patients (p = 0.839, = 0.0377, < 0.001, and < 0.001), respectively. The 10-year cumulative incidence rates of urinary and rectal (grades 2-3) toxicities were 22.6% and 5.8%, respectively. No grade 4 or higher toxicities were observed. CONCLUSION: High-dose IMRT combined with short-term NA-ADT resulted in long-term disease-free status, with acceptable morbidity among approximately three-fourths of the HR PCa patients and nearly half of the VHR PCa patients. Moreover, excellent survival outcomes were achieved by the early S-ADT initiation. This approach may be a promising alternative to uniform provision of long-term ADT.",high,overall survival,10-year,82.80%,ADT + Hypofx EBRT,high-risk
31152322,Ten-year outcomes of high-dose intensity-modulated radiation therapy for nonmetastatic prostate cancer with unfavorable risk: early initiation of salvage therapy may replace long-term adjuvant androgen deprivation.,"BACKGROUND: The optimal timing of salvage androgen deprivation therapy (ADT) following definitive radiation therapy for prostate cancer (PCa) is unknown. This study evaluated the efficacy of early initiation of salvage-ADT (S-ADT) based on predetermined timing among patients with unfavorable PCa treated with high-dose intensity-modulated radiation therapy (IMRT). MATERIALS AND METHODS: High-risk (HR) and very-high-risk (VHR) PCa patients treated with IMRT at our institution between September 2000 and December 2010 were analyzed retrospectively. Treatment consisted of high-dose IMRT (78 Gy/39 fractions) combined with 6 months of neoadjuvant-ADT (NA-ADT). S-ADT was initiated when prostate-specific antigen levels exceeded 4.0 ng/mL. RESULTS: In total, 268 (184 HR and 84 VHR) patients were analyzed. The median follow-up period was 114.4 months. The 10-year overall survival (OS), PCa-specific survival (PCSS), biochemical failure (BF), and clinical failure (CF) rates were 82.8%, 97.1%, 27.3%, and 12.8% among the HR PCa patients and 79.4%, 87.9%, 56.2%, and 26.7% among the VHR PCa patients (p = 0.839, = 0.0377, < 0.001, and < 0.001), respectively. The 10-year cumulative incidence rates of urinary and rectal (grades 2-3) toxicities were 22.6% and 5.8%, respectively. No grade 4 or higher toxicities were observed. CONCLUSION: High-dose IMRT combined with short-term NA-ADT resulted in long-term disease-free status, with acceptable morbidity among approximately three-fourths of the HR PCa patients and nearly half of the VHR PCa patients. Moreover, excellent survival outcomes were achieved by the early S-ADT initiation. This approach may be a promising alternative to uniform provision of long-term ADT.",high,cancer-specific survival,10-year,87.90%,ADT + Hypofx EBRT,high-risk
31152322,Ten-year outcomes of high-dose intensity-modulated radiation therapy for nonmetastatic prostate cancer with unfavorable risk: early initiation of salvage therapy may replace long-term adjuvant androgen deprivation.,"BACKGROUND: The optimal timing of salvage androgen deprivation therapy (ADT) following definitive radiation therapy for prostate cancer (PCa) is unknown. This study evaluated the efficacy of early initiation of salvage-ADT (S-ADT) based on predetermined timing among patients with unfavorable PCa treated with high-dose intensity-modulated radiation therapy (IMRT). MATERIALS AND METHODS: High-risk (HR) and very-high-risk (VHR) PCa patients treated with IMRT at our institution between September 2000 and December 2010 were analyzed retrospectively. Treatment consisted of high-dose IMRT (78 Gy/39 fractions) combined with 6 months of neoadjuvant-ADT (NA-ADT). S-ADT was initiated when prostate-specific antigen levels exceeded 4.0 ng/mL. RESULTS: In total, 268 (184 HR and 84 VHR) patients were analyzed. The median follow-up period was 114.4 months. The 10-year overall survival (OS), PCa-specific survival (PCSS), biochemical failure (BF), and clinical failure (CF) rates were 82.8%, 97.1%, 27.3%, and 12.8% among the HR PCa patients and 79.4%, 87.9%, 56.2%, and 26.7% among the VHR PCa patients (p = 0.839, = 0.0377, < 0.001, and < 0.001), respectively. The 10-year cumulative incidence rates of urinary and rectal (grades 2-3) toxicities were 22.6% and 5.8%, respectively. No grade 4 or higher toxicities were observed. CONCLUSION: High-dose IMRT combined with short-term NA-ADT resulted in long-term disease-free status, with acceptable morbidity among approximately three-fourths of the HR PCa patients and nearly half of the VHR PCa patients. Moreover, excellent survival outcomes were achieved by the early S-ADT initiation. This approach may be a promising alternative to uniform provision of long-term ADT.",high,cancer-specific survival,10-year,97.10%,ADT + Hypofx EBRT,high-risk
30721720,Ten-Year Outcomes of Moderately Hypofractionated (70 Gy in 28 fractions) Intensity Modulated Radiation Therapy for Localized Prostate Cancer.,"PURPOSE: Long-term outcomes with hypofractionated radiation therapy for prostate cancer are limited. We report 10-year outcomes for patients treated with intensity modulated radiation therapy (IMRT) for localized prostate cancer with 70 Gy in 28 fractions at 2.5 Gy per fraction. METHODS AND MATERIALS: The study included 854 consecutive patients with localized prostate cancer treated with moderately hypofractionated IMRT and daily image guidance at a single institution between 1998 and 2012. Patients with a single intermediate risk factor were considered to have favorable intermediate-risk (FIR) disease, and those with multiple intermediate risk factors were considered unfavorable (UIR). Biochemical relapse-free survival, clinical relapse-free survival, and overall survival were analyzed using Kaplan-Meier analysis. Prostate cancer-specific mortality (PCSM) was analyzed using competing risk regression. All grade ≥3 genitourinary (GU) and gastrointestinal (GI) toxicities were recorded using Common Terminology Criteria for Adverse Event version 4.03, and cumulative incidence rates of GU and GI toxicity were calculated. RESULTS: The median follow-up was 11.3 years (maximum, 19 years). For patients with low-risk (LR), FIR, UIR, and high-risk (HR) disease, the 10-year biochemical relapse free survival rates were 88%, 78%, 71%, and 42%, respectively, (P < .0001). The 10-year clinical relapse free survival were 95%, 91%, 85%, and 72% for patients with LR, FIR, UIR, and HR, respectively, (P < .0001). For all patients, the 10-year actuarial overall survival rate was 69% (95% confidence interval, 66%-73%), and the 10-year PCSM was 6.8% (95% confidence interval, 5.1%-8.6%) overall. For patients with LR, FIR, UIR and HR disease, the 10-year PCSM rates were 2%, 5%, 5%, and 15%. Long-term grade ≥3 GU or GI toxicity remained low with 10-year cumulative incidences of 2% and 1%, respectively. CONCLUSIONS: High-dose moderately hypofractionated IMRT with daily image guidance for localized prostate cancer demonstrates favorable 10-year oncologic outcomes with a low incidence of toxicity. This fractionation schedule appears to be acceptable for patients across all risk groups.",high,biochemical relapse-free survival,10-year,42%,Radiotherapy,high-risk
30721720,Ten-Year Outcomes of Moderately Hypofractionated (70 Gy in 28 fractions) Intensity Modulated Radiation Therapy for Localized Prostate Cancer.,"PURPOSE: Long-term outcomes with hypofractionated radiation therapy for prostate cancer are limited. We report 10-year outcomes for patients treated with intensity modulated radiation therapy (IMRT) for localized prostate cancer with 70 Gy in 28 fractions at 2.5 Gy per fraction. METHODS AND MATERIALS: The study included 854 consecutive patients with localized prostate cancer treated with moderately hypofractionated IMRT and daily image guidance at a single institution between 1998 and 2012. Patients with a single intermediate risk factor were considered to have favorable intermediate-risk (FIR) disease, and those with multiple intermediate risk factors were considered unfavorable (UIR). Biochemical relapse-free survival, clinical relapse-free survival, and overall survival were analyzed using Kaplan-Meier analysis. Prostate cancer-specific mortality (PCSM) was analyzed using competing risk regression. All grade ≥3 genitourinary (GU) and gastrointestinal (GI) toxicities were recorded using Common Terminology Criteria for Adverse Event version 4.03, and cumulative incidence rates of GU and GI toxicity were calculated. RESULTS: The median follow-up was 11.3 years (maximum, 19 years). For patients with low-risk (LR), FIR, UIR, and high-risk (HR) disease, the 10-year biochemical relapse free survival rates were 88%, 78%, 71%, and 42%, respectively, (P < .0001). The 10-year clinical relapse free survival were 95%, 91%, 85%, and 72% for patients with LR, FIR, UIR, and HR, respectively, (P < .0001). For all patients, the 10-year actuarial overall survival rate was 69% (95% confidence interval, 66%-73%), and the 10-year PCSM was 6.8% (95% confidence interval, 5.1%-8.6%) overall. For patients with LR, FIR, UIR and HR disease, the 10-year PCSM rates were 2%, 5%, 5%, and 15%. Long-term grade ≥3 GU or GI toxicity remained low with 10-year cumulative incidences of 2% and 1%, respectively. CONCLUSIONS: High-dose moderately hypofractionated IMRT with daily image guidance for localized prostate cancer demonstrates favorable 10-year oncologic outcomes with a low incidence of toxicity. This fractionation schedule appears to be acceptable for patients across all risk groups.",intermediate,biochemical relapse-free survival,10-year,71%,Radiotherapy,intermediate-risk
30721720,Ten-Year Outcomes of Moderately Hypofractionated (70 Gy in 28 fractions) Intensity Modulated Radiation Therapy for Localized Prostate Cancer.,"PURPOSE: Long-term outcomes with hypofractionated radiation therapy for prostate cancer are limited. We report 10-year outcomes for patients treated with intensity modulated radiation therapy (IMRT) for localized prostate cancer with 70 Gy in 28 fractions at 2.5 Gy per fraction. METHODS AND MATERIALS: The study included 854 consecutive patients with localized prostate cancer treated with moderately hypofractionated IMRT and daily image guidance at a single institution between 1998 and 2012. Patients with a single intermediate risk factor were considered to have favorable intermediate-risk (FIR) disease, and those with multiple intermediate risk factors were considered unfavorable (UIR). Biochemical relapse-free survival, clinical relapse-free survival, and overall survival were analyzed using Kaplan-Meier analysis. Prostate cancer-specific mortality (PCSM) was analyzed using competing risk regression. All grade ≥3 genitourinary (GU) and gastrointestinal (GI) toxicities were recorded using Common Terminology Criteria for Adverse Event version 4.03, and cumulative incidence rates of GU and GI toxicity were calculated. RESULTS: The median follow-up was 11.3 years (maximum, 19 years). For patients with low-risk (LR), FIR, UIR, and high-risk (HR) disease, the 10-year biochemical relapse free survival rates were 88%, 78%, 71%, and 42%, respectively, (P < .0001). The 10-year clinical relapse free survival were 95%, 91%, 85%, and 72% for patients with LR, FIR, UIR, and HR, respectively, (P < .0001). For all patients, the 10-year actuarial overall survival rate was 69% (95% confidence interval, 66%-73%), and the 10-year PCSM was 6.8% (95% confidence interval, 5.1%-8.6%) overall. For patients with LR, FIR, UIR and HR disease, the 10-year PCSM rates were 2%, 5%, 5%, and 15%. Long-term grade ≥3 GU or GI toxicity remained low with 10-year cumulative incidences of 2% and 1%, respectively. CONCLUSIONS: High-dose moderately hypofractionated IMRT with daily image guidance for localized prostate cancer demonstrates favorable 10-year oncologic outcomes with a low incidence of toxicity. This fractionation schedule appears to be acceptable for patients across all risk groups.",high,clinical relapse-free survival,10-year,72%,Radiotherapy,high-risk
30721720,Ten-Year Outcomes of Moderately Hypofractionated (70 Gy in 28 fractions) Intensity Modulated Radiation Therapy for Localized Prostate Cancer.,"PURPOSE: Long-term outcomes with hypofractionated radiation therapy for prostate cancer are limited. We report 10-year outcomes for patients treated with intensity modulated radiation therapy (IMRT) for localized prostate cancer with 70 Gy in 28 fractions at 2.5 Gy per fraction. METHODS AND MATERIALS: The study included 854 consecutive patients with localized prostate cancer treated with moderately hypofractionated IMRT and daily image guidance at a single institution between 1998 and 2012. Patients with a single intermediate risk factor were considered to have favorable intermediate-risk (FIR) disease, and those with multiple intermediate risk factors were considered unfavorable (UIR). Biochemical relapse-free survival, clinical relapse-free survival, and overall survival were analyzed using Kaplan-Meier analysis. Prostate cancer-specific mortality (PCSM) was analyzed using competing risk regression. All grade ≥3 genitourinary (GU) and gastrointestinal (GI) toxicities were recorded using Common Terminology Criteria for Adverse Event version 4.03, and cumulative incidence rates of GU and GI toxicity were calculated. RESULTS: The median follow-up was 11.3 years (maximum, 19 years). For patients with low-risk (LR), FIR, UIR, and high-risk (HR) disease, the 10-year biochemical relapse free survival rates were 88%, 78%, 71%, and 42%, respectively, (P < .0001). The 10-year clinical relapse free survival were 95%, 91%, 85%, and 72% for patients with LR, FIR, UIR, and HR, respectively, (P < .0001). For all patients, the 10-year actuarial overall survival rate was 69% (95% confidence interval, 66%-73%), and the 10-year PCSM was 6.8% (95% confidence interval, 5.1%-8.6%) overall. For patients with LR, FIR, UIR and HR disease, the 10-year PCSM rates were 2%, 5%, 5%, and 15%. Long-term grade ≥3 GU or GI toxicity remained low with 10-year cumulative incidences of 2% and 1%, respectively. CONCLUSIONS: High-dose moderately hypofractionated IMRT with daily image guidance for localized prostate cancer demonstrates favorable 10-year oncologic outcomes with a low incidence of toxicity. This fractionation schedule appears to be acceptable for patients across all risk groups.",intermediate,biochemical relapse-free survival,10-year,78%,Radiotherapy,intermediate-risk
30721720,Ten-Year Outcomes of Moderately Hypofractionated (70 Gy in 28 fractions) Intensity Modulated Radiation Therapy for Localized Prostate Cancer.,"PURPOSE: Long-term outcomes with hypofractionated radiation therapy for prostate cancer are limited. We report 10-year outcomes for patients treated with intensity modulated radiation therapy (IMRT) for localized prostate cancer with 70 Gy in 28 fractions at 2.5 Gy per fraction. METHODS AND MATERIALS: The study included 854 consecutive patients with localized prostate cancer treated with moderately hypofractionated IMRT and daily image guidance at a single institution between 1998 and 2012. Patients with a single intermediate risk factor were considered to have favorable intermediate-risk (FIR) disease, and those with multiple intermediate risk factors were considered unfavorable (UIR). Biochemical relapse-free survival, clinical relapse-free survival, and overall survival were analyzed using Kaplan-Meier analysis. Prostate cancer-specific mortality (PCSM) was analyzed using competing risk regression. All grade ≥3 genitourinary (GU) and gastrointestinal (GI) toxicities were recorded using Common Terminology Criteria for Adverse Event version 4.03, and cumulative incidence rates of GU and GI toxicity were calculated. RESULTS: The median follow-up was 11.3 years (maximum, 19 years). For patients with low-risk (LR), FIR, UIR, and high-risk (HR) disease, the 10-year biochemical relapse free survival rates were 88%, 78%, 71%, and 42%, respectively, (P < .0001). The 10-year clinical relapse free survival were 95%, 91%, 85%, and 72% for patients with LR, FIR, UIR, and HR, respectively, (P < .0001). For all patients, the 10-year actuarial overall survival rate was 69% (95% confidence interval, 66%-73%), and the 10-year PCSM was 6.8% (95% confidence interval, 5.1%-8.6%) overall. For patients with LR, FIR, UIR and HR disease, the 10-year PCSM rates were 2%, 5%, 5%, and 15%. Long-term grade ≥3 GU or GI toxicity remained low with 10-year cumulative incidences of 2% and 1%, respectively. CONCLUSIONS: High-dose moderately hypofractionated IMRT with daily image guidance for localized prostate cancer demonstrates favorable 10-year oncologic outcomes with a low incidence of toxicity. This fractionation schedule appears to be acceptable for patients across all risk groups.",intermediate,clinical relapse-free survival,10-year,85%,Radiotherapy,intermediate-risk
30721720,Ten-Year Outcomes of Moderately Hypofractionated (70 Gy in 28 fractions) Intensity Modulated Radiation Therapy for Localized Prostate Cancer.,"PURPOSE: Long-term outcomes with hypofractionated radiation therapy for prostate cancer are limited. We report 10-year outcomes for patients treated with intensity modulated radiation therapy (IMRT) for localized prostate cancer with 70 Gy in 28 fractions at 2.5 Gy per fraction. METHODS AND MATERIALS: The study included 854 consecutive patients with localized prostate cancer treated with moderately hypofractionated IMRT and daily image guidance at a single institution between 1998 and 2012. Patients with a single intermediate risk factor were considered to have favorable intermediate-risk (FIR) disease, and those with multiple intermediate risk factors were considered unfavorable (UIR). Biochemical relapse-free survival, clinical relapse-free survival, and overall survival were analyzed using Kaplan-Meier analysis. Prostate cancer-specific mortality (PCSM) was analyzed using competing risk regression. All grade ≥3 genitourinary (GU) and gastrointestinal (GI) toxicities were recorded using Common Terminology Criteria for Adverse Event version 4.03, and cumulative incidence rates of GU and GI toxicity were calculated. RESULTS: The median follow-up was 11.3 years (maximum, 19 years). For patients with low-risk (LR), FIR, UIR, and high-risk (HR) disease, the 10-year biochemical relapse free survival rates were 88%, 78%, 71%, and 42%, respectively, (P < .0001). The 10-year clinical relapse free survival were 95%, 91%, 85%, and 72% for patients with LR, FIR, UIR, and HR, respectively, (P < .0001). For all patients, the 10-year actuarial overall survival rate was 69% (95% confidence interval, 66%-73%), and the 10-year PCSM was 6.8% (95% confidence interval, 5.1%-8.6%) overall. For patients with LR, FIR, UIR and HR disease, the 10-year PCSM rates were 2%, 5%, 5%, and 15%. Long-term grade ≥3 GU or GI toxicity remained low with 10-year cumulative incidences of 2% and 1%, respectively. CONCLUSIONS: High-dose moderately hypofractionated IMRT with daily image guidance for localized prostate cancer demonstrates favorable 10-year oncologic outcomes with a low incidence of toxicity. This fractionation schedule appears to be acceptable for patients across all risk groups.",low,biochemical relapse-free survival,10-year,88%,Radiotherapy,low-risk
30721720,Ten-Year Outcomes of Moderately Hypofractionated (70 Gy in 28 fractions) Intensity Modulated Radiation Therapy for Localized Prostate Cancer.,"PURPOSE: Long-term outcomes with hypofractionated radiation therapy for prostate cancer are limited. We report 10-year outcomes for patients treated with intensity modulated radiation therapy (IMRT) for localized prostate cancer with 70 Gy in 28 fractions at 2.5 Gy per fraction. METHODS AND MATERIALS: The study included 854 consecutive patients with localized prostate cancer treated with moderately hypofractionated IMRT and daily image guidance at a single institution between 1998 and 2012. Patients with a single intermediate risk factor were considered to have favorable intermediate-risk (FIR) disease, and those with multiple intermediate risk factors were considered unfavorable (UIR). Biochemical relapse-free survival, clinical relapse-free survival, and overall survival were analyzed using Kaplan-Meier analysis. Prostate cancer-specific mortality (PCSM) was analyzed using competing risk regression. All grade ≥3 genitourinary (GU) and gastrointestinal (GI) toxicities were recorded using Common Terminology Criteria for Adverse Event version 4.03, and cumulative incidence rates of GU and GI toxicity were calculated. RESULTS: The median follow-up was 11.3 years (maximum, 19 years). For patients with low-risk (LR), FIR, UIR, and high-risk (HR) disease, the 10-year biochemical relapse free survival rates were 88%, 78%, 71%, and 42%, respectively, (P < .0001). The 10-year clinical relapse free survival were 95%, 91%, 85%, and 72% for patients with LR, FIR, UIR, and HR, respectively, (P < .0001). For all patients, the 10-year actuarial overall survival rate was 69% (95% confidence interval, 66%-73%), and the 10-year PCSM was 6.8% (95% confidence interval, 5.1%-8.6%) overall. For patients with LR, FIR, UIR and HR disease, the 10-year PCSM rates were 2%, 5%, 5%, and 15%. Long-term grade ≥3 GU or GI toxicity remained low with 10-year cumulative incidences of 2% and 1%, respectively. CONCLUSIONS: High-dose moderately hypofractionated IMRT with daily image guidance for localized prostate cancer demonstrates favorable 10-year oncologic outcomes with a low incidence of toxicity. This fractionation schedule appears to be acceptable for patients across all risk groups.",intermediate,clinical relapse-free survival,10-year,91%,Radiotherapy,intermediate-risk
30721720,Ten-Year Outcomes of Moderately Hypofractionated (70 Gy in 28 fractions) Intensity Modulated Radiation Therapy for Localized Prostate Cancer.,"PURPOSE: Long-term outcomes with hypofractionated radiation therapy for prostate cancer are limited. We report 10-year outcomes for patients treated with intensity modulated radiation therapy (IMRT) for localized prostate cancer with 70 Gy in 28 fractions at 2.5 Gy per fraction. METHODS AND MATERIALS: The study included 854 consecutive patients with localized prostate cancer treated with moderately hypofractionated IMRT and daily image guidance at a single institution between 1998 and 2012. Patients with a single intermediate risk factor were considered to have favorable intermediate-risk (FIR) disease, and those with multiple intermediate risk factors were considered unfavorable (UIR). Biochemical relapse-free survival, clinical relapse-free survival, and overall survival were analyzed using Kaplan-Meier analysis. Prostate cancer-specific mortality (PCSM) was analyzed using competing risk regression. All grade ≥3 genitourinary (GU) and gastrointestinal (GI) toxicities were recorded using Common Terminology Criteria for Adverse Event version 4.03, and cumulative incidence rates of GU and GI toxicity were calculated. RESULTS: The median follow-up was 11.3 years (maximum, 19 years). For patients with low-risk (LR), FIR, UIR, and high-risk (HR) disease, the 10-year biochemical relapse free survival rates were 88%, 78%, 71%, and 42%, respectively, (P < .0001). The 10-year clinical relapse free survival were 95%, 91%, 85%, and 72% for patients with LR, FIR, UIR, and HR, respectively, (P < .0001). For all patients, the 10-year actuarial overall survival rate was 69% (95% confidence interval, 66%-73%), and the 10-year PCSM was 6.8% (95% confidence interval, 5.1%-8.6%) overall. For patients with LR, FIR, UIR and HR disease, the 10-year PCSM rates were 2%, 5%, 5%, and 15%. Long-term grade ≥3 GU or GI toxicity remained low with 10-year cumulative incidences of 2% and 1%, respectively. CONCLUSIONS: High-dose moderately hypofractionated IMRT with daily image guidance for localized prostate cancer demonstrates favorable 10-year oncologic outcomes with a low incidence of toxicity. This fractionation schedule appears to be acceptable for patients across all risk groups.",low,clinical relapse-free survival,10-year,95%,Radiotherapy,low-risk
32529133,"Ten-Year Results From a Phase II Study on Image Guided, Intensity Modulated Radiation Therapy With Simultaneous Integrated Boost in High-Risk Prostate Cancer.","PURPOSE: There is no consensus on how to treat high-risk prostate cancer, and long-term results from hypofractionated radiation therapy are lacking. We report 10-year results after image guided, intensity modulated radiation therapy with hypofractionated simultaneous integrated boost and elective pelvic field. METHODS AND MATERIALS: Between 2007 and 2009, 97 consecutive patients with high-risk prostate cancer were included, treated with 2.7 to 2.0 Gy × 25 Gy to the prostate, seminal vesicles, and elective pelvic field. Toxicity was scored according to Radiation Therapy Oncology Group criteria and biochemical disease-free survival (BFS) defined by the Phoenix definition. Patients were subsequently divided into 3 groups: high risk (HR; n = 32), very high risk (VHR; n = 50), and N+/s-prostate-specific antigen (PSA) ≥100 (n = 15). Differences in outcomes were examined using Kaplan-Meier analyses. RESULTS: BFS in the patients at HR and VHR was 64%, metastasis-free survival 80%, prostate cancer-specific survival 90%, and overall survival (OS) 72%. VHR versus HR subgroups demonstrated significantly different BFS, 54% versus 79% (P = .01). Metastasis-free survival and prostate cancer-specific survival in the VHR group versus HR group were 76% versus 87% (P = .108) and 74% versus 100% (P = .157). Patients reaching nadir PSA <0.1 (n = 80) had significantly better outcomes than the rest (n = 17), with BFS 70% versus 7% (P < .001). Acute grade 2 gastrointestinal tract (GI) and genitourinary tract (GU) toxicity occurred in 27% and 40%, grade 3 GI and GU toxicity in 1% and 3%. Late GI and GU grade 2 toxicity occurred in 1% and 8%. CONCLUSIONS: High-risk prostate cancer patients obtained favorable 10-year outcomes with low toxicity. There were significantly better results in the HR versus the VHR group, both better than the N+/PSA ≥100 group. A nadir PSA value < 0.1 predicted good prognosis.",high,biochemical disease-free survival,10-year,54%,ADT + Hypofx EBRT,very high-risk
32529133,"Ten-Year Results From a Phase II Study on Image Guided, Intensity Modulated Radiation Therapy With Simultaneous Integrated Boost in High-Risk Prostate Cancer.","PURPOSE: There is no consensus on how to treat high-risk prostate cancer, and long-term results from hypofractionated radiation therapy are lacking. We report 10-year results after image guided, intensity modulated radiation therapy with hypofractionated simultaneous integrated boost and elective pelvic field. METHODS AND MATERIALS: Between 2007 and 2009, 97 consecutive patients with high-risk prostate cancer were included, treated with 2.7 to 2.0 Gy × 25 Gy to the prostate, seminal vesicles, and elective pelvic field. Toxicity was scored according to Radiation Therapy Oncology Group criteria and biochemical disease-free survival (BFS) defined by the Phoenix definition. Patients were subsequently divided into 3 groups: high risk (HR; n = 32), very high risk (VHR; n = 50), and N+/s-prostate-specific antigen (PSA) ≥100 (n = 15). Differences in outcomes were examined using Kaplan-Meier analyses. RESULTS: BFS in the patients at HR and VHR was 64%, metastasis-free survival 80%, prostate cancer-specific survival 90%, and overall survival (OS) 72%. VHR versus HR subgroups demonstrated significantly different BFS, 54% versus 79% (P = .01). Metastasis-free survival and prostate cancer-specific survival in the VHR group versus HR group were 76% versus 87% (P = .108) and 74% versus 100% (P = .157). Patients reaching nadir PSA <0.1 (n = 80) had significantly better outcomes than the rest (n = 17), with BFS 70% versus 7% (P < .001). Acute grade 2 gastrointestinal tract (GI) and genitourinary tract (GU) toxicity occurred in 27% and 40%, grade 3 GI and GU toxicity in 1% and 3%. Late GI and GU grade 2 toxicity occurred in 1% and 8%. CONCLUSIONS: High-risk prostate cancer patients obtained favorable 10-year outcomes with low toxicity. There were significantly better results in the HR versus the VHR group, both better than the N+/PSA ≥100 group. A nadir PSA value < 0.1 predicted good prognosis.",high,biochemical disease-free survival,10-year,64%,ADT + Hypofx EBRT,high-risk
32529133,"Ten-Year Results From a Phase II Study on Image Guided, Intensity Modulated Radiation Therapy With Simultaneous Integrated Boost in High-Risk Prostate Cancer.","PURPOSE: There is no consensus on how to treat high-risk prostate cancer, and long-term results from hypofractionated radiation therapy are lacking. We report 10-year results after image guided, intensity modulated radiation therapy with hypofractionated simultaneous integrated boost and elective pelvic field. METHODS AND MATERIALS: Between 2007 and 2009, 97 consecutive patients with high-risk prostate cancer were included, treated with 2.7 to 2.0 Gy × 25 Gy to the prostate, seminal vesicles, and elective pelvic field. Toxicity was scored according to Radiation Therapy Oncology Group criteria and biochemical disease-free survival (BFS) defined by the Phoenix definition. Patients were subsequently divided into 3 groups: high risk (HR; n = 32), very high risk (VHR; n = 50), and N+/s-prostate-specific antigen (PSA) ≥100 (n = 15). Differences in outcomes were examined using Kaplan-Meier analyses. RESULTS: BFS in the patients at HR and VHR was 64%, metastasis-free survival 80%, prostate cancer-specific survival 90%, and overall survival (OS) 72%. VHR versus HR subgroups demonstrated significantly different BFS, 54% versus 79% (P = .01). Metastasis-free survival and prostate cancer-specific survival in the VHR group versus HR group were 76% versus 87% (P = .108) and 74% versus 100% (P = .157). Patients reaching nadir PSA <0.1 (n = 80) had significantly better outcomes than the rest (n = 17), with BFS 70% versus 7% (P < .001). Acute grade 2 gastrointestinal tract (GI) and genitourinary tract (GU) toxicity occurred in 27% and 40%, grade 3 GI and GU toxicity in 1% and 3%. Late GI and GU grade 2 toxicity occurred in 1% and 8%. CONCLUSIONS: High-risk prostate cancer patients obtained favorable 10-year outcomes with low toxicity. There were significantly better results in the HR versus the VHR group, both better than the N+/PSA ≥100 group. A nadir PSA value < 0.1 predicted good prognosis.",high,overall survival,10-year,72%,ADT + Hypofx EBRT,high-risk
32529133,"Ten-Year Results From a Phase II Study on Image Guided, Intensity Modulated Radiation Therapy With Simultaneous Integrated Boost in High-Risk Prostate Cancer.","PURPOSE: There is no consensus on how to treat high-risk prostate cancer, and long-term results from hypofractionated radiation therapy are lacking. We report 10-year results after image guided, intensity modulated radiation therapy with hypofractionated simultaneous integrated boost and elective pelvic field. METHODS AND MATERIALS: Between 2007 and 2009, 97 consecutive patients with high-risk prostate cancer were included, treated with 2.7 to 2.0 Gy × 25 Gy to the prostate, seminal vesicles, and elective pelvic field. Toxicity was scored according to Radiation Therapy Oncology Group criteria and biochemical disease-free survival (BFS) defined by the Phoenix definition. Patients were subsequently divided into 3 groups: high risk (HR; n = 32), very high risk (VHR; n = 50), and N+/s-prostate-specific antigen (PSA) ≥100 (n = 15). Differences in outcomes were examined using Kaplan-Meier analyses. RESULTS: BFS in the patients at HR and VHR was 64%, metastasis-free survival 80%, prostate cancer-specific survival 90%, and overall survival (OS) 72%. VHR versus HR subgroups demonstrated significantly different BFS, 54% versus 79% (P = .01). Metastasis-free survival and prostate cancer-specific survival in the VHR group versus HR group were 76% versus 87% (P = .108) and 74% versus 100% (P = .157). Patients reaching nadir PSA <0.1 (n = 80) had significantly better outcomes than the rest (n = 17), with BFS 70% versus 7% (P < .001). Acute grade 2 gastrointestinal tract (GI) and genitourinary tract (GU) toxicity occurred in 27% and 40%, grade 3 GI and GU toxicity in 1% and 3%. Late GI and GU grade 2 toxicity occurred in 1% and 8%. CONCLUSIONS: High-risk prostate cancer patients obtained favorable 10-year outcomes with low toxicity. There were significantly better results in the HR versus the VHR group, both better than the N+/PSA ≥100 group. A nadir PSA value < 0.1 predicted good prognosis.",high,prostate cancer-specific survival,10-year,74%,ADT + Hypofx EBRT,very high-risk
32529133,"Ten-Year Results From a Phase II Study on Image Guided, Intensity Modulated Radiation Therapy With Simultaneous Integrated Boost in High-Risk Prostate Cancer.","PURPOSE: There is no consensus on how to treat high-risk prostate cancer, and long-term results from hypofractionated radiation therapy are lacking. We report 10-year results after image guided, intensity modulated radiation therapy with hypofractionated simultaneous integrated boost and elective pelvic field. METHODS AND MATERIALS: Between 2007 and 2009, 97 consecutive patients with high-risk prostate cancer were included, treated with 2.7 to 2.0 Gy × 25 Gy to the prostate, seminal vesicles, and elective pelvic field. Toxicity was scored according to Radiation Therapy Oncology Group criteria and biochemical disease-free survival (BFS) defined by the Phoenix definition. Patients were subsequently divided into 3 groups: high risk (HR; n = 32), very high risk (VHR; n = 50), and N+/s-prostate-specific antigen (PSA) ≥100 (n = 15). Differences in outcomes were examined using Kaplan-Meier analyses. RESULTS: BFS in the patients at HR and VHR was 64%, metastasis-free survival 80%, prostate cancer-specific survival 90%, and overall survival (OS) 72%. VHR versus HR subgroups demonstrated significantly different BFS, 54% versus 79% (P = .01). Metastasis-free survival and prostate cancer-specific survival in the VHR group versus HR group were 76% versus 87% (P = .108) and 74% versus 100% (P = .157). Patients reaching nadir PSA <0.1 (n = 80) had significantly better outcomes than the rest (n = 17), with BFS 70% versus 7% (P < .001). Acute grade 2 gastrointestinal tract (GI) and genitourinary tract (GU) toxicity occurred in 27% and 40%, grade 3 GI and GU toxicity in 1% and 3%. Late GI and GU grade 2 toxicity occurred in 1% and 8%. CONCLUSIONS: High-risk prostate cancer patients obtained favorable 10-year outcomes with low toxicity. There were significantly better results in the HR versus the VHR group, both better than the N+/PSA ≥100 group. A nadir PSA value < 0.1 predicted good prognosis.",high,metastasis-free survival,10-year,76%,ADT + Hypofx EBRT,very high-risk
32529133,"Ten-Year Results From a Phase II Study on Image Guided, Intensity Modulated Radiation Therapy With Simultaneous Integrated Boost in High-Risk Prostate Cancer.","PURPOSE: There is no consensus on how to treat high-risk prostate cancer, and long-term results from hypofractionated radiation therapy are lacking. We report 10-year results after image guided, intensity modulated radiation therapy with hypofractionated simultaneous integrated boost and elective pelvic field. METHODS AND MATERIALS: Between 2007 and 2009, 97 consecutive patients with high-risk prostate cancer were included, treated with 2.7 to 2.0 Gy × 25 Gy to the prostate, seminal vesicles, and elective pelvic field. Toxicity was scored according to Radiation Therapy Oncology Group criteria and biochemical disease-free survival (BFS) defined by the Phoenix definition. Patients were subsequently divided into 3 groups: high risk (HR; n = 32), very high risk (VHR; n = 50), and N+/s-prostate-specific antigen (PSA) ≥100 (n = 15). Differences in outcomes were examined using Kaplan-Meier analyses. RESULTS: BFS in the patients at HR and VHR was 64%, metastasis-free survival 80%, prostate cancer-specific survival 90%, and overall survival (OS) 72%. VHR versus HR subgroups demonstrated significantly different BFS, 54% versus 79% (P = .01). Metastasis-free survival and prostate cancer-specific survival in the VHR group versus HR group were 76% versus 87% (P = .108) and 74% versus 100% (P = .157). Patients reaching nadir PSA <0.1 (n = 80) had significantly better outcomes than the rest (n = 17), with BFS 70% versus 7% (P < .001). Acute grade 2 gastrointestinal tract (GI) and genitourinary tract (GU) toxicity occurred in 27% and 40%, grade 3 GI and GU toxicity in 1% and 3%. Late GI and GU grade 2 toxicity occurred in 1% and 8%. CONCLUSIONS: High-risk prostate cancer patients obtained favorable 10-year outcomes with low toxicity. There were significantly better results in the HR versus the VHR group, both better than the N+/PSA ≥100 group. A nadir PSA value < 0.1 predicted good prognosis.",high,biochemical disease-free survival,10-year,79%,ADT + Hypofx EBRT,high-risk
32529133,"Ten-Year Results From a Phase II Study on Image Guided, Intensity Modulated Radiation Therapy With Simultaneous Integrated Boost in High-Risk Prostate Cancer.","PURPOSE: There is no consensus on how to treat high-risk prostate cancer, and long-term results from hypofractionated radiation therapy are lacking. We report 10-year results after image guided, intensity modulated radiation therapy with hypofractionated simultaneous integrated boost and elective pelvic field. METHODS AND MATERIALS: Between 2007 and 2009, 97 consecutive patients with high-risk prostate cancer were included, treated with 2.7 to 2.0 Gy × 25 Gy to the prostate, seminal vesicles, and elective pelvic field. Toxicity was scored according to Radiation Therapy Oncology Group criteria and biochemical disease-free survival (BFS) defined by the Phoenix definition. Patients were subsequently divided into 3 groups: high risk (HR; n = 32), very high risk (VHR; n = 50), and N+/s-prostate-specific antigen (PSA) ≥100 (n = 15). Differences in outcomes were examined using Kaplan-Meier analyses. RESULTS: BFS in the patients at HR and VHR was 64%, metastasis-free survival 80%, prostate cancer-specific survival 90%, and overall survival (OS) 72%. VHR versus HR subgroups demonstrated significantly different BFS, 54% versus 79% (P = .01). Metastasis-free survival and prostate cancer-specific survival in the VHR group versus HR group were 76% versus 87% (P = .108) and 74% versus 100% (P = .157). Patients reaching nadir PSA <0.1 (n = 80) had significantly better outcomes than the rest (n = 17), with BFS 70% versus 7% (P < .001). Acute grade 2 gastrointestinal tract (GI) and genitourinary tract (GU) toxicity occurred in 27% and 40%, grade 3 GI and GU toxicity in 1% and 3%. Late GI and GU grade 2 toxicity occurred in 1% and 8%. CONCLUSIONS: High-risk prostate cancer patients obtained favorable 10-year outcomes with low toxicity. There were significantly better results in the HR versus the VHR group, both better than the N+/PSA ≥100 group. A nadir PSA value < 0.1 predicted good prognosis.",high,metastasis-free survival,10-year,80%,ADT + Hypofx EBRT,high-risk
32529133,"Ten-Year Results From a Phase II Study on Image Guided, Intensity Modulated Radiation Therapy With Simultaneous Integrated Boost in High-Risk Prostate Cancer.","PURPOSE: There is no consensus on how to treat high-risk prostate cancer, and long-term results from hypofractionated radiation therapy are lacking. We report 10-year results after image guided, intensity modulated radiation therapy with hypofractionated simultaneous integrated boost and elective pelvic field. METHODS AND MATERIALS: Between 2007 and 2009, 97 consecutive patients with high-risk prostate cancer were included, treated with 2.7 to 2.0 Gy × 25 Gy to the prostate, seminal vesicles, and elective pelvic field. Toxicity was scored according to Radiation Therapy Oncology Group criteria and biochemical disease-free survival (BFS) defined by the Phoenix definition. Patients were subsequently divided into 3 groups: high risk (HR; n = 32), very high risk (VHR; n = 50), and N+/s-prostate-specific antigen (PSA) ≥100 (n = 15). Differences in outcomes were examined using Kaplan-Meier analyses. RESULTS: BFS in the patients at HR and VHR was 64%, metastasis-free survival 80%, prostate cancer-specific survival 90%, and overall survival (OS) 72%. VHR versus HR subgroups demonstrated significantly different BFS, 54% versus 79% (P = .01). Metastasis-free survival and prostate cancer-specific survival in the VHR group versus HR group were 76% versus 87% (P = .108) and 74% versus 100% (P = .157). Patients reaching nadir PSA <0.1 (n = 80) had significantly better outcomes than the rest (n = 17), with BFS 70% versus 7% (P < .001). Acute grade 2 gastrointestinal tract (GI) and genitourinary tract (GU) toxicity occurred in 27% and 40%, grade 3 GI and GU toxicity in 1% and 3%. Late GI and GU grade 2 toxicity occurred in 1% and 8%. CONCLUSIONS: High-risk prostate cancer patients obtained favorable 10-year outcomes with low toxicity. There were significantly better results in the HR versus the VHR group, both better than the N+/PSA ≥100 group. A nadir PSA value < 0.1 predicted good prognosis.",high,metastasis-free survival,10-year,87%,ADT + Hypofx EBRT,high-risk
32529133,"Ten-Year Results From a Phase II Study on Image Guided, Intensity Modulated Radiation Therapy With Simultaneous Integrated Boost in High-Risk Prostate Cancer.","PURPOSE: There is no consensus on how to treat high-risk prostate cancer, and long-term results from hypofractionated radiation therapy are lacking. We report 10-year results after image guided, intensity modulated radiation therapy with hypofractionated simultaneous integrated boost and elective pelvic field. METHODS AND MATERIALS: Between 2007 and 2009, 97 consecutive patients with high-risk prostate cancer were included, treated with 2.7 to 2.0 Gy × 25 Gy to the prostate, seminal vesicles, and elective pelvic field. Toxicity was scored according to Radiation Therapy Oncology Group criteria and biochemical disease-free survival (BFS) defined by the Phoenix definition. Patients were subsequently divided into 3 groups: high risk (HR; n = 32), very high risk (VHR; n = 50), and N+/s-prostate-specific antigen (PSA) ≥100 (n = 15). Differences in outcomes were examined using Kaplan-Meier analyses. RESULTS: BFS in the patients at HR and VHR was 64%, metastasis-free survival 80%, prostate cancer-specific survival 90%, and overall survival (OS) 72%. VHR versus HR subgroups demonstrated significantly different BFS, 54% versus 79% (P = .01). Metastasis-free survival and prostate cancer-specific survival in the VHR group versus HR group were 76% versus 87% (P = .108) and 74% versus 100% (P = .157). Patients reaching nadir PSA <0.1 (n = 80) had significantly better outcomes than the rest (n = 17), with BFS 70% versus 7% (P < .001). Acute grade 2 gastrointestinal tract (GI) and genitourinary tract (GU) toxicity occurred in 27% and 40%, grade 3 GI and GU toxicity in 1% and 3%. Late GI and GU grade 2 toxicity occurred in 1% and 8%. CONCLUSIONS: High-risk prostate cancer patients obtained favorable 10-year outcomes with low toxicity. There were significantly better results in the HR versus the VHR group, both better than the N+/PSA ≥100 group. A nadir PSA value < 0.1 predicted good prognosis.",high,prostate cancer-specific survival,10-year,90%,ADT + Hypofx EBRT,high-risk
32529133,"Ten-Year Results From a Phase II Study on Image Guided, Intensity Modulated Radiation Therapy With Simultaneous Integrated Boost in High-Risk Prostate Cancer.","PURPOSE: There is no consensus on how to treat high-risk prostate cancer, and long-term results from hypofractionated radiation therapy are lacking. We report 10-year results after image guided, intensity modulated radiation therapy with hypofractionated simultaneous integrated boost and elective pelvic field. METHODS AND MATERIALS: Between 2007 and 2009, 97 consecutive patients with high-risk prostate cancer were included, treated with 2.7 to 2.0 Gy × 25 Gy to the prostate, seminal vesicles, and elective pelvic field. Toxicity was scored according to Radiation Therapy Oncology Group criteria and biochemical disease-free survival (BFS) defined by the Phoenix definition. Patients were subsequently divided into 3 groups: high risk (HR; n = 32), very high risk (VHR; n = 50), and N+/s-prostate-specific antigen (PSA) ≥100 (n = 15). Differences in outcomes were examined using Kaplan-Meier analyses. RESULTS: BFS in the patients at HR and VHR was 64%, metastasis-free survival 80%, prostate cancer-specific survival 90%, and overall survival (OS) 72%. VHR versus HR subgroups demonstrated significantly different BFS, 54% versus 79% (P = .01). Metastasis-free survival and prostate cancer-specific survival in the VHR group versus HR group were 76% versus 87% (P = .108) and 74% versus 100% (P = .157). Patients reaching nadir PSA <0.1 (n = 80) had significantly better outcomes than the rest (n = 17), with BFS 70% versus 7% (P < .001). Acute grade 2 gastrointestinal tract (GI) and genitourinary tract (GU) toxicity occurred in 27% and 40%, grade 3 GI and GU toxicity in 1% and 3%. Late GI and GU grade 2 toxicity occurred in 1% and 8%. CONCLUSIONS: High-risk prostate cancer patients obtained favorable 10-year outcomes with low toxicity. There were significantly better results in the HR versus the VHR group, both better than the N+/PSA ≥100 group. A nadir PSA value < 0.1 predicted good prognosis.",high,prostate cancer-specific survival,10-year,100%,ADT + Hypofx EBRT,high-risk
30389241,Ten-year survival after High-Dose-Rate Brachytherapy combined with External Beam Radiation Therapy in high-risk prostate cancer: A comparison with the Norwegian SPCG-7 cohort.,"BACKGROUND: The survival benefit of dose-escalation with High-Dose-Rate brachytherapy (HDR-BT) boost combined with External Beam Radiotherapy (EBRT) for the treatment of high-risk prostate cancer (PCa) remains debatable. We investigated 10-year PCa-specific mortality (PCSM) and overall mortality (OM) in high-risk patients treated with HDR-BT/EBRT (calculated EQD2 = 102 Gy) compared to EBRT alone (70 Gy). METHODS: HDR-BT boosts (10 Gy × 2) were given 2 weeks apart followed by 50 Gy conformal EBRT (2 Gy × 25) to the prostate and seminal vesicles. The HDR-BT/EBRT group (N:325) received Androgen Deprivation Therapy for a median duration of 2 years. The historical control group (N:296), received a median dose of 70 Gy (2 Gy × 35) to the prostate and seminal vesicles with lifelong Anti-Androgen Treatment. For each treatment group PCSM and OM were established by competing-risk analyses and Kaplan-Meier analyses respectively. Differences were evaluated by the logrank test. Independent associations were established by Cox regression analyses. Significance level set to p < 0.05. RESULTS: Median follow-up was 104 and 120 months for the HDR-BT/EBRT and the EBRT group respectively. A 3.6-fold decreased risk of PCSM (p < 0.01) and a 1.6-fold decreased risk of OM (p = 0.02) in the HDR-BT/EBRT cohort compared to the EBRT-only group were revealed. Ten-year OM and PCSM rates were 16% and 2.5% in the HDR-BT/EBRT group versus 23% and 8.2% in the EBRT-only group respectively. Both treatment modality (HR = 3.59, 95%CI 1.50-8.59) and Gleason score (HR = 2.48, 95%CI 1.18-5.21) were associated with PCSM. Only treatment modality (HR = 1.63, 95%CI = 1.08-2.44) was significantly associated with OM. CONCLUSIONS: Men with high-risk PCa have a significantly reduced PCSM and OM rates when treated with dose-escalated radiotherapy achieved by HDR-BT/EBRT compared to EBRT alone (70 Gy). A Gleason score of 8-10 was independently associated with increased risk of PCSM. Randomized studies are warranted. SUMMARY: Observational study of 10-year survival in high-risk Prostate Cancer (PCa) after High-Dose-Rate brachytherapy combined with External Beam Radiation Therapy (HDR-BT/EBRT) compared to EBRT alone. The combined HDR-BT/EBRT treatment was found to give a 3.6-fold decrease in Prostate Cancer Specific Mortality (PCSM) and a 1.6-fold decrease in Overall Mortality (OM). Gleason score and type of treatment strongly influenced PCSM whereas only treatment modality was associated with OM. The observed benefits of dose-escalation warrant future randomized trials.",high,overall survival,10-year,23%,ADT + Std EBRT,high-risk
31704459,Ten-Year Treatment Outcomes of Radical Prostatectomy Vs External Beam Radiation Therapy Vs Brachytherapy for 1503 Patients With Intermediate-risk Prostate Cancer.,"OBJECTIVE: To compare 10-year oncologic treatment outcomes of radical prostatectomy (RP) vs external beam radiation therapy (EBRT) vs brachytherapy (BT) for patients with intermediate-risk prostate cancer (IRPC). METHODS: A retrospective analysis using propensity score matching was performed on 1503 IRPC patients who underwent treatment from 2004 to 2007. Eight hundred and nineteen underwent RP, 574 underwent EBRT to a median dose of 75.3 Gray, and 110 underwent BT using Iodine-125. Biochemical failure was defined by the American Urological Association definition of failure for RP, and the Phoenix definition for EBRT and BT. RESULTS: Median follow-up was 10.0 years for RP, 9.6 for EBRT, and 9.8 for BT. Neoadjuvant androgen deprivation therapy was given in 0.6% of RP, 58.9% of EBRT, and 12.7% of BT patients, P <.0001. Only 14% of BT received supplemental external radiation. The adjusted 10-year freedom from biochemical failure was 80.2% for BT vs 57.1% for RP vs 57.0% for EBRT, P = .0003. Subset analysis of unfavorable IRPC also showed improved freedom from biochemical failure with BT, P <.0001. There were no significant differences in metastases-free survival or prostate cancer-specific survival after adjusting for age and Charlson comorbidity index. CONCLUSION: BT using Iodine-125, used alone or in combination with supplemental external radiation, is a reasonable treatment option for IRPC patients, yielding equivalent rates of metastases-free survival and prostate cancer-specific survival.",intermediate,biochemical recurrence-free survival,10-year,57.00%,Radiotherapy,intermediate-risk
31704459,Ten-Year Treatment Outcomes of Radical Prostatectomy Vs External Beam Radiation Therapy Vs Brachytherapy for 1503 Patients With Intermediate-risk Prostate Cancer.,"OBJECTIVE: To compare 10-year oncologic treatment outcomes of radical prostatectomy (RP) vs external beam radiation therapy (EBRT) vs brachytherapy (BT) for patients with intermediate-risk prostate cancer (IRPC). METHODS: A retrospective analysis using propensity score matching was performed on 1503 IRPC patients who underwent treatment from 2004 to 2007. Eight hundred and nineteen underwent RP, 574 underwent EBRT to a median dose of 75.3 Gray, and 110 underwent BT using Iodine-125. Biochemical failure was defined by the American Urological Association definition of failure for RP, and the Phoenix definition for EBRT and BT. RESULTS: Median follow-up was 10.0 years for RP, 9.6 for EBRT, and 9.8 for BT. Neoadjuvant androgen deprivation therapy was given in 0.6% of RP, 58.9% of EBRT, and 12.7% of BT patients, P <.0001. Only 14% of BT received supplemental external radiation. The adjusted 10-year freedom from biochemical failure was 80.2% for BT vs 57.1% for RP vs 57.0% for EBRT, P = .0003. Subset analysis of unfavorable IRPC also showed improved freedom from biochemical failure with BT, P <.0001. There were no significant differences in metastases-free survival or prostate cancer-specific survival after adjusting for age and Charlson comorbidity index. CONCLUSION: BT using Iodine-125, used alone or in combination with supplemental external radiation, is a reasonable treatment option for IRPC patients, yielding equivalent rates of metastases-free survival and prostate cancer-specific survival.",intermediate,biochemical recurrence-free survival,10-year,57.10%,Radical Prostatectomy,intermediate-risk
31704459,Ten-Year Treatment Outcomes of Radical Prostatectomy Vs External Beam Radiation Therapy Vs Brachytherapy for 1503 Patients With Intermediate-risk Prostate Cancer.,"OBJECTIVE: To compare 10-year oncologic treatment outcomes of radical prostatectomy (RP) vs external beam radiation therapy (EBRT) vs brachytherapy (BT) for patients with intermediate-risk prostate cancer (IRPC). METHODS: A retrospective analysis using propensity score matching was performed on 1503 IRPC patients who underwent treatment from 2004 to 2007. Eight hundred and nineteen underwent RP, 574 underwent EBRT to a median dose of 75.3 Gray, and 110 underwent BT using Iodine-125. Biochemical failure was defined by the American Urological Association definition of failure for RP, and the Phoenix definition for EBRT and BT. RESULTS: Median follow-up was 10.0 years for RP, 9.6 for EBRT, and 9.8 for BT. Neoadjuvant androgen deprivation therapy was given in 0.6% of RP, 58.9% of EBRT, and 12.7% of BT patients, P <.0001. Only 14% of BT received supplemental external radiation. The adjusted 10-year freedom from biochemical failure was 80.2% for BT vs 57.1% for RP vs 57.0% for EBRT, P = .0003. Subset analysis of unfavorable IRPC also showed improved freedom from biochemical failure with BT, P <.0001. There were no significant differences in metastases-free survival or prostate cancer-specific survival after adjusting for age and Charlson comorbidity index. CONCLUSION: BT using Iodine-125, used alone or in combination with supplemental external radiation, is a reasonable treatment option for IRPC patients, yielding equivalent rates of metastases-free survival and prostate cancer-specific survival.",intermediate,biochemical recurrence-free survival,10-year,80.20%,Brachytherapy,intermediate-risk
31444133,The association of intraprostatic calcifications and dosimetry parameters with biochemical control after permanent prostate implant.,"PURPOSE: The objective of this study was to evaluate the impact of intraprostatic calcifications (IC) on long-term tumor control in patients treated with permanent implant prostate brachytherapy (PIPB). MATERIALS AND METHODS: Data from 609 I-125 patients treated with PIPB were retrospectively reviewed. The presence of IC was determined by reviewing postimplant CT images. Doses delivered were determined using the Monte Carlo (model-based) calculations and the TG43 approach. Biochemical relapses at 7 and 10 years were determined according to Phoenix definition. Long-term biochemical relapse-free survival (bRFS) was determined using Kaplan-Meier estimates with log rank test. Cox proportional hazard models were used for analysis of predictor factors of biochemical recurrence. RESULTS: IC were observed for 11.1% of patients. Clinical stage, PSA, Gleason score, D'Amico risk group, and ADT use were comparable between IC and no IC groups. The 7- and 10-year bRFS for the entire cohort were 94.1% and 90.6%, respectively. The bRFS at 7 years was 90.5% (with IC) vs. 94.5% (without IC) (p = 0.198); the corresponding values at 10 years were 78.8% vs. 91.8% (p = 0.046). On Cox model, only prostatic calcifications were a significant risk factor for biochemical relapse (HR: 2.30, IC 95%: 1.05-5.00, p = 0.037; and HR: 3.94; IC 95%: 1.00-15.38; p = 0.049 for univariate and multivariate analysis, respectively). CONCLUSION: The presence of IC in patients treated with PIPB decreases V100 and D90 for postimplant Monte Carlo dosimetry (compared with TG43); correspondingly, IC are associated with a lower 10-y bRFS. Model-based dose calculations are critical to evaluate potential cold spots due to calcifications.",high,biochemical relapse-free survival,10-year,78.80%,Brachytherapy,high-risk
31444133,The association of intraprostatic calcifications and dosimetry parameters with biochemical control after permanent prostate implant.,"PURPOSE: The objective of this study was to evaluate the impact of intraprostatic calcifications (IC) on long-term tumor control in patients treated with permanent implant prostate brachytherapy (PIPB). MATERIALS AND METHODS: Data from 609 I-125 patients treated with PIPB were retrospectively reviewed. The presence of IC was determined by reviewing postimplant CT images. Doses delivered were determined using the Monte Carlo (model-based) calculations and the TG43 approach. Biochemical relapses at 7 and 10 years were determined according to Phoenix definition. Long-term biochemical relapse-free survival (bRFS) was determined using Kaplan-Meier estimates with log rank test. Cox proportional hazard models were used for analysis of predictor factors of biochemical recurrence. RESULTS: IC were observed for 11.1% of patients. Clinical stage, PSA, Gleason score, D'Amico risk group, and ADT use were comparable between IC and no IC groups. The 7- and 10-year bRFS for the entire cohort were 94.1% and 90.6%, respectively. The bRFS at 7 years was 90.5% (with IC) vs. 94.5% (without IC) (p = 0.198); the corresponding values at 10 years were 78.8% vs. 91.8% (p = 0.046). On Cox model, only prostatic calcifications were a significant risk factor for biochemical relapse (HR: 2.30, IC 95%: 1.05-5.00, p = 0.037; and HR: 3.94; IC 95%: 1.00-15.38; p = 0.049 for univariate and multivariate analysis, respectively). CONCLUSION: The presence of IC in patients treated with PIPB decreases V100 and D90 for postimplant Monte Carlo dosimetry (compared with TG43); correspondingly, IC are associated with a lower 10-y bRFS. Model-based dose calculations are critical to evaluate potential cold spots due to calcifications.",low,biochemical relapse-free survival,10-year,91.80%,Brachytherapy,low-risk
31444133,The association of intraprostatic calcifications and dosimetry parameters with biochemical control after permanent prostate implant.,"PURPOSE: The objective of this study was to evaluate the impact of intraprostatic calcifications (IC) on long-term tumor control in patients treated with permanent implant prostate brachytherapy (PIPB). MATERIALS AND METHODS: Data from 609 I-125 patients treated with PIPB were retrospectively reviewed. The presence of IC was determined by reviewing postimplant CT images. Doses delivered were determined using the Monte Carlo (model-based) calculations and the TG43 approach. Biochemical relapses at 7 and 10 years were determined according to Phoenix definition. Long-term biochemical relapse-free survival (bRFS) was determined using Kaplan-Meier estimates with log rank test. Cox proportional hazard models were used for analysis of predictor factors of biochemical recurrence. RESULTS: IC were observed for 11.1% of patients. Clinical stage, PSA, Gleason score, D'Amico risk group, and ADT use were comparable between IC and no IC groups. The 7- and 10-year bRFS for the entire cohort were 94.1% and 90.6%, respectively. The bRFS at 7 years was 90.5% (with IC) vs. 94.5% (without IC) (p = 0.198); the corresponding values at 10 years were 78.8% vs. 91.8% (p = 0.046). On Cox model, only prostatic calcifications were a significant risk factor for biochemical relapse (HR: 2.30, IC 95%: 1.05-5.00, p = 0.037; and HR: 3.94; IC 95%: 1.00-15.38; p = 0.049 for univariate and multivariate analysis, respectively). CONCLUSION: The presence of IC in patients treated with PIPB decreases V100 and D90 for postimplant Monte Carlo dosimetry (compared with TG43); correspondingly, IC are associated with a lower 10-y bRFS. Model-based dose calculations are critical to evaluate potential cold spots due to calcifications.",high,biochemical relapse-free survival,7-year,90.50%,Brachytherapy,high-risk
31444133,The association of intraprostatic calcifications and dosimetry parameters with biochemical control after permanent prostate implant.,"PURPOSE: The objective of this study was to evaluate the impact of intraprostatic calcifications (IC) on long-term tumor control in patients treated with permanent implant prostate brachytherapy (PIPB). MATERIALS AND METHODS: Data from 609 I-125 patients treated with PIPB were retrospectively reviewed. The presence of IC was determined by reviewing postimplant CT images. Doses delivered were determined using the Monte Carlo (model-based) calculations and the TG43 approach. Biochemical relapses at 7 and 10 years were determined according to Phoenix definition. Long-term biochemical relapse-free survival (bRFS) was determined using Kaplan-Meier estimates with log rank test. Cox proportional hazard models were used for analysis of predictor factors of biochemical recurrence. RESULTS: IC were observed for 11.1% of patients. Clinical stage, PSA, Gleason score, D'Amico risk group, and ADT use were comparable between IC and no IC groups. The 7- and 10-year bRFS for the entire cohort were 94.1% and 90.6%, respectively. The bRFS at 7 years was 90.5% (with IC) vs. 94.5% (without IC) (p = 0.198); the corresponding values at 10 years were 78.8% vs. 91.8% (p = 0.046). On Cox model, only prostatic calcifications were a significant risk factor for biochemical relapse (HR: 2.30, IC 95%: 1.05-5.00, p = 0.037; and HR: 3.94; IC 95%: 1.00-15.38; p = 0.049 for univariate and multivariate analysis, respectively). CONCLUSION: The presence of IC in patients treated with PIPB decreases V100 and D90 for postimplant Monte Carlo dosimetry (compared with TG43); correspondingly, IC are associated with a lower 10-y bRFS. Model-based dose calculations are critical to evaluate potential cold spots due to calcifications.",low,biochemical relapse-free survival,7-year,94.50%,Brachytherapy,low-risk
31087170,Time to biochemical relapse after radical prostatectomy and efficacy of salvage radiotherapy in patients with prostate cancer.,"BACKGROUND: To investigate the prognostic and therapeutic implications of time to biochemical relapse (BCR) in patients with prostate cancer after radical prostatectomy. METHODS: The records of 3210 consecutive men with prostate cancer who underwent radical prostatectomy between January 1998 and June 2013 were retrospectively reviewed. Patients with BCR were divided into three groups based on quartiles of time to BCR, namely an early group (first quartile), an intermediate group (second and third quartiles) and late group (fourth quartile). RESULTS: 817 (25.5%) patients experienced BCR at a median of 24.9 months after surgery. The 8-year rate of distant metastasis-free survival (64.3% vs. 41.3%, p = 0.002) and cancer-specific survival (86.6% vs. 63.4%, p < 0.001) was higher in the salvage radiotherapy (SRT) group than the androgen deprivation therapy (ADT) group in patients with early BCR, whereas those rates (91.3% vs. 87.9%, p = 0.607 and 100.0% vs. 93.1%, p = 0.144, respectively) were similar in patients with late BCR. In the intermediate BCR group, the impact of SRT over ADT on 8-year cancer-specific survival was modest (91.9% vs. 82.3%, p = 0.057) and was limited to patients with pT2 or pT3a disease. CONCLUSIONS: SRT may decrease the risk of distant metastasis and cancer-specific mortality in patients with early BCR. However, a survival benefit for those with late BCR was not apparent. For patients with intermediate BCR, SRT was associated with a cancer-specific survival benefit in patients with pT2 or pT3a disease. Novel genomic tests and imaging modalities may support clinical decision-making in these patients.",intermediate,cancer-specific survival,8-year,82.30%,other,intermediate BCR
30409676,Which Patients with Clinically Node-positive Prostate Cancer Should Be Considered for Radical Prostatectomy as Part of Multimodal Treatment? The Impact of Nodal Burden on Long-term Outcomes.,"BACKGROUND: A role for local therapies including radical prostatectomy (RP) in prostate cancer (PCa) patients with clinical lymphadenopathies has been proposed. However, no data are available to identify men who would benefit from RP in this setting. OBJECTIVE: To identify predictors of clinical recurrence (CR) in surgically managed PCa patients with clinical lymphadenopathies. DESIGN, SETTING, AND PARTICIPANTS: We identified 162 patients with lymphadenopathies treated with RP and lymph node dissection at three referral centers. OUTCOME MEASURES AND STATISTICAL ANALYSES: CR was defined as the onset of metastases detected by conventional imaging. Kaplan-Maier analyses assessed time to CR after stratifying patients according to the site of lymphadenopathies and nodal burden. Regression tree analysis stratified patients into risk groups on the basis of their preoperative characteristics. RESULTS AND LIMITATIONS: Overall, 80% of patients had lymphadenopathies in the pelvis alone and 20% in the retroperitoneum±pelvis. The median size of positive nodes was 13mm. A total of 84 patients (52%) received neoadjuvant androgen deprivation therapy and 127 (78%) had pathological lymph node invasion. The median follow-up for survivors was 64 mo. The 8-yr CR-free and CSM-free survival rates were 59% and 80%, respectively. Biopsy grade group and preoperative nodal burden should identify patients more likely to experience CR. While <10% of men with biopsy grade group 1-3 and two or fewer clinical lymphadenopathies developed CR, up to 60% of patients with biopsy grade group 4-5 and retroperitoneal node involvement ultimately experienced CR at 8 yr after RP. The discrimination of the regression tree was 76% according to the area under the receiver operating characteristic curve. Our study is limited by potential unmeasured confounders and the relatively small sample size. CONCLUSIONS: Surgery in a multimodal setting might play a role in PCa patients with biopsy grade group 1-3 and/or enlarged nodes in the pelvis. Conversely, grade group 4-5 PCa and lymphadenopathies in the retroperitoneum are associated with worse oncologic outcomes. PATIENT SUMMARY: Approximately half of prostate cancer patients with clinical lymphadenopathies treated with radical prostatectomy are free from metastases at 8-yr follow-up. Radical prostatectomy with or without systemic therapies might play a role in selected patients with biopsy grade group 1-3 disease and/or enlarged nodes in the pelvis. Conversely, a higher grade group and the presence of lymphadenopathies in the retroperitoneum should identify candidates for systemic therapies upfront.",high,clinical recurrence,8-year,60%,Radical Prostatectomy,high-risk
